file_name,phone_interval_id,phone,begin,end,phone_goodness_mfa,word,phone_goodness_prof,accuracy,completeness,fluency,prosodic,total,words,speaker,gender,age,split,id,gop
022440180,1,sil,0.0,0.5400000214576721,-41.71499633789063,<eps>,,9,10.0,8,8,8,"[{'accuracy': 10, 'phones': array(['N', 'AH1', 'TH', 'IH0', 'NG'], dtype=object), 'phones-accuracy': array([2., 2., 2., 2., 2.]), 'stress': 10, 'text': 'NOTHING', 'total': 10, 'mispronunciations': array([], dtype=object)}
 {'accuracy': 10, 'phones': array(['B', 'EH1', 'T', 'AH0'], dtype=object), 'phones-accuracy': array([2., 2., 2., 2.]), 'stress': 10, 'text': 'BETTER', 'total': 10, 'mispronunciations': array([], dtype=object)}
 {'accuracy': 10, 'phones': array(['DH', 'AE0', 'N'], dtype=object), 'phones-accuracy': array([2. , 1.6, 2. ]), 'stress': 10, 'text': 'THAN', 'total': 10, 'mispronunciations': array([], dtype=object)}
 {'accuracy': 10, 'phones': array(['AH0'], dtype=object), 'phones-accuracy': array([2.]), 'stress': 10, 'text': 'A', 'total': 10, 'mispronunciations': array([], dtype=object)}
 {'accuracy': 10, 'phones': array(['D', 'EY0'], dtype=object), 'phones-accuracy': array([2., 2.]), 'stress': 10, 'text': 'DAY', 'total': 10, 'mispronunciations': array([], dtype=object)}
 {'accuracy': 10, 'phones': array(['AE0', 'T'], dtype=object), 'phones-accuracy': array([2., 2.]), 'stress': 10, 'text': 'AT', 'total': 10, 'mispronunciations': array([], dtype=object)}
 {'accuracy': 10, 'phones': array(['DH', 'AH0'], dtype=object), 'phones-accuracy': array([1.8, 2. ]), 'stress': 10, 'text': 'THE', 'total': 10, 'mispronunciations': array([], dtype=object)}
 {'accuracy': 10, 'phones': array(['B', 'IY0', 'CH'], dtype=object), 'phones-accuracy': array([2., 2., 2.]), 'stress': 10, 'text': 'BEACH', 'total': 10, 'mispronunciations': array([], dtype=object)}]",2244,f,20,train,022440180,-41.67351773753763
022440180,2,N,0.5400000214576721,0.6100000143051147,-72.089599609375,nothing,2.0,9,10.0,8,8,8,"[{'accuracy': 10, 'phones': array(['N', 'AH1', 'TH', 'IH0', 'NG'], dtype=object), 'phones-accuracy': array([2., 2., 2., 2., 2.]), 'stress': 10, 'text': 'NOTHING', 'total': 10, 'mispronunciations': array([], dtype=object)}
 {'accuracy': 10, 'phones': array(['B', 'EH1', 'T', 'AH0'], dtype=object), 'phones-accuracy': array([2., 2., 2., 2.]), 'stress': 10, 'text': 'BETTER', 'total': 10, 'mispronunciations': array([], dtype=object)}
 {'accuracy': 10, 'phones': array(['DH', 'AE0', 'N'], dtype=object), 'phones-accuracy': array([2. , 1.6, 2. ]), 'stress': 10, 'text': 'THAN', 'total': 10, 'mispronunciations': array([], dtype=object)}
 {'accuracy': 10, 'phones': array(['AH0'], dtype=object), 'phones-accuracy': array([2.]), 'stress': 10, 'text': 'A', 'total': 10, 'mispronunciations': array([], dtype=object)}
 {'accuracy': 10, 'phones': array(['D', 'EY0'], dtype=object), 'phones-accuracy': array([2., 2.]), 'stress': 10, 'text': 'DAY', 'total': 10, 'mispronunciations': array([], dtype=object)}
 {'accuracy': 10, 'phones': array(['AE0', 'T'], dtype=object), 'phones-accuracy': array([2., 2.]), 'stress': 10, 'text': 'AT', 'total': 10, 'mispronunciations': array([], dtype=object)}
 {'accuracy': 10, 'phones': array(['DH', 'AH0'], dtype=object), 'phones-accuracy': array([1.8, 2. ]), 'stress': 10, 'text': 'THE', 'total': 10, 'mispronunciations': array([], dtype=object)}
 {'accuracy': 10, 'phones': array(['B', 'IY0', 'CH'], dtype=object), 'phones-accuracy': array([2., 2., 2.]), 'stress': 10, 'text': 'BEACH', 'total': 10, 'mispronunciations': array([], dtype=object)}]",2244,f,20,train,022440180,-71.98386730998755
022440180,3,AH1,0.6100000143051147,0.7599999904632568,-51.90696334838867,nothing,2.0,9,10.0,8,8,8,"[{'accuracy': 10, 'phones': array(['N', 'AH1', 'TH', 'IH0', 'NG'], dtype=object), 'phones-accuracy': array([2., 2., 2., 2., 2.]), 'stress': 10, 'text': 'NOTHING', 'total': 10, 'mispronunciations': array([], dtype=object)}
 {'accuracy': 10, 'phones': array(['B', 'EH1', 'T', 'AH0'], dtype=object), 'phones-accuracy': array([2., 2., 2., 2.]), 'stress': 10, 'text': 'BETTER', 'total': 10, 'mispronunciations': array([], dtype=object)}
 {'accuracy': 10, 'phones': array(['DH', 'AE0', 'N'], dtype=object), 'phones-accuracy': array([2. , 1.6, 2. ]), 'stress': 10, 'text': 'THAN', 'total': 10, 'mispronunciations': array([], dtype=object)}
 {'accuracy': 10, 'phones': array(['AH0'], dtype=object), 'phones-accuracy': array([2.]), 'stress': 10, 'text': 'A', 'total': 10, 'mispronunciations': array([], dtype=object)}
 {'accuracy': 10, 'phones': array(['D', 'EY0'], dtype=object), 'phones-accuracy': array([2., 2.]), 'stress': 10, 'text': 'DAY', 'total': 10, 'mispronunciations': array([], dtype=object)}
 {'accuracy': 10, 'phones': array(['AE0', 'T'], dtype=object), 'phones-accuracy': array([2., 2.]), 'stress': 10, 'text': 'AT', 'total': 10, 'mispronunciations': array([], dtype=object)}
 {'accuracy': 10, 'phones': array(['DH', 'AH0'], dtype=object), 'phones-accuracy': array([1.8, 2. ]), 'stress': 10, 'text': 'THE', 'total': 10, 'mispronunciations': array([], dtype=object)}
 {'accuracy': 10, 'phones': array(['B', 'IY0', 'CH'], dtype=object), 'phones-accuracy': array([2., 2., 2.]), 'stress': 10, 'text': 'BEACH', 'total': 10, 'mispronunciations': array([], dtype=object)}]",2244,f,20,train,022440180,-51.391790091991425
022440180,4,TH,0.7599999904632568,0.8299999833106995,-62.79057693481445,nothing,2.0,9,10.0,8,8,8,"[{'accuracy': 10, 'phones': array(['N', 'AH1', 'TH', 'IH0', 'NG'], dtype=object), 'phones-accuracy': array([2., 2., 2., 2., 2.]), 'stress': 10, 'text': 'NOTHING', 'total': 10, 'mispronunciations': array([], dtype=object)}
 {'accuracy': 10, 'phones': array(['B', 'EH1', 'T', 'AH0'], dtype=object), 'phones-accuracy': array([2., 2., 2., 2.]), 'stress': 10, 'text': 'BETTER', 'total': 10, 'mispronunciations': array([], dtype=object)}
 {'accuracy': 10, 'phones': array(['DH', 'AE0', 'N'], dtype=object), 'phones-accuracy': array([2. , 1.6, 2. ]), 'stress': 10, 'text': 'THAN', 'total': 10, 'mispronunciations': array([], dtype=object)}
 {'accuracy': 10, 'phones': array(['AH0'], dtype=object), 'phones-accuracy': array([2.]), 'stress': 10, 'text': 'A', 'total': 10, 'mispronunciations': array([], dtype=object)}
 {'accuracy': 10, 'phones': array(['D', 'EY0'], dtype=object), 'phones-accuracy': array([2., 2.]), 'stress': 10, 'text': 'DAY', 'total': 10, 'mispronunciations': array([], dtype=object)}
 {'accuracy': 10, 'phones': array(['AE0', 'T'], dtype=object), 'phones-accuracy': array([2., 2.]), 'stress': 10, 'text': 'AT', 'total': 10, 'mispronunciations': array([], dtype=object)}
 {'accuracy': 10, 'phones': array(['DH', 'AH0'], dtype=object), 'phones-accuracy': array([1.8, 2. ]), 'stress': 10, 'text': 'THE', 'total': 10, 'mispronunciations': array([], dtype=object)}
 {'accuracy': 10, 'phones': array(['B', 'IY0', 'CH'], dtype=object), 'phones-accuracy': array([2., 2., 2.]), 'stress': 10, 'text': 'BEACH', 'total': 10, 'mispronunciations': array([], dtype=object)}]",2244,f,20,train,022440180,-62.70176884531975
022440180,5,IH0,0.8299999833106995,0.8700000047683716,-56.40516662597656,nothing,2.0,9,10.0,8,8,8,"[{'accuracy': 10, 'phones': array(['N', 'AH1', 'TH', 'IH0', 'NG'], dtype=object), 'phones-accuracy': array([2., 2., 2., 2., 2.]), 'stress': 10, 'text': 'NOTHING', 'total': 10, 'mispronunciations': array([], dtype=object)}
 {'accuracy': 10, 'phones': array(['B', 'EH1', 'T', 'AH0'], dtype=object), 'phones-accuracy': array([2., 2., 2., 2.]), 'stress': 10, 'text': 'BETTER', 'total': 10, 'mispronunciations': array([], dtype=object)}
 {'accuracy': 10, 'phones': array(['DH', 'AE0', 'N'], dtype=object), 'phones-accuracy': array([2. , 1.6, 2. ]), 'stress': 10, 'text': 'THAN', 'total': 10, 'mispronunciations': array([], dtype=object)}
 {'accuracy': 10, 'phones': array(['AH0'], dtype=object), 'phones-accuracy': array([2.]), 'stress': 10, 'text': 'A', 'total': 10, 'mispronunciations': array([], dtype=object)}
 {'accuracy': 10, 'phones': array(['D', 'EY0'], dtype=object), 'phones-accuracy': array([2., 2.]), 'stress': 10, 'text': 'DAY', 'total': 10, 'mispronunciations': array([], dtype=object)}
 {'accuracy': 10, 'phones': array(['AE0', 'T'], dtype=object), 'phones-accuracy': array([2., 2.]), 'stress': 10, 'text': 'AT', 'total': 10, 'mispronunciations': array([], dtype=object)}
 {'accuracy': 10, 'phones': array(['DH', 'AH0'], dtype=object), 'phones-accuracy': array([1.8, 2. ]), 'stress': 10, 'text': 'THE', 'total': 10, 'mispronunciations': array([], dtype=object)}
 {'accuracy': 10, 'phones': array(['B', 'IY0', 'CH'], dtype=object), 'phones-accuracy': array([2., 2., 2.]), 'stress': 10, 'text': 'BEACH', 'total': 10, 'mispronunciations': array([], dtype=object)}]",2244,f,20,train,022440180,-56.235698476433754
022440180,6,NG,0.8700000047683716,1.0099999904632568,-47.90584564208984,nothing,2.0,9,10.0,8,8,8,"[{'accuracy': 10, 'phones': array(['N', 'AH1', 'TH', 'IH0', 'NG'], dtype=object), 'phones-accuracy': array([2., 2., 2., 2., 2.]), 'stress': 10, 'text': 'NOTHING', 'total': 10, 'mispronunciations': array([], dtype=object)}
 {'accuracy': 10, 'phones': array(['B', 'EH1', 'T', 'AH0'], dtype=object), 'phones-accuracy': array([2., 2., 2., 2.]), 'stress': 10, 'text': 'BETTER', 'total': 10, 'mispronunciations': array([], dtype=object)}
 {'accuracy': 10, 'phones': array(['DH', 'AE0', 'N'], dtype=object), 'phones-accuracy': array([2. , 1.6, 2. ]), 'stress': 10, 'text': 'THAN', 'total': 10, 'mispronunciations': array([], dtype=object)}
 {'accuracy': 10, 'phones': array(['AH0'], dtype=object), 'phones-accuracy': array([2.]), 'stress': 10, 'text': 'A', 'total': 10, 'mispronunciations': array([], dtype=object)}
 {'accuracy': 10, 'phones': array(['D', 'EY0'], dtype=object), 'phones-accuracy': array([2., 2.]), 'stress': 10, 'text': 'DAY', 'total': 10, 'mispronunciations': array([], dtype=object)}
 {'accuracy': 10, 'phones': array(['AE0', 'T'], dtype=object), 'phones-accuracy': array([2., 2.]), 'stress': 10, 'text': 'AT', 'total': 10, 'mispronunciations': array([], dtype=object)}
 {'accuracy': 10, 'phones': array(['DH', 'AH0'], dtype=object), 'phones-accuracy': array([1.8, 2. ]), 'stress': 10, 'text': 'THE', 'total': 10, 'mispronunciations': array([], dtype=object)}
 {'accuracy': 10, 'phones': array(['B', 'IY0', 'CH'], dtype=object), 'phones-accuracy': array([2., 2., 2.]), 'stress': 10, 'text': 'BEACH', 'total': 10, 'mispronunciations': array([], dtype=object)}]",2244,f,20,train,022440180,-47.85341987386345
022440180,7,B,1.0099999904632568,1.0499999523162842,-62.59297561645508,better,2.0,9,10.0,8,8,8,"[{'accuracy': 10, 'phones': array(['N', 'AH1', 'TH', 'IH0', 'NG'], dtype=object), 'phones-accuracy': array([2., 2., 2., 2., 2.]), 'stress': 10, 'text': 'NOTHING', 'total': 10, 'mispronunciations': array([], dtype=object)}
 {'accuracy': 10, 'phones': array(['B', 'EH1', 'T', 'AH0'], dtype=object), 'phones-accuracy': array([2., 2., 2., 2.]), 'stress': 10, 'text': 'BETTER', 'total': 10, 'mispronunciations': array([], dtype=object)}
 {'accuracy': 10, 'phones': array(['DH', 'AE0', 'N'], dtype=object), 'phones-accuracy': array([2. , 1.6, 2. ]), 'stress': 10, 'text': 'THAN', 'total': 10, 'mispronunciations': array([], dtype=object)}
 {'accuracy': 10, 'phones': array(['AH0'], dtype=object), 'phones-accuracy': array([2.]), 'stress': 10, 'text': 'A', 'total': 10, 'mispronunciations': array([], dtype=object)}
 {'accuracy': 10, 'phones': array(['D', 'EY0'], dtype=object), 'phones-accuracy': array([2., 2.]), 'stress': 10, 'text': 'DAY', 'total': 10, 'mispronunciations': array([], dtype=object)}
 {'accuracy': 10, 'phones': array(['AE0', 'T'], dtype=object), 'phones-accuracy': array([2., 2.]), 'stress': 10, 'text': 'AT', 'total': 10, 'mispronunciations': array([], dtype=object)}
 {'accuracy': 10, 'phones': array(['DH', 'AH0'], dtype=object), 'phones-accuracy': array([1.8, 2. ]), 'stress': 10, 'text': 'THE', 'total': 10, 'mispronunciations': array([], dtype=object)}
 {'accuracy': 10, 'phones': array(['B', 'IY0', 'CH'], dtype=object), 'phones-accuracy': array([2., 2., 2.]), 'stress': 10, 'text': 'BEACH', 'total': 10, 'mispronunciations': array([], dtype=object)}]",2244,f,20,train,022440180,-62.49994056671858
022440180,8,EH1,1.0499999523162842,1.1399999856948853,-47.40592956542969,better,2.0,9,10.0,8,8,8,"[{'accuracy': 10, 'phones': array(['N', 'AH1', 'TH', 'IH0', 'NG'], dtype=object), 'phones-accuracy': array([2., 2., 2., 2., 2.]), 'stress': 10, 'text': 'NOTHING', 'total': 10, 'mispronunciations': array([], dtype=object)}
 {'accuracy': 10, 'phones': array(['B', 'EH1', 'T', 'AH0'], dtype=object), 'phones-accuracy': array([2., 2., 2., 2.]), 'stress': 10, 'text': 'BETTER', 'total': 10, 'mispronunciations': array([], dtype=object)}
 {'accuracy': 10, 'phones': array(['DH', 'AE0', 'N'], dtype=object), 'phones-accuracy': array([2. , 1.6, 2. ]), 'stress': 10, 'text': 'THAN', 'total': 10, 'mispronunciations': array([], dtype=object)}
 {'accuracy': 10, 'phones': array(['AH0'], dtype=object), 'phones-accuracy': array([2.]), 'stress': 10, 'text': 'A', 'total': 10, 'mispronunciations': array([], dtype=object)}
 {'accuracy': 10, 'phones': array(['D', 'EY0'], dtype=object), 'phones-accuracy': array([2., 2.]), 'stress': 10, 'text': 'DAY', 'total': 10, 'mispronunciations': array([], dtype=object)}
 {'accuracy': 10, 'phones': array(['AE0', 'T'], dtype=object), 'phones-accuracy': array([2., 2.]), 'stress': 10, 'text': 'AT', 'total': 10, 'mispronunciations': array([], dtype=object)}
 {'accuracy': 10, 'phones': array(['DH', 'AH0'], dtype=object), 'phones-accuracy': array([1.8, 2. ]), 'stress': 10, 'text': 'THE', 'total': 10, 'mispronunciations': array([], dtype=object)}
 {'accuracy': 10, 'phones': array(['B', 'IY0', 'CH'], dtype=object), 'phones-accuracy': array([2., 2., 2.]), 'stress': 10, 'text': 'BEACH', 'total': 10, 'mispronunciations': array([], dtype=object)}]",2244,f,20,train,022440180,-47.13583371043205
022440180,9,T,1.1399999856948853,1.1699999570846558,-57.7510871887207,better,2.0,9,10.0,8,8,8,"[{'accuracy': 10, 'phones': array(['N', 'AH1', 'TH', 'IH0', 'NG'], dtype=object), 'phones-accuracy': array([2., 2., 2., 2., 2.]), 'stress': 10, 'text': 'NOTHING', 'total': 10, 'mispronunciations': array([], dtype=object)}
 {'accuracy': 10, 'phones': array(['B', 'EH1', 'T', 'AH0'], dtype=object), 'phones-accuracy': array([2., 2., 2., 2.]), 'stress': 10, 'text': 'BETTER', 'total': 10, 'mispronunciations': array([], dtype=object)}
 {'accuracy': 10, 'phones': array(['DH', 'AE0', 'N'], dtype=object), 'phones-accuracy': array([2. , 1.6, 2. ]), 'stress': 10, 'text': 'THAN', 'total': 10, 'mispronunciations': array([], dtype=object)}
 {'accuracy': 10, 'phones': array(['AH0'], dtype=object), 'phones-accuracy': array([2.]), 'stress': 10, 'text': 'A', 'total': 10, 'mispronunciations': array([], dtype=object)}
 {'accuracy': 10, 'phones': array(['D', 'EY0'], dtype=object), 'phones-accuracy': array([2., 2.]), 'stress': 10, 'text': 'DAY', 'total': 10, 'mispronunciations': array([], dtype=object)}
 {'accuracy': 10, 'phones': array(['AE0', 'T'], dtype=object), 'phones-accuracy': array([2., 2.]), 'stress': 10, 'text': 'AT', 'total': 10, 'mispronunciations': array([], dtype=object)}
 {'accuracy': 10, 'phones': array(['DH', 'AH0'], dtype=object), 'phones-accuracy': array([1.8, 2. ]), 'stress': 10, 'text': 'THE', 'total': 10, 'mispronunciations': array([], dtype=object)}
 {'accuracy': 10, 'phones': array(['B', 'IY0', 'CH'], dtype=object), 'phones-accuracy': array([2., 2., 2.]), 'stress': 10, 'text': 'BEACH', 'total': 10, 'mispronunciations': array([], dtype=object)}]",2244,f,20,train,022440180,-57.621866807341576
022440180,10,ER0,1.1699999570846558,1.2000000476837158,-63.34382629394531,better,,9,10.0,8,8,8,"[{'accuracy': 10, 'phones': array(['N', 'AH1', 'TH', 'IH0', 'NG'], dtype=object), 'phones-accuracy': array([2., 2., 2., 2., 2.]), 'stress': 10, 'text': 'NOTHING', 'total': 10, 'mispronunciations': array([], dtype=object)}
 {'accuracy': 10, 'phones': array(['B', 'EH1', 'T', 'AH0'], dtype=object), 'phones-accuracy': array([2., 2., 2., 2.]), 'stress': 10, 'text': 'BETTER', 'total': 10, 'mispronunciations': array([], dtype=object)}
 {'accuracy': 10, 'phones': array(['DH', 'AE0', 'N'], dtype=object), 'phones-accuracy': array([2. , 1.6, 2. ]), 'stress': 10, 'text': 'THAN', 'total': 10, 'mispronunciations': array([], dtype=object)}
 {'accuracy': 10, 'phones': array(['AH0'], dtype=object), 'phones-accuracy': array([2.]), 'stress': 10, 'text': 'A', 'total': 10, 'mispronunciations': array([], dtype=object)}
 {'accuracy': 10, 'phones': array(['D', 'EY0'], dtype=object), 'phones-accuracy': array([2., 2.]), 'stress': 10, 'text': 'DAY', 'total': 10, 'mispronunciations': array([], dtype=object)}
 {'accuracy': 10, 'phones': array(['AE0', 'T'], dtype=object), 'phones-accuracy': array([2., 2.]), 'stress': 10, 'text': 'AT', 'total': 10, 'mispronunciations': array([], dtype=object)}
 {'accuracy': 10, 'phones': array(['DH', 'AH0'], dtype=object), 'phones-accuracy': array([1.8, 2. ]), 'stress': 10, 'text': 'THE', 'total': 10, 'mispronunciations': array([], dtype=object)}
 {'accuracy': 10, 'phones': array(['B', 'IY0', 'CH'], dtype=object), 'phones-accuracy': array([2., 2., 2.]), 'stress': 10, 'text': 'BEACH', 'total': 10, 'mispronunciations': array([], dtype=object)}]",2244,f,20,train,022440180,-63.1496512144804
022440180,11,DH,1.2000000476837158,1.25,-60.7391242980957,than,2.0,9,10.0,8,8,8,"[{'accuracy': 10, 'phones': array(['N', 'AH1', 'TH', 'IH0', 'NG'], dtype=object), 'phones-accuracy': array([2., 2., 2., 2., 2.]), 'stress': 10, 'text': 'NOTHING', 'total': 10, 'mispronunciations': array([], dtype=object)}
 {'accuracy': 10, 'phones': array(['B', 'EH1', 'T', 'AH0'], dtype=object), 'phones-accuracy': array([2., 2., 2., 2.]), 'stress': 10, 'text': 'BETTER', 'total': 10, 'mispronunciations': array([], dtype=object)}
 {'accuracy': 10, 'phones': array(['DH', 'AE0', 'N'], dtype=object), 'phones-accuracy': array([2. , 1.6, 2. ]), 'stress': 10, 'text': 'THAN', 'total': 10, 'mispronunciations': array([], dtype=object)}
 {'accuracy': 10, 'phones': array(['AH0'], dtype=object), 'phones-accuracy': array([2.]), 'stress': 10, 'text': 'A', 'total': 10, 'mispronunciations': array([], dtype=object)}
 {'accuracy': 10, 'phones': array(['D', 'EY0'], dtype=object), 'phones-accuracy': array([2., 2.]), 'stress': 10, 'text': 'DAY', 'total': 10, 'mispronunciations': array([], dtype=object)}
 {'accuracy': 10, 'phones': array(['AE0', 'T'], dtype=object), 'phones-accuracy': array([2., 2.]), 'stress': 10, 'text': 'AT', 'total': 10, 'mispronunciations': array([], dtype=object)}
 {'accuracy': 10, 'phones': array(['DH', 'AH0'], dtype=object), 'phones-accuracy': array([1.8, 2. ]), 'stress': 10, 'text': 'THE', 'total': 10, 'mispronunciations': array([], dtype=object)}
 {'accuracy': 10, 'phones': array(['B', 'IY0', 'CH'], dtype=object), 'phones-accuracy': array([2., 2., 2.]), 'stress': 10, 'text': 'BEACH', 'total': 10, 'mispronunciations': array([], dtype=object)}]",2244,f,20,train,022440180,-60.64999659359455
022440180,12,AE1,1.25,1.2999999523162842,-40.887306213378906,than,,9,10.0,8,8,8,"[{'accuracy': 10, 'phones': array(['N', 'AH1', 'TH', 'IH0', 'NG'], dtype=object), 'phones-accuracy': array([2., 2., 2., 2., 2.]), 'stress': 10, 'text': 'NOTHING', 'total': 10, 'mispronunciations': array([], dtype=object)}
 {'accuracy': 10, 'phones': array(['B', 'EH1', 'T', 'AH0'], dtype=object), 'phones-accuracy': array([2., 2., 2., 2.]), 'stress': 10, 'text': 'BETTER', 'total': 10, 'mispronunciations': array([], dtype=object)}
 {'accuracy': 10, 'phones': array(['DH', 'AE0', 'N'], dtype=object), 'phones-accuracy': array([2. , 1.6, 2. ]), 'stress': 10, 'text': 'THAN', 'total': 10, 'mispronunciations': array([], dtype=object)}
 {'accuracy': 10, 'phones': array(['AH0'], dtype=object), 'phones-accuracy': array([2.]), 'stress': 10, 'text': 'A', 'total': 10, 'mispronunciations': array([], dtype=object)}
 {'accuracy': 10, 'phones': array(['D', 'EY0'], dtype=object), 'phones-accuracy': array([2., 2.]), 'stress': 10, 'text': 'DAY', 'total': 10, 'mispronunciations': array([], dtype=object)}
 {'accuracy': 10, 'phones': array(['AE0', 'T'], dtype=object), 'phones-accuracy': array([2., 2.]), 'stress': 10, 'text': 'AT', 'total': 10, 'mispronunciations': array([], dtype=object)}
 {'accuracy': 10, 'phones': array(['DH', 'AH0'], dtype=object), 'phones-accuracy': array([1.8, 2. ]), 'stress': 10, 'text': 'THE', 'total': 10, 'mispronunciations': array([], dtype=object)}
 {'accuracy': 10, 'phones': array(['B', 'IY0', 'CH'], dtype=object), 'phones-accuracy': array([2., 2., 2.]), 'stress': 10, 'text': 'BEACH', 'total': 10, 'mispronunciations': array([], dtype=object)}]",2244,f,20,train,022440180,-40.70331723988056
022440180,13,N,1.2999999523162842,1.3300000429153442,-42.422271728515625,than,2.0,9,10.0,8,8,8,"[{'accuracy': 10, 'phones': array(['N', 'AH1', 'TH', 'IH0', 'NG'], dtype=object), 'phones-accuracy': array([2., 2., 2., 2., 2.]), 'stress': 10, 'text': 'NOTHING', 'total': 10, 'mispronunciations': array([], dtype=object)}
 {'accuracy': 10, 'phones': array(['B', 'EH1', 'T', 'AH0'], dtype=object), 'phones-accuracy': array([2., 2., 2., 2.]), 'stress': 10, 'text': 'BETTER', 'total': 10, 'mispronunciations': array([], dtype=object)}
 {'accuracy': 10, 'phones': array(['DH', 'AE0', 'N'], dtype=object), 'phones-accuracy': array([2. , 1.6, 2. ]), 'stress': 10, 'text': 'THAN', 'total': 10, 'mispronunciations': array([], dtype=object)}
 {'accuracy': 10, 'phones': array(['AH0'], dtype=object), 'phones-accuracy': array([2.]), 'stress': 10, 'text': 'A', 'total': 10, 'mispronunciations': array([], dtype=object)}
 {'accuracy': 10, 'phones': array(['D', 'EY0'], dtype=object), 'phones-accuracy': array([2., 2.]), 'stress': 10, 'text': 'DAY', 'total': 10, 'mispronunciations': array([], dtype=object)}
 {'accuracy': 10, 'phones': array(['AE0', 'T'], dtype=object), 'phones-accuracy': array([2., 2.]), 'stress': 10, 'text': 'AT', 'total': 10, 'mispronunciations': array([], dtype=object)}
 {'accuracy': 10, 'phones': array(['DH', 'AH0'], dtype=object), 'phones-accuracy': array([1.8, 2. ]), 'stress': 10, 'text': 'THE', 'total': 10, 'mispronunciations': array([], dtype=object)}
 {'accuracy': 10, 'phones': array(['B', 'IY0', 'CH'], dtype=object), 'phones-accuracy': array([2., 2., 2.]), 'stress': 10, 'text': 'BEACH', 'total': 10, 'mispronunciations': array([], dtype=object)}]",2244,f,20,train,022440180,-42.26559819281101
022440180,14,AH0,1.3300000429153442,1.4800000190734863,-45.47430038452149,a,2.0,9,10.0,8,8,8,"[{'accuracy': 10, 'phones': array(['N', 'AH1', 'TH', 'IH0', 'NG'], dtype=object), 'phones-accuracy': array([2., 2., 2., 2., 2.]), 'stress': 10, 'text': 'NOTHING', 'total': 10, 'mispronunciations': array([], dtype=object)}
 {'accuracy': 10, 'phones': array(['B', 'EH1', 'T', 'AH0'], dtype=object), 'phones-accuracy': array([2., 2., 2., 2.]), 'stress': 10, 'text': 'BETTER', 'total': 10, 'mispronunciations': array([], dtype=object)}
 {'accuracy': 10, 'phones': array(['DH', 'AE0', 'N'], dtype=object), 'phones-accuracy': array([2. , 1.6, 2. ]), 'stress': 10, 'text': 'THAN', 'total': 10, 'mispronunciations': array([], dtype=object)}
 {'accuracy': 10, 'phones': array(['AH0'], dtype=object), 'phones-accuracy': array([2.]), 'stress': 10, 'text': 'A', 'total': 10, 'mispronunciations': array([], dtype=object)}
 {'accuracy': 10, 'phones': array(['D', 'EY0'], dtype=object), 'phones-accuracy': array([2., 2.]), 'stress': 10, 'text': 'DAY', 'total': 10, 'mispronunciations': array([], dtype=object)}
 {'accuracy': 10, 'phones': array(['AE0', 'T'], dtype=object), 'phones-accuracy': array([2., 2.]), 'stress': 10, 'text': 'AT', 'total': 10, 'mispronunciations': array([], dtype=object)}
 {'accuracy': 10, 'phones': array(['DH', 'AH0'], dtype=object), 'phones-accuracy': array([1.8, 2. ]), 'stress': 10, 'text': 'THE', 'total': 10, 'mispronunciations': array([], dtype=object)}
 {'accuracy': 10, 'phones': array(['B', 'IY0', 'CH'], dtype=object), 'phones-accuracy': array([2., 2., 2.]), 'stress': 10, 'text': 'BEACH', 'total': 10, 'mispronunciations': array([], dtype=object)}]",2244,f,20,train,022440180,-45.32874186336995
022440180,15,D,1.4800000190734863,1.5299999713897705,-55.25962448120117,day,2.0,9,10.0,8,8,8,"[{'accuracy': 10, 'phones': array(['N', 'AH1', 'TH', 'IH0', 'NG'], dtype=object), 'phones-accuracy': array([2., 2., 2., 2., 2.]), 'stress': 10, 'text': 'NOTHING', 'total': 10, 'mispronunciations': array([], dtype=object)}
 {'accuracy': 10, 'phones': array(['B', 'EH1', 'T', 'AH0'], dtype=object), 'phones-accuracy': array([2., 2., 2., 2.]), 'stress': 10, 'text': 'BETTER', 'total': 10, 'mispronunciations': array([], dtype=object)}
 {'accuracy': 10, 'phones': array(['DH', 'AE0', 'N'], dtype=object), 'phones-accuracy': array([2. , 1.6, 2. ]), 'stress': 10, 'text': 'THAN', 'total': 10, 'mispronunciations': array([], dtype=object)}
 {'accuracy': 10, 'phones': array(['AH0'], dtype=object), 'phones-accuracy': array([2.]), 'stress': 10, 'text': 'A', 'total': 10, 'mispronunciations': array([], dtype=object)}
 {'accuracy': 10, 'phones': array(['D', 'EY0'], dtype=object), 'phones-accuracy': array([2., 2.]), 'stress': 10, 'text': 'DAY', 'total': 10, 'mispronunciations': array([], dtype=object)}
 {'accuracy': 10, 'phones': array(['AE0', 'T'], dtype=object), 'phones-accuracy': array([2., 2.]), 'stress': 10, 'text': 'AT', 'total': 10, 'mispronunciations': array([], dtype=object)}
 {'accuracy': 10, 'phones': array(['DH', 'AH0'], dtype=object), 'phones-accuracy': array([1.8, 2. ]), 'stress': 10, 'text': 'THE', 'total': 10, 'mispronunciations': array([], dtype=object)}
 {'accuracy': 10, 'phones': array(['B', 'IY0', 'CH'], dtype=object), 'phones-accuracy': array([2., 2., 2.]), 'stress': 10, 'text': 'BEACH', 'total': 10, 'mispronunciations': array([], dtype=object)}]",2244,f,20,train,022440180,-55.15659162402153
022440180,16,EY1,1.5299999713897705,1.6699999570846558,-40.67934036254883,day,,9,10.0,8,8,8,"[{'accuracy': 10, 'phones': array(['N', 'AH1', 'TH', 'IH0', 'NG'], dtype=object), 'phones-accuracy': array([2., 2., 2., 2., 2.]), 'stress': 10, 'text': 'NOTHING', 'total': 10, 'mispronunciations': array([], dtype=object)}
 {'accuracy': 10, 'phones': array(['B', 'EH1', 'T', 'AH0'], dtype=object), 'phones-accuracy': array([2., 2., 2., 2.]), 'stress': 10, 'text': 'BETTER', 'total': 10, 'mispronunciations': array([], dtype=object)}
 {'accuracy': 10, 'phones': array(['DH', 'AE0', 'N'], dtype=object), 'phones-accuracy': array([2. , 1.6, 2. ]), 'stress': 10, 'text': 'THAN', 'total': 10, 'mispronunciations': array([], dtype=object)}
 {'accuracy': 10, 'phones': array(['AH0'], dtype=object), 'phones-accuracy': array([2.]), 'stress': 10, 'text': 'A', 'total': 10, 'mispronunciations': array([], dtype=object)}
 {'accuracy': 10, 'phones': array(['D', 'EY0'], dtype=object), 'phones-accuracy': array([2., 2.]), 'stress': 10, 'text': 'DAY', 'total': 10, 'mispronunciations': array([], dtype=object)}
 {'accuracy': 10, 'phones': array(['AE0', 'T'], dtype=object), 'phones-accuracy': array([2., 2.]), 'stress': 10, 'text': 'AT', 'total': 10, 'mispronunciations': array([], dtype=object)}
 {'accuracy': 10, 'phones': array(['DH', 'AH0'], dtype=object), 'phones-accuracy': array([1.8, 2. ]), 'stress': 10, 'text': 'THE', 'total': 10, 'mispronunciations': array([], dtype=object)}
 {'accuracy': 10, 'phones': array(['B', 'IY0', 'CH'], dtype=object), 'phones-accuracy': array([2., 2., 2.]), 'stress': 10, 'text': 'BEACH', 'total': 10, 'mispronunciations': array([], dtype=object)}]",2244,f,20,train,022440180,-40.45503310859203
022440180,17,AE1,1.6699999570846558,1.7899999618530271,-52.125396728515625,at,,9,10.0,8,8,8,"[{'accuracy': 10, 'phones': array(['N', 'AH1', 'TH', 'IH0', 'NG'], dtype=object), 'phones-accuracy': array([2., 2., 2., 2., 2.]), 'stress': 10, 'text': 'NOTHING', 'total': 10, 'mispronunciations': array([], dtype=object)}
 {'accuracy': 10, 'phones': array(['B', 'EH1', 'T', 'AH0'], dtype=object), 'phones-accuracy': array([2., 2., 2., 2.]), 'stress': 10, 'text': 'BETTER', 'total': 10, 'mispronunciations': array([], dtype=object)}
 {'accuracy': 10, 'phones': array(['DH', 'AE0', 'N'], dtype=object), 'phones-accuracy': array([2. , 1.6, 2. ]), 'stress': 10, 'text': 'THAN', 'total': 10, 'mispronunciations': array([], dtype=object)}
 {'accuracy': 10, 'phones': array(['AH0'], dtype=object), 'phones-accuracy': array([2.]), 'stress': 10, 'text': 'A', 'total': 10, 'mispronunciations': array([], dtype=object)}
 {'accuracy': 10, 'phones': array(['D', 'EY0'], dtype=object), 'phones-accuracy': array([2., 2.]), 'stress': 10, 'text': 'DAY', 'total': 10, 'mispronunciations': array([], dtype=object)}
 {'accuracy': 10, 'phones': array(['AE0', 'T'], dtype=object), 'phones-accuracy': array([2., 2.]), 'stress': 10, 'text': 'AT', 'total': 10, 'mispronunciations': array([], dtype=object)}
 {'accuracy': 10, 'phones': array(['DH', 'AH0'], dtype=object), 'phones-accuracy': array([1.8, 2. ]), 'stress': 10, 'text': 'THE', 'total': 10, 'mispronunciations': array([], dtype=object)}
 {'accuracy': 10, 'phones': array(['B', 'IY0', 'CH'], dtype=object), 'phones-accuracy': array([2., 2., 2.]), 'stress': 10, 'text': 'BEACH', 'total': 10, 'mispronunciations': array([], dtype=object)}]",2244,f,20,train,022440180,-51.87794931232929
022440180,18,T,1.7899999618530271,1.8600000143051147,-52.4448356628418,at,2.0,9,10.0,8,8,8,"[{'accuracy': 10, 'phones': array(['N', 'AH1', 'TH', 'IH0', 'NG'], dtype=object), 'phones-accuracy': array([2., 2., 2., 2., 2.]), 'stress': 10, 'text': 'NOTHING', 'total': 10, 'mispronunciations': array([], dtype=object)}
 {'accuracy': 10, 'phones': array(['B', 'EH1', 'T', 'AH0'], dtype=object), 'phones-accuracy': array([2., 2., 2., 2.]), 'stress': 10, 'text': 'BETTER', 'total': 10, 'mispronunciations': array([], dtype=object)}
 {'accuracy': 10, 'phones': array(['DH', 'AE0', 'N'], dtype=object), 'phones-accuracy': array([2. , 1.6, 2. ]), 'stress': 10, 'text': 'THAN', 'total': 10, 'mispronunciations': array([], dtype=object)}
 {'accuracy': 10, 'phones': array(['AH0'], dtype=object), 'phones-accuracy': array([2.]), 'stress': 10, 'text': 'A', 'total': 10, 'mispronunciations': array([], dtype=object)}
 {'accuracy': 10, 'phones': array(['D', 'EY0'], dtype=object), 'phones-accuracy': array([2., 2.]), 'stress': 10, 'text': 'DAY', 'total': 10, 'mispronunciations': array([], dtype=object)}
 {'accuracy': 10, 'phones': array(['AE0', 'T'], dtype=object), 'phones-accuracy': array([2., 2.]), 'stress': 10, 'text': 'AT', 'total': 10, 'mispronunciations': array([], dtype=object)}
 {'accuracy': 10, 'phones': array(['DH', 'AH0'], dtype=object), 'phones-accuracy': array([1.8, 2. ]), 'stress': 10, 'text': 'THE', 'total': 10, 'mispronunciations': array([], dtype=object)}
 {'accuracy': 10, 'phones': array(['B', 'IY0', 'CH'], dtype=object), 'phones-accuracy': array([2., 2., 2.]), 'stress': 10, 'text': 'BEACH', 'total': 10, 'mispronunciations': array([], dtype=object)}]",2244,f,20,train,022440180,-52.220823243260384
022440180,19,DH,1.8600000143051147,1.899999976158142,-65.5601806640625,the,2.0,9,10.0,8,8,8,"[{'accuracy': 10, 'phones': array(['N', 'AH1', 'TH', 'IH0', 'NG'], dtype=object), 'phones-accuracy': array([2., 2., 2., 2., 2.]), 'stress': 10, 'text': 'NOTHING', 'total': 10, 'mispronunciations': array([], dtype=object)}
 {'accuracy': 10, 'phones': array(['B', 'EH1', 'T', 'AH0'], dtype=object), 'phones-accuracy': array([2., 2., 2., 2.]), 'stress': 10, 'text': 'BETTER', 'total': 10, 'mispronunciations': array([], dtype=object)}
 {'accuracy': 10, 'phones': array(['DH', 'AE0', 'N'], dtype=object), 'phones-accuracy': array([2. , 1.6, 2. ]), 'stress': 10, 'text': 'THAN', 'total': 10, 'mispronunciations': array([], dtype=object)}
 {'accuracy': 10, 'phones': array(['AH0'], dtype=object), 'phones-accuracy': array([2.]), 'stress': 10, 'text': 'A', 'total': 10, 'mispronunciations': array([], dtype=object)}
 {'accuracy': 10, 'phones': array(['D', 'EY0'], dtype=object), 'phones-accuracy': array([2., 2.]), 'stress': 10, 'text': 'DAY', 'total': 10, 'mispronunciations': array([], dtype=object)}
 {'accuracy': 10, 'phones': array(['AE0', 'T'], dtype=object), 'phones-accuracy': array([2., 2.]), 'stress': 10, 'text': 'AT', 'total': 10, 'mispronunciations': array([], dtype=object)}
 {'accuracy': 10, 'phones': array(['DH', 'AH0'], dtype=object), 'phones-accuracy': array([1.8, 2. ]), 'stress': 10, 'text': 'THE', 'total': 10, 'mispronunciations': array([], dtype=object)}
 {'accuracy': 10, 'phones': array(['B', 'IY0', 'CH'], dtype=object), 'phones-accuracy': array([2., 2., 2.]), 'stress': 10, 'text': 'BEACH', 'total': 10, 'mispronunciations': array([], dtype=object)}]",2244,f,20,train,022440180,-65.31824478507042
022440180,20,AH0,1.899999976158142,2.470000028610229,-55.04290008544922,the,2.0,9,10.0,8,8,8,"[{'accuracy': 10, 'phones': array(['N', 'AH1', 'TH', 'IH0', 'NG'], dtype=object), 'phones-accuracy': array([2., 2., 2., 2., 2.]), 'stress': 10, 'text': 'NOTHING', 'total': 10, 'mispronunciations': array([], dtype=object)}
 {'accuracy': 10, 'phones': array(['B', 'EH1', 'T', 'AH0'], dtype=object), 'phones-accuracy': array([2., 2., 2., 2.]), 'stress': 10, 'text': 'BETTER', 'total': 10, 'mispronunciations': array([], dtype=object)}
 {'accuracy': 10, 'phones': array(['DH', 'AE0', 'N'], dtype=object), 'phones-accuracy': array([2. , 1.6, 2. ]), 'stress': 10, 'text': 'THAN', 'total': 10, 'mispronunciations': array([], dtype=object)}
 {'accuracy': 10, 'phones': array(['AH0'], dtype=object), 'phones-accuracy': array([2.]), 'stress': 10, 'text': 'A', 'total': 10, 'mispronunciations': array([], dtype=object)}
 {'accuracy': 10, 'phones': array(['D', 'EY0'], dtype=object), 'phones-accuracy': array([2., 2.]), 'stress': 10, 'text': 'DAY', 'total': 10, 'mispronunciations': array([], dtype=object)}
 {'accuracy': 10, 'phones': array(['AE0', 'T'], dtype=object), 'phones-accuracy': array([2., 2.]), 'stress': 10, 'text': 'AT', 'total': 10, 'mispronunciations': array([], dtype=object)}
 {'accuracy': 10, 'phones': array(['DH', 'AH0'], dtype=object), 'phones-accuracy': array([1.8, 2. ]), 'stress': 10, 'text': 'THE', 'total': 10, 'mispronunciations': array([], dtype=object)}
 {'accuracy': 10, 'phones': array(['B', 'IY0', 'CH'], dtype=object), 'phones-accuracy': array([2., 2., 2.]), 'stress': 10, 'text': 'BEACH', 'total': 10, 'mispronunciations': array([], dtype=object)}]",2244,f,20,train,022440180,-54.61603119969368
022440180,21,sil,2.470000028610229,2.5199999809265137,-50.97501373291016,<eps>,,9,10.0,8,8,8,"[{'accuracy': 10, 'phones': array(['N', 'AH1', 'TH', 'IH0', 'NG'], dtype=object), 'phones-accuracy': array([2., 2., 2., 2., 2.]), 'stress': 10, 'text': 'NOTHING', 'total': 10, 'mispronunciations': array([], dtype=object)}
 {'accuracy': 10, 'phones': array(['B', 'EH1', 'T', 'AH0'], dtype=object), 'phones-accuracy': array([2., 2., 2., 2.]), 'stress': 10, 'text': 'BETTER', 'total': 10, 'mispronunciations': array([], dtype=object)}
 {'accuracy': 10, 'phones': array(['DH', 'AE0', 'N'], dtype=object), 'phones-accuracy': array([2. , 1.6, 2. ]), 'stress': 10, 'text': 'THAN', 'total': 10, 'mispronunciations': array([], dtype=object)}
 {'accuracy': 10, 'phones': array(['AH0'], dtype=object), 'phones-accuracy': array([2.]), 'stress': 10, 'text': 'A', 'total': 10, 'mispronunciations': array([], dtype=object)}
 {'accuracy': 10, 'phones': array(['D', 'EY0'], dtype=object), 'phones-accuracy': array([2., 2.]), 'stress': 10, 'text': 'DAY', 'total': 10, 'mispronunciations': array([], dtype=object)}
 {'accuracy': 10, 'phones': array(['AE0', 'T'], dtype=object), 'phones-accuracy': array([2., 2.]), 'stress': 10, 'text': 'AT', 'total': 10, 'mispronunciations': array([], dtype=object)}
 {'accuracy': 10, 'phones': array(['DH', 'AH0'], dtype=object), 'phones-accuracy': array([1.8, 2. ]), 'stress': 10, 'text': 'THE', 'total': 10, 'mispronunciations': array([], dtype=object)}
 {'accuracy': 10, 'phones': array(['B', 'IY0', 'CH'], dtype=object), 'phones-accuracy': array([2., 2., 2.]), 'stress': 10, 'text': 'BEACH', 'total': 10, 'mispronunciations': array([], dtype=object)}]",2244,f,20,train,022440180,-50.822512477636344
022440180,22,B,2.5199999809265137,2.549999952316284,-65.81156158447266,beach,2.0,9,10.0,8,8,8,"[{'accuracy': 10, 'phones': array(['N', 'AH1', 'TH', 'IH0', 'NG'], dtype=object), 'phones-accuracy': array([2., 2., 2., 2., 2.]), 'stress': 10, 'text': 'NOTHING', 'total': 10, 'mispronunciations': array([], dtype=object)}
 {'accuracy': 10, 'phones': array(['B', 'EH1', 'T', 'AH0'], dtype=object), 'phones-accuracy': array([2., 2., 2., 2.]), 'stress': 10, 'text': 'BETTER', 'total': 10, 'mispronunciations': array([], dtype=object)}
 {'accuracy': 10, 'phones': array(['DH', 'AE0', 'N'], dtype=object), 'phones-accuracy': array([2. , 1.6, 2. ]), 'stress': 10, 'text': 'THAN', 'total': 10, 'mispronunciations': array([], dtype=object)}
 {'accuracy': 10, 'phones': array(['AH0'], dtype=object), 'phones-accuracy': array([2.]), 'stress': 10, 'text': 'A', 'total': 10, 'mispronunciations': array([], dtype=object)}
 {'accuracy': 10, 'phones': array(['D', 'EY0'], dtype=object), 'phones-accuracy': array([2., 2.]), 'stress': 10, 'text': 'DAY', 'total': 10, 'mispronunciations': array([], dtype=object)}
 {'accuracy': 10, 'phones': array(['AE0', 'T'], dtype=object), 'phones-accuracy': array([2., 2.]), 'stress': 10, 'text': 'AT', 'total': 10, 'mispronunciations': array([], dtype=object)}
 {'accuracy': 10, 'phones': array(['DH', 'AH0'], dtype=object), 'phones-accuracy': array([1.8, 2. ]), 'stress': 10, 'text': 'THE', 'total': 10, 'mispronunciations': array([], dtype=object)}
 {'accuracy': 10, 'phones': array(['B', 'IY0', 'CH'], dtype=object), 'phones-accuracy': array([2., 2., 2.]), 'stress': 10, 'text': 'BEACH', 'total': 10, 'mispronunciations': array([], dtype=object)}]",2244,f,20,train,022440180,-65.61560855805874
022440180,23,IY1,2.549999952316284,2.640000104904175,-57.24217987060547,beach,,9,10.0,8,8,8,"[{'accuracy': 10, 'phones': array(['N', 'AH1', 'TH', 'IH0', 'NG'], dtype=object), 'phones-accuracy': array([2., 2., 2., 2., 2.]), 'stress': 10, 'text': 'NOTHING', 'total': 10, 'mispronunciations': array([], dtype=object)}
 {'accuracy': 10, 'phones': array(['B', 'EH1', 'T', 'AH0'], dtype=object), 'phones-accuracy': array([2., 2., 2., 2.]), 'stress': 10, 'text': 'BETTER', 'total': 10, 'mispronunciations': array([], dtype=object)}
 {'accuracy': 10, 'phones': array(['DH', 'AE0', 'N'], dtype=object), 'phones-accuracy': array([2. , 1.6, 2. ]), 'stress': 10, 'text': 'THAN', 'total': 10, 'mispronunciations': array([], dtype=object)}
 {'accuracy': 10, 'phones': array(['AH0'], dtype=object), 'phones-accuracy': array([2.]), 'stress': 10, 'text': 'A', 'total': 10, 'mispronunciations': array([], dtype=object)}
 {'accuracy': 10, 'phones': array(['D', 'EY0'], dtype=object), 'phones-accuracy': array([2., 2.]), 'stress': 10, 'text': 'DAY', 'total': 10, 'mispronunciations': array([], dtype=object)}
 {'accuracy': 10, 'phones': array(['AE0', 'T'], dtype=object), 'phones-accuracy': array([2., 2.]), 'stress': 10, 'text': 'AT', 'total': 10, 'mispronunciations': array([], dtype=object)}
 {'accuracy': 10, 'phones': array(['DH', 'AH0'], dtype=object), 'phones-accuracy': array([1.8, 2. ]), 'stress': 10, 'text': 'THE', 'total': 10, 'mispronunciations': array([], dtype=object)}
 {'accuracy': 10, 'phones': array(['B', 'IY0', 'CH'], dtype=object), 'phones-accuracy': array([2., 2., 2.]), 'stress': 10, 'text': 'BEACH', 'total': 10, 'mispronunciations': array([], dtype=object)}]",2244,f,20,train,022440180,-56.98186132311821
022440180,24,CH,2.640000104904175,2.930000066757202,-61.911903381347656,beach,2.0,9,10.0,8,8,8,"[{'accuracy': 10, 'phones': array(['N', 'AH1', 'TH', 'IH0', 'NG'], dtype=object), 'phones-accuracy': array([2., 2., 2., 2., 2.]), 'stress': 10, 'text': 'NOTHING', 'total': 10, 'mispronunciations': array([], dtype=object)}
 {'accuracy': 10, 'phones': array(['B', 'EH1', 'T', 'AH0'], dtype=object), 'phones-accuracy': array([2., 2., 2., 2.]), 'stress': 10, 'text': 'BETTER', 'total': 10, 'mispronunciations': array([], dtype=object)}
 {'accuracy': 10, 'phones': array(['DH', 'AE0', 'N'], dtype=object), 'phones-accuracy': array([2. , 1.6, 2. ]), 'stress': 10, 'text': 'THAN', 'total': 10, 'mispronunciations': array([], dtype=object)}
 {'accuracy': 10, 'phones': array(['AH0'], dtype=object), 'phones-accuracy': array([2.]), 'stress': 10, 'text': 'A', 'total': 10, 'mispronunciations': array([], dtype=object)}
 {'accuracy': 10, 'phones': array(['D', 'EY0'], dtype=object), 'phones-accuracy': array([2., 2.]), 'stress': 10, 'text': 'DAY', 'total': 10, 'mispronunciations': array([], dtype=object)}
 {'accuracy': 10, 'phones': array(['AE0', 'T'], dtype=object), 'phones-accuracy': array([2., 2.]), 'stress': 10, 'text': 'AT', 'total': 10, 'mispronunciations': array([], dtype=object)}
 {'accuracy': 10, 'phones': array(['DH', 'AH0'], dtype=object), 'phones-accuracy': array([1.8, 2. ]), 'stress': 10, 'text': 'THE', 'total': 10, 'mispronunciations': array([], dtype=object)}
 {'accuracy': 10, 'phones': array(['B', 'IY0', 'CH'], dtype=object), 'phones-accuracy': array([2., 2., 2.]), 'stress': 10, 'text': 'BEACH', 'total': 10, 'mispronunciations': array([], dtype=object)}]",2244,f,20,train,022440180,-61.77395386993885
022440180,25,sil,2.930000066757202,3.650000095367432,-38.53950881958008,<eps>,,9,10.0,8,8,8,"[{'accuracy': 10, 'phones': array(['N', 'AH1', 'TH', 'IH0', 'NG'], dtype=object), 'phones-accuracy': array([2., 2., 2., 2., 2.]), 'stress': 10, 'text': 'NOTHING', 'total': 10, 'mispronunciations': array([], dtype=object)}
 {'accuracy': 10, 'phones': array(['B', 'EH1', 'T', 'AH0'], dtype=object), 'phones-accuracy': array([2., 2., 2., 2.]), 'stress': 10, 'text': 'BETTER', 'total': 10, 'mispronunciations': array([], dtype=object)}
 {'accuracy': 10, 'phones': array(['DH', 'AE0', 'N'], dtype=object), 'phones-accuracy': array([2. , 1.6, 2. ]), 'stress': 10, 'text': 'THAN', 'total': 10, 'mispronunciations': array([], dtype=object)}
 {'accuracy': 10, 'phones': array(['AH0'], dtype=object), 'phones-accuracy': array([2.]), 'stress': 10, 'text': 'A', 'total': 10, 'mispronunciations': array([], dtype=object)}
 {'accuracy': 10, 'phones': array(['D', 'EY0'], dtype=object), 'phones-accuracy': array([2., 2.]), 'stress': 10, 'text': 'DAY', 'total': 10, 'mispronunciations': array([], dtype=object)}
 {'accuracy': 10, 'phones': array(['AE0', 'T'], dtype=object), 'phones-accuracy': array([2., 2.]), 'stress': 10, 'text': 'AT', 'total': 10, 'mispronunciations': array([], dtype=object)}
 {'accuracy': 10, 'phones': array(['DH', 'AH0'], dtype=object), 'phones-accuracy': array([1.8, 2. ]), 'stress': 10, 'text': 'THE', 'total': 10, 'mispronunciations': array([], dtype=object)}
 {'accuracy': 10, 'phones': array(['B', 'IY0', 'CH'], dtype=object), 'phones-accuracy': array([2., 2., 2.]), 'stress': 10, 'text': 'BEACH', 'total': 10, 'mispronunciations': array([], dtype=object)}]",2244,f,20,train,022440180,-38.50582551956177
022440277,26,sil,0.0,0.5199999809265137,-39.29386520385742,<eps>,,8,10.0,9,9,8,"[{'accuracy': 10, 'phones': array(['P', 'L', 'IY0', 'Z'], dtype=object), 'phones-accuracy': array([2. , 2. , 2. , 1.6]), 'stress': 10, 'text': 'PLEASE', 'total': 10, 'mispronunciations': array([], dtype=object)}
 {'accuracy': 10, 'phones': array(['K', 'IY0', 'P'], dtype=object), 'phones-accuracy': array([2., 2., 2.]), 'stress': 10, 'text': 'KEEP', 'total': 10, 'mispronunciations': array([], dtype=object)}
 {'accuracy': 10, 'phones': array(['IH0', 'N'], dtype=object), 'phones-accuracy': array([2., 2.]), 'stress': 10, 'text': 'IN', 'total': 10, 'mispronunciations': array([], dtype=object)}
 {'accuracy': 10, 'phones': array(['T', 'AH0', 'CH'], dtype=object), 'phones-accuracy': array([2., 2., 2.]), 'stress': 10, 'text': 'TOUCH', 'total': 10, 'mispronunciations': array([], dtype=object)}
 {'accuracy': 10, 'phones': array(['W', 'IH0', 'DH'], dtype=object), 'phones-accuracy': array([2., 2., 2.]), 'stress': 10, 'text': 'WITH', 'total': 10, 'mispronunciations': array([], dtype=object)}
 {'accuracy': 10, 'phones': array(['M', 'IY0'], dtype=object), 'phones-accuracy': array([2., 2.]), 'stress': 10, 'text': 'ME', 'total': 10, 'mispronunciations': array([], dtype=object)}]",2244,f,20,train,022440277,-39.27247056923807
022440277,27,P,0.5199999809265137,0.5799999833106995,-63.99287796020508,please,2.0,8,10.0,9,9,8,"[{'accuracy': 10, 'phones': array(['P', 'L', 'IY0', 'Z'], dtype=object), 'phones-accuracy': array([2. , 2. , 2. , 1.6]), 'stress': 10, 'text': 'PLEASE', 'total': 10, 'mispronunciations': array([], dtype=object)}
 {'accuracy': 10, 'phones': array(['K', 'IY0', 'P'], dtype=object), 'phones-accuracy': array([2., 2., 2.]), 'stress': 10, 'text': 'KEEP', 'total': 10, 'mispronunciations': array([], dtype=object)}
 {'accuracy': 10, 'phones': array(['IH0', 'N'], dtype=object), 'phones-accuracy': array([2., 2.]), 'stress': 10, 'text': 'IN', 'total': 10, 'mispronunciations': array([], dtype=object)}
 {'accuracy': 10, 'phones': array(['T', 'AH0', 'CH'], dtype=object), 'phones-accuracy': array([2., 2., 2.]), 'stress': 10, 'text': 'TOUCH', 'total': 10, 'mispronunciations': array([], dtype=object)}
 {'accuracy': 10, 'phones': array(['W', 'IH0', 'DH'], dtype=object), 'phones-accuracy': array([2., 2., 2.]), 'stress': 10, 'text': 'WITH', 'total': 10, 'mispronunciations': array([], dtype=object)}
 {'accuracy': 10, 'phones': array(['M', 'IY0'], dtype=object), 'phones-accuracy': array([2., 2.]), 'stress': 10, 'text': 'ME', 'total': 10, 'mispronunciations': array([], dtype=object)}]",2244,f,20,train,022440277,-63.93064580857754
022440277,28,L,0.5799999833106995,0.6200000047683716,-65.09663391113281,please,2.0,8,10.0,9,9,8,"[{'accuracy': 10, 'phones': array(['P', 'L', 'IY0', 'Z'], dtype=object), 'phones-accuracy': array([2. , 2. , 2. , 1.6]), 'stress': 10, 'text': 'PLEASE', 'total': 10, 'mispronunciations': array([], dtype=object)}
 {'accuracy': 10, 'phones': array(['K', 'IY0', 'P'], dtype=object), 'phones-accuracy': array([2., 2., 2.]), 'stress': 10, 'text': 'KEEP', 'total': 10, 'mispronunciations': array([], dtype=object)}
 {'accuracy': 10, 'phones': array(['IH0', 'N'], dtype=object), 'phones-accuracy': array([2., 2.]), 'stress': 10, 'text': 'IN', 'total': 10, 'mispronunciations': array([], dtype=object)}
 {'accuracy': 10, 'phones': array(['T', 'AH0', 'CH'], dtype=object), 'phones-accuracy': array([2., 2., 2.]), 'stress': 10, 'text': 'TOUCH', 'total': 10, 'mispronunciations': array([], dtype=object)}
 {'accuracy': 10, 'phones': array(['W', 'IH0', 'DH'], dtype=object), 'phones-accuracy': array([2., 2., 2.]), 'stress': 10, 'text': 'WITH', 'total': 10, 'mispronunciations': array([], dtype=object)}
 {'accuracy': 10, 'phones': array(['M', 'IY0'], dtype=object), 'phones-accuracy': array([2., 2.]), 'stress': 10, 'text': 'ME', 'total': 10, 'mispronunciations': array([], dtype=object)}]",2244,f,20,train,022440277,-64.94592209160328
022440277,29,IY1,0.6200000047683716,0.7099999785423279,-46.83811569213867,please,,8,10.0,9,9,8,"[{'accuracy': 10, 'phones': array(['P', 'L', 'IY0', 'Z'], dtype=object), 'phones-accuracy': array([2. , 2. , 2. , 1.6]), 'stress': 10, 'text': 'PLEASE', 'total': 10, 'mispronunciations': array([], dtype=object)}
 {'accuracy': 10, 'phones': array(['K', 'IY0', 'P'], dtype=object), 'phones-accuracy': array([2., 2., 2.]), 'stress': 10, 'text': 'KEEP', 'total': 10, 'mispronunciations': array([], dtype=object)}
 {'accuracy': 10, 'phones': array(['IH0', 'N'], dtype=object), 'phones-accuracy': array([2., 2.]), 'stress': 10, 'text': 'IN', 'total': 10, 'mispronunciations': array([], dtype=object)}
 {'accuracy': 10, 'phones': array(['T', 'AH0', 'CH'], dtype=object), 'phones-accuracy': array([2., 2., 2.]), 'stress': 10, 'text': 'TOUCH', 'total': 10, 'mispronunciations': array([], dtype=object)}
 {'accuracy': 10, 'phones': array(['W', 'IH0', 'DH'], dtype=object), 'phones-accuracy': array([2., 2., 2.]), 'stress': 10, 'text': 'WITH', 'total': 10, 'mispronunciations': array([], dtype=object)}
 {'accuracy': 10, 'phones': array(['M', 'IY0'], dtype=object), 'phones-accuracy': array([2., 2.]), 'stress': 10, 'text': 'ME', 'total': 10, 'mispronunciations': array([], dtype=object)}]",2244,f,20,train,022440277,-46.60497209429741
022440277,30,Z,0.7099999785423279,0.800000011920929,-69.46238708496094,please,1.6,8,10.0,9,9,8,"[{'accuracy': 10, 'phones': array(['P', 'L', 'IY0', 'Z'], dtype=object), 'phones-accuracy': array([2. , 2. , 2. , 1.6]), 'stress': 10, 'text': 'PLEASE', 'total': 10, 'mispronunciations': array([], dtype=object)}
 {'accuracy': 10, 'phones': array(['K', 'IY0', 'P'], dtype=object), 'phones-accuracy': array([2., 2., 2.]), 'stress': 10, 'text': 'KEEP', 'total': 10, 'mispronunciations': array([], dtype=object)}
 {'accuracy': 10, 'phones': array(['IH0', 'N'], dtype=object), 'phones-accuracy': array([2., 2.]), 'stress': 10, 'text': 'IN', 'total': 10, 'mispronunciations': array([], dtype=object)}
 {'accuracy': 10, 'phones': array(['T', 'AH0', 'CH'], dtype=object), 'phones-accuracy': array([2., 2., 2.]), 'stress': 10, 'text': 'TOUCH', 'total': 10, 'mispronunciations': array([], dtype=object)}
 {'accuracy': 10, 'phones': array(['W', 'IH0', 'DH'], dtype=object), 'phones-accuracy': array([2., 2., 2.]), 'stress': 10, 'text': 'WITH', 'total': 10, 'mispronunciations': array([], dtype=object)}
 {'accuracy': 10, 'phones': array(['M', 'IY0'], dtype=object), 'phones-accuracy': array([2., 2.]), 'stress': 10, 'text': 'ME', 'total': 10, 'mispronunciations': array([], dtype=object)}]",2244,f,20,train,022440277,-69.3139386922121
022440277,31,sil,0.800000011920929,0.8500000238418579,-68.10740661621094,<eps>,,8,10.0,9,9,8,"[{'accuracy': 10, 'phones': array(['P', 'L', 'IY0', 'Z'], dtype=object), 'phones-accuracy': array([2. , 2. , 2. , 1.6]), 'stress': 10, 'text': 'PLEASE', 'total': 10, 'mispronunciations': array([], dtype=object)}
 {'accuracy': 10, 'phones': array(['K', 'IY0', 'P'], dtype=object), 'phones-accuracy': array([2., 2., 2.]), 'stress': 10, 'text': 'KEEP', 'total': 10, 'mispronunciations': array([], dtype=object)}
 {'accuracy': 10, 'phones': array(['IH0', 'N'], dtype=object), 'phones-accuracy': array([2., 2.]), 'stress': 10, 'text': 'IN', 'total': 10, 'mispronunciations': array([], dtype=object)}
 {'accuracy': 10, 'phones': array(['T', 'AH0', 'CH'], dtype=object), 'phones-accuracy': array([2., 2., 2.]), 'stress': 10, 'text': 'TOUCH', 'total': 10, 'mispronunciations': array([], dtype=object)}
 {'accuracy': 10, 'phones': array(['W', 'IH0', 'DH'], dtype=object), 'phones-accuracy': array([2., 2., 2.]), 'stress': 10, 'text': 'WITH', 'total': 10, 'mispronunciations': array([], dtype=object)}
 {'accuracy': 10, 'phones': array(['M', 'IY0'], dtype=object), 'phones-accuracy': array([2., 2.]), 'stress': 10, 'text': 'ME', 'total': 10, 'mispronunciations': array([], dtype=object)}]",2244,f,20,train,022440277,-67.97628420591354
022440277,32,K,0.8500000238418579,0.9399999976158142,-57.02170944213867,keep,2.0,8,10.0,9,9,8,"[{'accuracy': 10, 'phones': array(['P', 'L', 'IY0', 'Z'], dtype=object), 'phones-accuracy': array([2. , 2. , 2. , 1.6]), 'stress': 10, 'text': 'PLEASE', 'total': 10, 'mispronunciations': array([], dtype=object)}
 {'accuracy': 10, 'phones': array(['K', 'IY0', 'P'], dtype=object), 'phones-accuracy': array([2., 2., 2.]), 'stress': 10, 'text': 'KEEP', 'total': 10, 'mispronunciations': array([], dtype=object)}
 {'accuracy': 10, 'phones': array(['IH0', 'N'], dtype=object), 'phones-accuracy': array([2., 2.]), 'stress': 10, 'text': 'IN', 'total': 10, 'mispronunciations': array([], dtype=object)}
 {'accuracy': 10, 'phones': array(['T', 'AH0', 'CH'], dtype=object), 'phones-accuracy': array([2., 2., 2.]), 'stress': 10, 'text': 'TOUCH', 'total': 10, 'mispronunciations': array([], dtype=object)}
 {'accuracy': 10, 'phones': array(['W', 'IH0', 'DH'], dtype=object), 'phones-accuracy': array([2., 2., 2.]), 'stress': 10, 'text': 'WITH', 'total': 10, 'mispronunciations': array([], dtype=object)}
 {'accuracy': 10, 'phones': array(['M', 'IY0'], dtype=object), 'phones-accuracy': array([2., 2.]), 'stress': 10, 'text': 'ME', 'total': 10, 'mispronunciations': array([], dtype=object)}]",2244,f,20,train,022440277,-56.91825734078884
022440277,33,IY1,0.9399999976158142,1.0299999713897705,-44.43789291381836,keep,,8,10.0,9,9,8,"[{'accuracy': 10, 'phones': array(['P', 'L', 'IY0', 'Z'], dtype=object), 'phones-accuracy': array([2. , 2. , 2. , 1.6]), 'stress': 10, 'text': 'PLEASE', 'total': 10, 'mispronunciations': array([], dtype=object)}
 {'accuracy': 10, 'phones': array(['K', 'IY0', 'P'], dtype=object), 'phones-accuracy': array([2., 2., 2.]), 'stress': 10, 'text': 'KEEP', 'total': 10, 'mispronunciations': array([], dtype=object)}
 {'accuracy': 10, 'phones': array(['IH0', 'N'], dtype=object), 'phones-accuracy': array([2., 2.]), 'stress': 10, 'text': 'IN', 'total': 10, 'mispronunciations': array([], dtype=object)}
 {'accuracy': 10, 'phones': array(['T', 'AH0', 'CH'], dtype=object), 'phones-accuracy': array([2., 2., 2.]), 'stress': 10, 'text': 'TOUCH', 'total': 10, 'mispronunciations': array([], dtype=object)}
 {'accuracy': 10, 'phones': array(['W', 'IH0', 'DH'], dtype=object), 'phones-accuracy': array([2., 2., 2.]), 'stress': 10, 'text': 'WITH', 'total': 10, 'mispronunciations': array([], dtype=object)}
 {'accuracy': 10, 'phones': array(['M', 'IY0'], dtype=object), 'phones-accuracy': array([2., 2.]), 'stress': 10, 'text': 'ME', 'total': 10, 'mispronunciations': array([], dtype=object)}]",2244,f,20,train,022440277,-44.29828406870365
022440277,34,P,1.0299999713897705,1.100000023841858,-59.90748977661133,keep,2.0,8,10.0,9,9,8,"[{'accuracy': 10, 'phones': array(['P', 'L', 'IY0', 'Z'], dtype=object), 'phones-accuracy': array([2. , 2. , 2. , 1.6]), 'stress': 10, 'text': 'PLEASE', 'total': 10, 'mispronunciations': array([], dtype=object)}
 {'accuracy': 10, 'phones': array(['K', 'IY0', 'P'], dtype=object), 'phones-accuracy': array([2., 2., 2.]), 'stress': 10, 'text': 'KEEP', 'total': 10, 'mispronunciations': array([], dtype=object)}
 {'accuracy': 10, 'phones': array(['IH0', 'N'], dtype=object), 'phones-accuracy': array([2., 2.]), 'stress': 10, 'text': 'IN', 'total': 10, 'mispronunciations': array([], dtype=object)}
 {'accuracy': 10, 'phones': array(['T', 'AH0', 'CH'], dtype=object), 'phones-accuracy': array([2., 2., 2.]), 'stress': 10, 'text': 'TOUCH', 'total': 10, 'mispronunciations': array([], dtype=object)}
 {'accuracy': 10, 'phones': array(['W', 'IH0', 'DH'], dtype=object), 'phones-accuracy': array([2., 2., 2.]), 'stress': 10, 'text': 'WITH', 'total': 10, 'mispronunciations': array([], dtype=object)}
 {'accuracy': 10, 'phones': array(['M', 'IY0'], dtype=object), 'phones-accuracy': array([2., 2.]), 'stress': 10, 'text': 'ME', 'total': 10, 'mispronunciations': array([], dtype=object)}]",2244,f,20,train,022440277,-59.79200142621994
022440277,35,IH0,1.100000023841858,1.149999976158142,-60.92443084716797,in,2.0,8,10.0,9,9,8,"[{'accuracy': 10, 'phones': array(['P', 'L', 'IY0', 'Z'], dtype=object), 'phones-accuracy': array([2. , 2. , 2. , 1.6]), 'stress': 10, 'text': 'PLEASE', 'total': 10, 'mispronunciations': array([], dtype=object)}
 {'accuracy': 10, 'phones': array(['K', 'IY0', 'P'], dtype=object), 'phones-accuracy': array([2., 2., 2.]), 'stress': 10, 'text': 'KEEP', 'total': 10, 'mispronunciations': array([], dtype=object)}
 {'accuracy': 10, 'phones': array(['IH0', 'N'], dtype=object), 'phones-accuracy': array([2., 2.]), 'stress': 10, 'text': 'IN', 'total': 10, 'mispronunciations': array([], dtype=object)}
 {'accuracy': 10, 'phones': array(['T', 'AH0', 'CH'], dtype=object), 'phones-accuracy': array([2., 2., 2.]), 'stress': 10, 'text': 'TOUCH', 'total': 10, 'mispronunciations': array([], dtype=object)}
 {'accuracy': 10, 'phones': array(['W', 'IH0', 'DH'], dtype=object), 'phones-accuracy': array([2., 2., 2.]), 'stress': 10, 'text': 'WITH', 'total': 10, 'mispronunciations': array([], dtype=object)}
 {'accuracy': 10, 'phones': array(['M', 'IY0'], dtype=object), 'phones-accuracy': array([2., 2.]), 'stress': 10, 'text': 'ME', 'total': 10, 'mispronunciations': array([], dtype=object)}]",2244,f,20,train,022440277,-60.73096293210983
022440277,36,N,1.149999976158142,1.2300000190734863,-50.32734680175781,in,2.0,8,10.0,9,9,8,"[{'accuracy': 10, 'phones': array(['P', 'L', 'IY0', 'Z'], dtype=object), 'phones-accuracy': array([2. , 2. , 2. , 1.6]), 'stress': 10, 'text': 'PLEASE', 'total': 10, 'mispronunciations': array([], dtype=object)}
 {'accuracy': 10, 'phones': array(['K', 'IY0', 'P'], dtype=object), 'phones-accuracy': array([2., 2., 2.]), 'stress': 10, 'text': 'KEEP', 'total': 10, 'mispronunciations': array([], dtype=object)}
 {'accuracy': 10, 'phones': array(['IH0', 'N'], dtype=object), 'phones-accuracy': array([2., 2.]), 'stress': 10, 'text': 'IN', 'total': 10, 'mispronunciations': array([], dtype=object)}
 {'accuracy': 10, 'phones': array(['T', 'AH0', 'CH'], dtype=object), 'phones-accuracy': array([2., 2., 2.]), 'stress': 10, 'text': 'TOUCH', 'total': 10, 'mispronunciations': array([], dtype=object)}
 {'accuracy': 10, 'phones': array(['W', 'IH0', 'DH'], dtype=object), 'phones-accuracy': array([2., 2., 2.]), 'stress': 10, 'text': 'WITH', 'total': 10, 'mispronunciations': array([], dtype=object)}
 {'accuracy': 10, 'phones': array(['M', 'IY0'], dtype=object), 'phones-accuracy': array([2., 2.]), 'stress': 10, 'text': 'ME', 'total': 10, 'mispronunciations': array([], dtype=object)}]",2244,f,20,train,022440277,-50.12175406515598
022440277,37,T,1.2300000190734863,1.340000033378601,-58.52758407592773,touch,2.0,8,10.0,9,9,8,"[{'accuracy': 10, 'phones': array(['P', 'L', 'IY0', 'Z'], dtype=object), 'phones-accuracy': array([2. , 2. , 2. , 1.6]), 'stress': 10, 'text': 'PLEASE', 'total': 10, 'mispronunciations': array([], dtype=object)}
 {'accuracy': 10, 'phones': array(['K', 'IY0', 'P'], dtype=object), 'phones-accuracy': array([2., 2., 2.]), 'stress': 10, 'text': 'KEEP', 'total': 10, 'mispronunciations': array([], dtype=object)}
 {'accuracy': 10, 'phones': array(['IH0', 'N'], dtype=object), 'phones-accuracy': array([2., 2.]), 'stress': 10, 'text': 'IN', 'total': 10, 'mispronunciations': array([], dtype=object)}
 {'accuracy': 10, 'phones': array(['T', 'AH0', 'CH'], dtype=object), 'phones-accuracy': array([2., 2., 2.]), 'stress': 10, 'text': 'TOUCH', 'total': 10, 'mispronunciations': array([], dtype=object)}
 {'accuracy': 10, 'phones': array(['W', 'IH0', 'DH'], dtype=object), 'phones-accuracy': array([2., 2., 2.]), 'stress': 10, 'text': 'WITH', 'total': 10, 'mispronunciations': array([], dtype=object)}
 {'accuracy': 10, 'phones': array(['M', 'IY0'], dtype=object), 'phones-accuracy': array([2., 2.]), 'stress': 10, 'text': 'ME', 'total': 10, 'mispronunciations': array([], dtype=object)}]",2244,f,20,train,022440277,-58.23079696297645
022440277,38,AH1,1.340000033378601,1.440000057220459,-50.39122009277344,touch,,8,10.0,9,9,8,"[{'accuracy': 10, 'phones': array(['P', 'L', 'IY0', 'Z'], dtype=object), 'phones-accuracy': array([2. , 2. , 2. , 1.6]), 'stress': 10, 'text': 'PLEASE', 'total': 10, 'mispronunciations': array([], dtype=object)}
 {'accuracy': 10, 'phones': array(['K', 'IY0', 'P'], dtype=object), 'phones-accuracy': array([2., 2., 2.]), 'stress': 10, 'text': 'KEEP', 'total': 10, 'mispronunciations': array([], dtype=object)}
 {'accuracy': 10, 'phones': array(['IH0', 'N'], dtype=object), 'phones-accuracy': array([2., 2.]), 'stress': 10, 'text': 'IN', 'total': 10, 'mispronunciations': array([], dtype=object)}
 {'accuracy': 10, 'phones': array(['T', 'AH0', 'CH'], dtype=object), 'phones-accuracy': array([2., 2., 2.]), 'stress': 10, 'text': 'TOUCH', 'total': 10, 'mispronunciations': array([], dtype=object)}
 {'accuracy': 10, 'phones': array(['W', 'IH0', 'DH'], dtype=object), 'phones-accuracy': array([2., 2., 2.]), 'stress': 10, 'text': 'WITH', 'total': 10, 'mispronunciations': array([], dtype=object)}
 {'accuracy': 10, 'phones': array(['M', 'IY0'], dtype=object), 'phones-accuracy': array([2., 2.]), 'stress': 10, 'text': 'ME', 'total': 10, 'mispronunciations': array([], dtype=object)}]",2244,f,20,train,022440277,-50.26638097316027
022440277,39,CH,1.440000057220459,1.5399999618530271,-61.34221649169922,touch,2.0,8,10.0,9,9,8,"[{'accuracy': 10, 'phones': array(['P', 'L', 'IY0', 'Z'], dtype=object), 'phones-accuracy': array([2. , 2. , 2. , 1.6]), 'stress': 10, 'text': 'PLEASE', 'total': 10, 'mispronunciations': array([], dtype=object)}
 {'accuracy': 10, 'phones': array(['K', 'IY0', 'P'], dtype=object), 'phones-accuracy': array([2., 2., 2.]), 'stress': 10, 'text': 'KEEP', 'total': 10, 'mispronunciations': array([], dtype=object)}
 {'accuracy': 10, 'phones': array(['IH0', 'N'], dtype=object), 'phones-accuracy': array([2., 2.]), 'stress': 10, 'text': 'IN', 'total': 10, 'mispronunciations': array([], dtype=object)}
 {'accuracy': 10, 'phones': array(['T', 'AH0', 'CH'], dtype=object), 'phones-accuracy': array([2., 2., 2.]), 'stress': 10, 'text': 'TOUCH', 'total': 10, 'mispronunciations': array([], dtype=object)}
 {'accuracy': 10, 'phones': array(['W', 'IH0', 'DH'], dtype=object), 'phones-accuracy': array([2., 2., 2.]), 'stress': 10, 'text': 'WITH', 'total': 10, 'mispronunciations': array([], dtype=object)}
 {'accuracy': 10, 'phones': array(['M', 'IY0'], dtype=object), 'phones-accuracy': array([2., 2.]), 'stress': 10, 'text': 'ME', 'total': 10, 'mispronunciations': array([], dtype=object)}]",2244,f,20,train,022440277,-61.10942620038986
022440277,40,W,1.5399999618530271,1.5800000429153442,-59.363712310791016,with,2.0,8,10.0,9,9,8,"[{'accuracy': 10, 'phones': array(['P', 'L', 'IY0', 'Z'], dtype=object), 'phones-accuracy': array([2. , 2. , 2. , 1.6]), 'stress': 10, 'text': 'PLEASE', 'total': 10, 'mispronunciations': array([], dtype=object)}
 {'accuracy': 10, 'phones': array(['K', 'IY0', 'P'], dtype=object), 'phones-accuracy': array([2., 2., 2.]), 'stress': 10, 'text': 'KEEP', 'total': 10, 'mispronunciations': array([], dtype=object)}
 {'accuracy': 10, 'phones': array(['IH0', 'N'], dtype=object), 'phones-accuracy': array([2., 2.]), 'stress': 10, 'text': 'IN', 'total': 10, 'mispronunciations': array([], dtype=object)}
 {'accuracy': 10, 'phones': array(['T', 'AH0', 'CH'], dtype=object), 'phones-accuracy': array([2., 2., 2.]), 'stress': 10, 'text': 'TOUCH', 'total': 10, 'mispronunciations': array([], dtype=object)}
 {'accuracy': 10, 'phones': array(['W', 'IH0', 'DH'], dtype=object), 'phones-accuracy': array([2., 2., 2.]), 'stress': 10, 'text': 'WITH', 'total': 10, 'mispronunciations': array([], dtype=object)}
 {'accuracy': 10, 'phones': array(['M', 'IY0'], dtype=object), 'phones-accuracy': array([2., 2.]), 'stress': 10, 'text': 'ME', 'total': 10, 'mispronunciations': array([], dtype=object)}]",2244,f,20,train,022440277,-59.266393929719925
022440277,41,IH0,1.5800000429153442,1.6399999856948853,-55.78593826293945,with,2.0,8,10.0,9,9,8,"[{'accuracy': 10, 'phones': array(['P', 'L', 'IY0', 'Z'], dtype=object), 'phones-accuracy': array([2. , 2. , 2. , 1.6]), 'stress': 10, 'text': 'PLEASE', 'total': 10, 'mispronunciations': array([], dtype=object)}
 {'accuracy': 10, 'phones': array(['K', 'IY0', 'P'], dtype=object), 'phones-accuracy': array([2., 2., 2.]), 'stress': 10, 'text': 'KEEP', 'total': 10, 'mispronunciations': array([], dtype=object)}
 {'accuracy': 10, 'phones': array(['IH0', 'N'], dtype=object), 'phones-accuracy': array([2., 2.]), 'stress': 10, 'text': 'IN', 'total': 10, 'mispronunciations': array([], dtype=object)}
 {'accuracy': 10, 'phones': array(['T', 'AH0', 'CH'], dtype=object), 'phones-accuracy': array([2., 2., 2.]), 'stress': 10, 'text': 'TOUCH', 'total': 10, 'mispronunciations': array([], dtype=object)}
 {'accuracy': 10, 'phones': array(['W', 'IH0', 'DH'], dtype=object), 'phones-accuracy': array([2., 2., 2.]), 'stress': 10, 'text': 'WITH', 'total': 10, 'mispronunciations': array([], dtype=object)}
 {'accuracy': 10, 'phones': array(['M', 'IY0'], dtype=object), 'phones-accuracy': array([2., 2.]), 'stress': 10, 'text': 'ME', 'total': 10, 'mispronunciations': array([], dtype=object)}]",2244,f,20,train,022440277,-55.507460564374924
022440277,42,TH,1.6399999856948853,1.6799999475479126,-55.15317535400391,with,,8,10.0,9,9,8,"[{'accuracy': 10, 'phones': array(['P', 'L', 'IY0', 'Z'], dtype=object), 'phones-accuracy': array([2. , 2. , 2. , 1.6]), 'stress': 10, 'text': 'PLEASE', 'total': 10, 'mispronunciations': array([], dtype=object)}
 {'accuracy': 10, 'phones': array(['K', 'IY0', 'P'], dtype=object), 'phones-accuracy': array([2., 2., 2.]), 'stress': 10, 'text': 'KEEP', 'total': 10, 'mispronunciations': array([], dtype=object)}
 {'accuracy': 10, 'phones': array(['IH0', 'N'], dtype=object), 'phones-accuracy': array([2., 2.]), 'stress': 10, 'text': 'IN', 'total': 10, 'mispronunciations': array([], dtype=object)}
 {'accuracy': 10, 'phones': array(['T', 'AH0', 'CH'], dtype=object), 'phones-accuracy': array([2., 2., 2.]), 'stress': 10, 'text': 'TOUCH', 'total': 10, 'mispronunciations': array([], dtype=object)}
 {'accuracy': 10, 'phones': array(['W', 'IH0', 'DH'], dtype=object), 'phones-accuracy': array([2., 2., 2.]), 'stress': 10, 'text': 'WITH', 'total': 10, 'mispronunciations': array([], dtype=object)}
 {'accuracy': 10, 'phones': array(['M', 'IY0'], dtype=object), 'phones-accuracy': array([2., 2.]), 'stress': 10, 'text': 'ME', 'total': 10, 'mispronunciations': array([], dtype=object)}]",2244,f,20,train,022440277,-54.895200490951545
022440277,43,M,1.6799999475479126,1.7699999809265137,-45.73704528808594,me,2.0,8,10.0,9,9,8,"[{'accuracy': 10, 'phones': array(['P', 'L', 'IY0', 'Z'], dtype=object), 'phones-accuracy': array([2. , 2. , 2. , 1.6]), 'stress': 10, 'text': 'PLEASE', 'total': 10, 'mispronunciations': array([], dtype=object)}
 {'accuracy': 10, 'phones': array(['K', 'IY0', 'P'], dtype=object), 'phones-accuracy': array([2., 2., 2.]), 'stress': 10, 'text': 'KEEP', 'total': 10, 'mispronunciations': array([], dtype=object)}
 {'accuracy': 10, 'phones': array(['IH0', 'N'], dtype=object), 'phones-accuracy': array([2., 2.]), 'stress': 10, 'text': 'IN', 'total': 10, 'mispronunciations': array([], dtype=object)}
 {'accuracy': 10, 'phones': array(['T', 'AH0', 'CH'], dtype=object), 'phones-accuracy': array([2., 2., 2.]), 'stress': 10, 'text': 'TOUCH', 'total': 10, 'mispronunciations': array([], dtype=object)}
 {'accuracy': 10, 'phones': array(['W', 'IH0', 'DH'], dtype=object), 'phones-accuracy': array([2., 2., 2.]), 'stress': 10, 'text': 'WITH', 'total': 10, 'mispronunciations': array([], dtype=object)}
 {'accuracy': 10, 'phones': array(['M', 'IY0'], dtype=object), 'phones-accuracy': array([2., 2.]), 'stress': 10, 'text': 'ME', 'total': 10, 'mispronunciations': array([], dtype=object)}]",2244,f,20,train,022440277,-45.549375265836716
022440277,44,IY1,1.7699999809265137,1.9900000095367432,-47.48939514160156,me,,8,10.0,9,9,8,"[{'accuracy': 10, 'phones': array(['P', 'L', 'IY0', 'Z'], dtype=object), 'phones-accuracy': array([2. , 2. , 2. , 1.6]), 'stress': 10, 'text': 'PLEASE', 'total': 10, 'mispronunciations': array([], dtype=object)}
 {'accuracy': 10, 'phones': array(['K', 'IY0', 'P'], dtype=object), 'phones-accuracy': array([2., 2., 2.]), 'stress': 10, 'text': 'KEEP', 'total': 10, 'mispronunciations': array([], dtype=object)}
 {'accuracy': 10, 'phones': array(['IH0', 'N'], dtype=object), 'phones-accuracy': array([2., 2.]), 'stress': 10, 'text': 'IN', 'total': 10, 'mispronunciations': array([], dtype=object)}
 {'accuracy': 10, 'phones': array(['T', 'AH0', 'CH'], dtype=object), 'phones-accuracy': array([2., 2., 2.]), 'stress': 10, 'text': 'TOUCH', 'total': 10, 'mispronunciations': array([], dtype=object)}
 {'accuracy': 10, 'phones': array(['W', 'IH0', 'DH'], dtype=object), 'phones-accuracy': array([2., 2., 2.]), 'stress': 10, 'text': 'WITH', 'total': 10, 'mispronunciations': array([], dtype=object)}
 {'accuracy': 10, 'phones': array(['M', 'IY0'], dtype=object), 'phones-accuracy': array([2., 2.]), 'stress': 10, 'text': 'ME', 'total': 10, 'mispronunciations': array([], dtype=object)}]",2244,f,20,train,022440277,-47.43897542357445
022440277,45,sil,1.9900000095367432,2.736999988555908,-42.96525573730469,<eps>,,8,10.0,9,9,8,"[{'accuracy': 10, 'phones': array(['P', 'L', 'IY0', 'Z'], dtype=object), 'phones-accuracy': array([2. , 2. , 2. , 1.6]), 'stress': 10, 'text': 'PLEASE', 'total': 10, 'mispronunciations': array([], dtype=object)}
 {'accuracy': 10, 'phones': array(['K', 'IY0', 'P'], dtype=object), 'phones-accuracy': array([2., 2., 2.]), 'stress': 10, 'text': 'KEEP', 'total': 10, 'mispronunciations': array([], dtype=object)}
 {'accuracy': 10, 'phones': array(['IH0', 'N'], dtype=object), 'phones-accuracy': array([2., 2.]), 'stress': 10, 'text': 'IN', 'total': 10, 'mispronunciations': array([], dtype=object)}
 {'accuracy': 10, 'phones': array(['T', 'AH0', 'CH'], dtype=object), 'phones-accuracy': array([2., 2., 2.]), 'stress': 10, 'text': 'TOUCH', 'total': 10, 'mispronunciations': array([], dtype=object)}
 {'accuracy': 10, 'phones': array(['W', 'IH0', 'DH'], dtype=object), 'phones-accuracy': array([2., 2., 2.]), 'stress': 10, 'text': 'WITH', 'total': 10, 'mispronunciations': array([], dtype=object)}
 {'accuracy': 10, 'phones': array(['M', 'IY0'], dtype=object), 'phones-accuracy': array([2., 2.]), 'stress': 10, 'text': 'ME', 'total': 10, 'mispronunciations': array([], dtype=object)}]",2244,f,20,train,022440277,-42.89714924991131
022440189,46,sil,0.0,0.5400000214576721,-41.421573638916016,<eps>,,9,10.0,9,8,8,"[{'accuracy': 10, 'phones': array(['IH0', 'T', 'S'], dtype=object), 'phones-accuracy': array([2., 2., 2.]), 'stress': 10, 'text': ""IT'S"", 'total': 10, 'mispronunciations': array([], dtype=object)}
 {'accuracy': 10, 'phones': array(['AH0', 'P'], dtype=object), 'phones-accuracy': array([2., 2.]), 'stress': 10, 'text': 'UP', 'total': 10, 'mispronunciations': array([], dtype=object)}
 {'accuracy': 10, 'phones': array(['T', 'UW0'], dtype=object), 'phones-accuracy': array([2. , 1.8]), 'stress': 10, 'text': 'TO', 'total': 10, 'mispronunciations': array([], dtype=object)}
 {'accuracy': 10, 'phones': array(['Y', 'UW0'], dtype=object), 'phones-accuracy': array([2. , 1.8]), 'stress': 10, 'text': 'YOU', 'total': 10, 'mispronunciations': array([], dtype=object)}
 {'accuracy': 10, 'phones': array(['T', 'UW0'], dtype=object), 'phones-accuracy': array([2., 2.]), 'stress': 10, 'text': 'TO', 'total': 10, 'mispronunciations': array([], dtype=object)}
 {'accuracy': 10, 'phones': array(['M', 'EY0', 'K'], dtype=object), 'phones-accuracy': array([2., 2., 2.]), 'stress': 10, 'text': 'MAKE', 'total': 10, 'mispronunciations': array([], dtype=object)}
 {'accuracy': 10, 'phones': array(['SH', 'UH', 'AH0'], dtype=object), 'phones-accuracy': array([2., 2., 2.]), 'stress': 10, 'text': 'SURE', 'total': 10, 'mispronunciations': array([], dtype=object)}
 {'accuracy': 10, 'phones': array(['DH', 'EY0'], dtype=object), 'phones-accuracy': array([2., 2.]), 'stress': 10, 'text': 'THEY', 'total': 10, 'mispronunciations': array([], dtype=object)}
 {'accuracy': 10, 'phones': array(['N', 'EH1', 'V', 'AH0'], dtype=object), 'phones-accuracy': array([2., 2., 2., 2.]), 'stress': 10, 'text': 'NEVER', 'total': 10, 'mispronunciations': array([], dtype=object)}
 {'accuracy': 10, 'phones': array(['F', 'AH0', 'G', 'EH0', 'T'], dtype=object), 'phones-accuracy': array([2., 2., 2., 2., 2.]), 'stress': 10, 'text': 'FORGET', 'total': 10, 'mispronunciations': array([], dtype=object)}]",2244,f,20,train,022440189,-41.39408244006336
022440189,47,IH1,0.5400000214576721,0.6399999856948853,-56.46295166015625,it's,,9,10.0,9,8,8,"[{'accuracy': 10, 'phones': array(['IH0', 'T', 'S'], dtype=object), 'phones-accuracy': array([2., 2., 2.]), 'stress': 10, 'text': ""IT'S"", 'total': 10, 'mispronunciations': array([], dtype=object)}
 {'accuracy': 10, 'phones': array(['AH0', 'P'], dtype=object), 'phones-accuracy': array([2., 2.]), 'stress': 10, 'text': 'UP', 'total': 10, 'mispronunciations': array([], dtype=object)}
 {'accuracy': 10, 'phones': array(['T', 'UW0'], dtype=object), 'phones-accuracy': array([2. , 1.8]), 'stress': 10, 'text': 'TO', 'total': 10, 'mispronunciations': array([], dtype=object)}
 {'accuracy': 10, 'phones': array(['Y', 'UW0'], dtype=object), 'phones-accuracy': array([2. , 1.8]), 'stress': 10, 'text': 'YOU', 'total': 10, 'mispronunciations': array([], dtype=object)}
 {'accuracy': 10, 'phones': array(['T', 'UW0'], dtype=object), 'phones-accuracy': array([2., 2.]), 'stress': 10, 'text': 'TO', 'total': 10, 'mispronunciations': array([], dtype=object)}
 {'accuracy': 10, 'phones': array(['M', 'EY0', 'K'], dtype=object), 'phones-accuracy': array([2., 2., 2.]), 'stress': 10, 'text': 'MAKE', 'total': 10, 'mispronunciations': array([], dtype=object)}
 {'accuracy': 10, 'phones': array(['SH', 'UH', 'AH0'], dtype=object), 'phones-accuracy': array([2., 2., 2.]), 'stress': 10, 'text': 'SURE', 'total': 10, 'mispronunciations': array([], dtype=object)}
 {'accuracy': 10, 'phones': array(['DH', 'EY0'], dtype=object), 'phones-accuracy': array([2., 2.]), 'stress': 10, 'text': 'THEY', 'total': 10, 'mispronunciations': array([], dtype=object)}
 {'accuracy': 10, 'phones': array(['N', 'EH1', 'V', 'AH0'], dtype=object), 'phones-accuracy': array([2., 2., 2., 2.]), 'stress': 10, 'text': 'NEVER', 'total': 10, 'mispronunciations': array([], dtype=object)}
 {'accuracy': 10, 'phones': array(['F', 'AH0', 'G', 'EH0', 'T'], dtype=object), 'phones-accuracy': array([2., 2., 2., 2., 2.]), 'stress': 10, 'text': 'FORGET', 'total': 10, 'mispronunciations': array([], dtype=object)}]",2244,f,20,train,022440189,-56.31537364423275
022440189,48,T,0.6399999856948853,0.6800000071525574,-67.67636108398438,it's,2.0,9,10.0,9,8,8,"[{'accuracy': 10, 'phones': array(['IH0', 'T', 'S'], dtype=object), 'phones-accuracy': array([2., 2., 2.]), 'stress': 10, 'text': ""IT'S"", 'total': 10, 'mispronunciations': array([], dtype=object)}
 {'accuracy': 10, 'phones': array(['AH0', 'P'], dtype=object), 'phones-accuracy': array([2., 2.]), 'stress': 10, 'text': 'UP', 'total': 10, 'mispronunciations': array([], dtype=object)}
 {'accuracy': 10, 'phones': array(['T', 'UW0'], dtype=object), 'phones-accuracy': array([2. , 1.8]), 'stress': 10, 'text': 'TO', 'total': 10, 'mispronunciations': array([], dtype=object)}
 {'accuracy': 10, 'phones': array(['Y', 'UW0'], dtype=object), 'phones-accuracy': array([2. , 1.8]), 'stress': 10, 'text': 'YOU', 'total': 10, 'mispronunciations': array([], dtype=object)}
 {'accuracy': 10, 'phones': array(['T', 'UW0'], dtype=object), 'phones-accuracy': array([2., 2.]), 'stress': 10, 'text': 'TO', 'total': 10, 'mispronunciations': array([], dtype=object)}
 {'accuracy': 10, 'phones': array(['M', 'EY0', 'K'], dtype=object), 'phones-accuracy': array([2., 2., 2.]), 'stress': 10, 'text': 'MAKE', 'total': 10, 'mispronunciations': array([], dtype=object)}
 {'accuracy': 10, 'phones': array(['SH', 'UH', 'AH0'], dtype=object), 'phones-accuracy': array([2., 2., 2.]), 'stress': 10, 'text': 'SURE', 'total': 10, 'mispronunciations': array([], dtype=object)}
 {'accuracy': 10, 'phones': array(['DH', 'EY0'], dtype=object), 'phones-accuracy': array([2., 2.]), 'stress': 10, 'text': 'THEY', 'total': 10, 'mispronunciations': array([], dtype=object)}
 {'accuracy': 10, 'phones': array(['N', 'EH1', 'V', 'AH0'], dtype=object), 'phones-accuracy': array([2., 2., 2., 2.]), 'stress': 10, 'text': 'NEVER', 'total': 10, 'mispronunciations': array([], dtype=object)}
 {'accuracy': 10, 'phones': array(['F', 'AH0', 'G', 'EH0', 'T'], dtype=object), 'phones-accuracy': array([2., 2., 2., 2., 2.]), 'stress': 10, 'text': 'FORGET', 'total': 10, 'mispronunciations': array([], dtype=object)}]",2244,f,20,train,022440189,-67.4528769403696
022440189,49,S,0.6800000071525574,0.7400000095367432,-56.36215591430664,it's,2.0,9,10.0,9,8,8,"[{'accuracy': 10, 'phones': array(['IH0', 'T', 'S'], dtype=object), 'phones-accuracy': array([2., 2., 2.]), 'stress': 10, 'text': ""IT'S"", 'total': 10, 'mispronunciations': array([], dtype=object)}
 {'accuracy': 10, 'phones': array(['AH0', 'P'], dtype=object), 'phones-accuracy': array([2., 2.]), 'stress': 10, 'text': 'UP', 'total': 10, 'mispronunciations': array([], dtype=object)}
 {'accuracy': 10, 'phones': array(['T', 'UW0'], dtype=object), 'phones-accuracy': array([2. , 1.8]), 'stress': 10, 'text': 'TO', 'total': 10, 'mispronunciations': array([], dtype=object)}
 {'accuracy': 10, 'phones': array(['Y', 'UW0'], dtype=object), 'phones-accuracy': array([2. , 1.8]), 'stress': 10, 'text': 'YOU', 'total': 10, 'mispronunciations': array([], dtype=object)}
 {'accuracy': 10, 'phones': array(['T', 'UW0'], dtype=object), 'phones-accuracy': array([2., 2.]), 'stress': 10, 'text': 'TO', 'total': 10, 'mispronunciations': array([], dtype=object)}
 {'accuracy': 10, 'phones': array(['M', 'EY0', 'K'], dtype=object), 'phones-accuracy': array([2., 2., 2.]), 'stress': 10, 'text': 'MAKE', 'total': 10, 'mispronunciations': array([], dtype=object)}
 {'accuracy': 10, 'phones': array(['SH', 'UH', 'AH0'], dtype=object), 'phones-accuracy': array([2., 2., 2.]), 'stress': 10, 'text': 'SURE', 'total': 10, 'mispronunciations': array([], dtype=object)}
 {'accuracy': 10, 'phones': array(['DH', 'EY0'], dtype=object), 'phones-accuracy': array([2., 2.]), 'stress': 10, 'text': 'THEY', 'total': 10, 'mispronunciations': array([], dtype=object)}
 {'accuracy': 10, 'phones': array(['N', 'EH1', 'V', 'AH0'], dtype=object), 'phones-accuracy': array([2., 2., 2., 2.]), 'stress': 10, 'text': 'NEVER', 'total': 10, 'mispronunciations': array([], dtype=object)}
 {'accuracy': 10, 'phones': array(['F', 'AH0', 'G', 'EH0', 'T'], dtype=object), 'phones-accuracy': array([2., 2., 2., 2., 2.]), 'stress': 10, 'text': 'FORGET', 'total': 10, 'mispronunciations': array([], dtype=object)}]",2244,f,20,train,022440189,-56.27857719361782
022440189,50,sil,0.7400000095367432,0.7699999809265137,-70.38558197021484,<eps>,,9,10.0,9,8,8,"[{'accuracy': 10, 'phones': array(['IH0', 'T', 'S'], dtype=object), 'phones-accuracy': array([2., 2., 2.]), 'stress': 10, 'text': ""IT'S"", 'total': 10, 'mispronunciations': array([], dtype=object)}
 {'accuracy': 10, 'phones': array(['AH0', 'P'], dtype=object), 'phones-accuracy': array([2., 2.]), 'stress': 10, 'text': 'UP', 'total': 10, 'mispronunciations': array([], dtype=object)}
 {'accuracy': 10, 'phones': array(['T', 'UW0'], dtype=object), 'phones-accuracy': array([2. , 1.8]), 'stress': 10, 'text': 'TO', 'total': 10, 'mispronunciations': array([], dtype=object)}
 {'accuracy': 10, 'phones': array(['Y', 'UW0'], dtype=object), 'phones-accuracy': array([2. , 1.8]), 'stress': 10, 'text': 'YOU', 'total': 10, 'mispronunciations': array([], dtype=object)}
 {'accuracy': 10, 'phones': array(['T', 'UW0'], dtype=object), 'phones-accuracy': array([2., 2.]), 'stress': 10, 'text': 'TO', 'total': 10, 'mispronunciations': array([], dtype=object)}
 {'accuracy': 10, 'phones': array(['M', 'EY0', 'K'], dtype=object), 'phones-accuracy': array([2., 2., 2.]), 'stress': 10, 'text': 'MAKE', 'total': 10, 'mispronunciations': array([], dtype=object)}
 {'accuracy': 10, 'phones': array(['SH', 'UH', 'AH0'], dtype=object), 'phones-accuracy': array([2., 2., 2.]), 'stress': 10, 'text': 'SURE', 'total': 10, 'mispronunciations': array([], dtype=object)}
 {'accuracy': 10, 'phones': array(['DH', 'EY0'], dtype=object), 'phones-accuracy': array([2., 2.]), 'stress': 10, 'text': 'THEY', 'total': 10, 'mispronunciations': array([], dtype=object)}
 {'accuracy': 10, 'phones': array(['N', 'EH1', 'V', 'AH0'], dtype=object), 'phones-accuracy': array([2., 2., 2., 2.]), 'stress': 10, 'text': 'NEVER', 'total': 10, 'mispronunciations': array([], dtype=object)}
 {'accuracy': 10, 'phones': array(['F', 'AH0', 'G', 'EH0', 'T'], dtype=object), 'phones-accuracy': array([2., 2., 2., 2., 2.]), 'stress': 10, 'text': 'FORGET', 'total': 10, 'mispronunciations': array([], dtype=object)}]",2244,f,20,train,022440189,-70.3002404794097
022440189,51,AH1,0.7699999809265137,1.0199999809265137,-49.54190444946289,up,,9,10.0,9,8,8,"[{'accuracy': 10, 'phones': array(['IH0', 'T', 'S'], dtype=object), 'phones-accuracy': array([2., 2., 2.]), 'stress': 10, 'text': ""IT'S"", 'total': 10, 'mispronunciations': array([], dtype=object)}
 {'accuracy': 10, 'phones': array(['AH0', 'P'], dtype=object), 'phones-accuracy': array([2., 2.]), 'stress': 10, 'text': 'UP', 'total': 10, 'mispronunciations': array([], dtype=object)}
 {'accuracy': 10, 'phones': array(['T', 'UW0'], dtype=object), 'phones-accuracy': array([2. , 1.8]), 'stress': 10, 'text': 'TO', 'total': 10, 'mispronunciations': array([], dtype=object)}
 {'accuracy': 10, 'phones': array(['Y', 'UW0'], dtype=object), 'phones-accuracy': array([2. , 1.8]), 'stress': 10, 'text': 'YOU', 'total': 10, 'mispronunciations': array([], dtype=object)}
 {'accuracy': 10, 'phones': array(['T', 'UW0'], dtype=object), 'phones-accuracy': array([2., 2.]), 'stress': 10, 'text': 'TO', 'total': 10, 'mispronunciations': array([], dtype=object)}
 {'accuracy': 10, 'phones': array(['M', 'EY0', 'K'], dtype=object), 'phones-accuracy': array([2., 2., 2.]), 'stress': 10, 'text': 'MAKE', 'total': 10, 'mispronunciations': array([], dtype=object)}
 {'accuracy': 10, 'phones': array(['SH', 'UH', 'AH0'], dtype=object), 'phones-accuracy': array([2., 2., 2.]), 'stress': 10, 'text': 'SURE', 'total': 10, 'mispronunciations': array([], dtype=object)}
 {'accuracy': 10, 'phones': array(['DH', 'EY0'], dtype=object), 'phones-accuracy': array([2., 2.]), 'stress': 10, 'text': 'THEY', 'total': 10, 'mispronunciations': array([], dtype=object)}
 {'accuracy': 10, 'phones': array(['N', 'EH1', 'V', 'AH0'], dtype=object), 'phones-accuracy': array([2., 2., 2., 2.]), 'stress': 10, 'text': 'NEVER', 'total': 10, 'mispronunciations': array([], dtype=object)}
 {'accuracy': 10, 'phones': array(['F', 'AH0', 'G', 'EH0', 'T'], dtype=object), 'phones-accuracy': array([2., 2., 2., 2., 2.]), 'stress': 10, 'text': 'FORGET', 'total': 10, 'mispronunciations': array([], dtype=object)}]",2244,f,20,train,022440189,-49.241354554891586
022440189,52,P,1.0199999809265137,1.0499999523162842,-62.367462158203125,up,2.0,9,10.0,9,8,8,"[{'accuracy': 10, 'phones': array(['IH0', 'T', 'S'], dtype=object), 'phones-accuracy': array([2., 2., 2.]), 'stress': 10, 'text': ""IT'S"", 'total': 10, 'mispronunciations': array([], dtype=object)}
 {'accuracy': 10, 'phones': array(['AH0', 'P'], dtype=object), 'phones-accuracy': array([2., 2.]), 'stress': 10, 'text': 'UP', 'total': 10, 'mispronunciations': array([], dtype=object)}
 {'accuracy': 10, 'phones': array(['T', 'UW0'], dtype=object), 'phones-accuracy': array([2. , 1.8]), 'stress': 10, 'text': 'TO', 'total': 10, 'mispronunciations': array([], dtype=object)}
 {'accuracy': 10, 'phones': array(['Y', 'UW0'], dtype=object), 'phones-accuracy': array([2. , 1.8]), 'stress': 10, 'text': 'YOU', 'total': 10, 'mispronunciations': array([], dtype=object)}
 {'accuracy': 10, 'phones': array(['T', 'UW0'], dtype=object), 'phones-accuracy': array([2., 2.]), 'stress': 10, 'text': 'TO', 'total': 10, 'mispronunciations': array([], dtype=object)}
 {'accuracy': 10, 'phones': array(['M', 'EY0', 'K'], dtype=object), 'phones-accuracy': array([2., 2., 2.]), 'stress': 10, 'text': 'MAKE', 'total': 10, 'mispronunciations': array([], dtype=object)}
 {'accuracy': 10, 'phones': array(['SH', 'UH', 'AH0'], dtype=object), 'phones-accuracy': array([2., 2., 2.]), 'stress': 10, 'text': 'SURE', 'total': 10, 'mispronunciations': array([], dtype=object)}
 {'accuracy': 10, 'phones': array(['DH', 'EY0'], dtype=object), 'phones-accuracy': array([2., 2.]), 'stress': 10, 'text': 'THEY', 'total': 10, 'mispronunciations': array([], dtype=object)}
 {'accuracy': 10, 'phones': array(['N', 'EH1', 'V', 'AH0'], dtype=object), 'phones-accuracy': array([2., 2., 2., 2.]), 'stress': 10, 'text': 'NEVER', 'total': 10, 'mispronunciations': array([], dtype=object)}
 {'accuracy': 10, 'phones': array(['F', 'AH0', 'G', 'EH0', 'T'], dtype=object), 'phones-accuracy': array([2., 2., 2., 2., 2.]), 'stress': 10, 'text': 'FORGET', 'total': 10, 'mispronunciations': array([], dtype=object)}]",2244,f,20,train,022440189,-62.28989891707897
022440189,53,T,1.0499999523162842,1.1200000047683716,-60.90830612182617,to,2.0,9,10.0,9,8,8,"[{'accuracy': 10, 'phones': array(['IH0', 'T', 'S'], dtype=object), 'phones-accuracy': array([2., 2., 2.]), 'stress': 10, 'text': ""IT'S"", 'total': 10, 'mispronunciations': array([], dtype=object)}
 {'accuracy': 10, 'phones': array(['AH0', 'P'], dtype=object), 'phones-accuracy': array([2., 2.]), 'stress': 10, 'text': 'UP', 'total': 10, 'mispronunciations': array([], dtype=object)}
 {'accuracy': 10, 'phones': array(['T', 'UW0'], dtype=object), 'phones-accuracy': array([2. , 1.8]), 'stress': 10, 'text': 'TO', 'total': 10, 'mispronunciations': array([], dtype=object)}
 {'accuracy': 10, 'phones': array(['Y', 'UW0'], dtype=object), 'phones-accuracy': array([2. , 1.8]), 'stress': 10, 'text': 'YOU', 'total': 10, 'mispronunciations': array([], dtype=object)}
 {'accuracy': 10, 'phones': array(['T', 'UW0'], dtype=object), 'phones-accuracy': array([2., 2.]), 'stress': 10, 'text': 'TO', 'total': 10, 'mispronunciations': array([], dtype=object)}
 {'accuracy': 10, 'phones': array(['M', 'EY0', 'K'], dtype=object), 'phones-accuracy': array([2., 2., 2.]), 'stress': 10, 'text': 'MAKE', 'total': 10, 'mispronunciations': array([], dtype=object)}
 {'accuracy': 10, 'phones': array(['SH', 'UH', 'AH0'], dtype=object), 'phones-accuracy': array([2., 2., 2.]), 'stress': 10, 'text': 'SURE', 'total': 10, 'mispronunciations': array([], dtype=object)}
 {'accuracy': 10, 'phones': array(['DH', 'EY0'], dtype=object), 'phones-accuracy': array([2., 2.]), 'stress': 10, 'text': 'THEY', 'total': 10, 'mispronunciations': array([], dtype=object)}
 {'accuracy': 10, 'phones': array(['N', 'EH1', 'V', 'AH0'], dtype=object), 'phones-accuracy': array([2., 2., 2., 2.]), 'stress': 10, 'text': 'NEVER', 'total': 10, 'mispronunciations': array([], dtype=object)}
 {'accuracy': 10, 'phones': array(['F', 'AH0', 'G', 'EH0', 'T'], dtype=object), 'phones-accuracy': array([2., 2., 2., 2., 2.]), 'stress': 10, 'text': 'FORGET', 'total': 10, 'mispronunciations': array([], dtype=object)}]",2244,f,20,train,022440189,-60.79819717258215
022440189,54,IH0,1.1200000047683716,1.1799999475479126,-48.96385192871094,to,2.0,9,10.0,9,8,8,"[{'accuracy': 10, 'phones': array(['IH0', 'T', 'S'], dtype=object), 'phones-accuracy': array([2., 2., 2.]), 'stress': 10, 'text': ""IT'S"", 'total': 10, 'mispronunciations': array([], dtype=object)}
 {'accuracy': 10, 'phones': array(['AH0', 'P'], dtype=object), 'phones-accuracy': array([2., 2.]), 'stress': 10, 'text': 'UP', 'total': 10, 'mispronunciations': array([], dtype=object)}
 {'accuracy': 10, 'phones': array(['T', 'UW0'], dtype=object), 'phones-accuracy': array([2. , 1.8]), 'stress': 10, 'text': 'TO', 'total': 10, 'mispronunciations': array([], dtype=object)}
 {'accuracy': 10, 'phones': array(['Y', 'UW0'], dtype=object), 'phones-accuracy': array([2. , 1.8]), 'stress': 10, 'text': 'YOU', 'total': 10, 'mispronunciations': array([], dtype=object)}
 {'accuracy': 10, 'phones': array(['T', 'UW0'], dtype=object), 'phones-accuracy': array([2., 2.]), 'stress': 10, 'text': 'TO', 'total': 10, 'mispronunciations': array([], dtype=object)}
 {'accuracy': 10, 'phones': array(['M', 'EY0', 'K'], dtype=object), 'phones-accuracy': array([2., 2., 2.]), 'stress': 10, 'text': 'MAKE', 'total': 10, 'mispronunciations': array([], dtype=object)}
 {'accuracy': 10, 'phones': array(['SH', 'UH', 'AH0'], dtype=object), 'phones-accuracy': array([2., 2., 2.]), 'stress': 10, 'text': 'SURE', 'total': 10, 'mispronunciations': array([], dtype=object)}
 {'accuracy': 10, 'phones': array(['DH', 'EY0'], dtype=object), 'phones-accuracy': array([2., 2.]), 'stress': 10, 'text': 'THEY', 'total': 10, 'mispronunciations': array([], dtype=object)}
 {'accuracy': 10, 'phones': array(['N', 'EH1', 'V', 'AH0'], dtype=object), 'phones-accuracy': array([2., 2., 2., 2.]), 'stress': 10, 'text': 'NEVER', 'total': 10, 'mispronunciations': array([], dtype=object)}
 {'accuracy': 10, 'phones': array(['F', 'AH0', 'G', 'EH0', 'T'], dtype=object), 'phones-accuracy': array([2., 2., 2., 2., 2.]), 'stress': 10, 'text': 'FORGET', 'total': 10, 'mispronunciations': array([], dtype=object)}]",2244,f,20,train,022440189,-48.74034455418587
022440189,55,Y,1.1799999475479126,1.3799999952316284,-53.27789306640625,you,2.0,9,10.0,9,8,8,"[{'accuracy': 10, 'phones': array(['IH0', 'T', 'S'], dtype=object), 'phones-accuracy': array([2., 2., 2.]), 'stress': 10, 'text': ""IT'S"", 'total': 10, 'mispronunciations': array([], dtype=object)}
 {'accuracy': 10, 'phones': array(['AH0', 'P'], dtype=object), 'phones-accuracy': array([2., 2.]), 'stress': 10, 'text': 'UP', 'total': 10, 'mispronunciations': array([], dtype=object)}
 {'accuracy': 10, 'phones': array(['T', 'UW0'], dtype=object), 'phones-accuracy': array([2. , 1.8]), 'stress': 10, 'text': 'TO', 'total': 10, 'mispronunciations': array([], dtype=object)}
 {'accuracy': 10, 'phones': array(['Y', 'UW0'], dtype=object), 'phones-accuracy': array([2. , 1.8]), 'stress': 10, 'text': 'YOU', 'total': 10, 'mispronunciations': array([], dtype=object)}
 {'accuracy': 10, 'phones': array(['T', 'UW0'], dtype=object), 'phones-accuracy': array([2., 2.]), 'stress': 10, 'text': 'TO', 'total': 10, 'mispronunciations': array([], dtype=object)}
 {'accuracy': 10, 'phones': array(['M', 'EY0', 'K'], dtype=object), 'phones-accuracy': array([2., 2., 2.]), 'stress': 10, 'text': 'MAKE', 'total': 10, 'mispronunciations': array([], dtype=object)}
 {'accuracy': 10, 'phones': array(['SH', 'UH', 'AH0'], dtype=object), 'phones-accuracy': array([2., 2., 2.]), 'stress': 10, 'text': 'SURE', 'total': 10, 'mispronunciations': array([], dtype=object)}
 {'accuracy': 10, 'phones': array(['DH', 'EY0'], dtype=object), 'phones-accuracy': array([2., 2.]), 'stress': 10, 'text': 'THEY', 'total': 10, 'mispronunciations': array([], dtype=object)}
 {'accuracy': 10, 'phones': array(['N', 'EH1', 'V', 'AH0'], dtype=object), 'phones-accuracy': array([2., 2., 2., 2.]), 'stress': 10, 'text': 'NEVER', 'total': 10, 'mispronunciations': array([], dtype=object)}
 {'accuracy': 10, 'phones': array(['F', 'AH0', 'G', 'EH0', 'T'], dtype=object), 'phones-accuracy': array([2., 2., 2., 2., 2.]), 'stress': 10, 'text': 'FORGET', 'total': 10, 'mispronunciations': array([], dtype=object)}]",2244,f,20,train,022440189,-52.971672743558884
022440189,56,UW1,1.3799999952316284,1.4600000381469729,-49.31373977661133,you,,9,10.0,9,8,8,"[{'accuracy': 10, 'phones': array(['IH0', 'T', 'S'], dtype=object), 'phones-accuracy': array([2., 2., 2.]), 'stress': 10, 'text': ""IT'S"", 'total': 10, 'mispronunciations': array([], dtype=object)}
 {'accuracy': 10, 'phones': array(['AH0', 'P'], dtype=object), 'phones-accuracy': array([2., 2.]), 'stress': 10, 'text': 'UP', 'total': 10, 'mispronunciations': array([], dtype=object)}
 {'accuracy': 10, 'phones': array(['T', 'UW0'], dtype=object), 'phones-accuracy': array([2. , 1.8]), 'stress': 10, 'text': 'TO', 'total': 10, 'mispronunciations': array([], dtype=object)}
 {'accuracy': 10, 'phones': array(['Y', 'UW0'], dtype=object), 'phones-accuracy': array([2. , 1.8]), 'stress': 10, 'text': 'YOU', 'total': 10, 'mispronunciations': array([], dtype=object)}
 {'accuracy': 10, 'phones': array(['T', 'UW0'], dtype=object), 'phones-accuracy': array([2., 2.]), 'stress': 10, 'text': 'TO', 'total': 10, 'mispronunciations': array([], dtype=object)}
 {'accuracy': 10, 'phones': array(['M', 'EY0', 'K'], dtype=object), 'phones-accuracy': array([2., 2., 2.]), 'stress': 10, 'text': 'MAKE', 'total': 10, 'mispronunciations': array([], dtype=object)}
 {'accuracy': 10, 'phones': array(['SH', 'UH', 'AH0'], dtype=object), 'phones-accuracy': array([2., 2., 2.]), 'stress': 10, 'text': 'SURE', 'total': 10, 'mispronunciations': array([], dtype=object)}
 {'accuracy': 10, 'phones': array(['DH', 'EY0'], dtype=object), 'phones-accuracy': array([2., 2.]), 'stress': 10, 'text': 'THEY', 'total': 10, 'mispronunciations': array([], dtype=object)}
 {'accuracy': 10, 'phones': array(['N', 'EH1', 'V', 'AH0'], dtype=object), 'phones-accuracy': array([2., 2., 2., 2.]), 'stress': 10, 'text': 'NEVER', 'total': 10, 'mispronunciations': array([], dtype=object)}
 {'accuracy': 10, 'phones': array(['F', 'AH0', 'G', 'EH0', 'T'], dtype=object), 'phones-accuracy': array([2., 2., 2., 2., 2.]), 'stress': 10, 'text': 'FORGET', 'total': 10, 'mispronunciations': array([], dtype=object)}]",2244,f,20,train,022440189,-49.07293963432312
022440189,57,T,1.4600000381469729,1.559999942779541,-59.96939086914063,to,2.0,9,10.0,9,8,8,"[{'accuracy': 10, 'phones': array(['IH0', 'T', 'S'], dtype=object), 'phones-accuracy': array([2., 2., 2.]), 'stress': 10, 'text': ""IT'S"", 'total': 10, 'mispronunciations': array([], dtype=object)}
 {'accuracy': 10, 'phones': array(['AH0', 'P'], dtype=object), 'phones-accuracy': array([2., 2.]), 'stress': 10, 'text': 'UP', 'total': 10, 'mispronunciations': array([], dtype=object)}
 {'accuracy': 10, 'phones': array(['T', 'UW0'], dtype=object), 'phones-accuracy': array([2. , 1.8]), 'stress': 10, 'text': 'TO', 'total': 10, 'mispronunciations': array([], dtype=object)}
 {'accuracy': 10, 'phones': array(['Y', 'UW0'], dtype=object), 'phones-accuracy': array([2. , 1.8]), 'stress': 10, 'text': 'YOU', 'total': 10, 'mispronunciations': array([], dtype=object)}
 {'accuracy': 10, 'phones': array(['T', 'UW0'], dtype=object), 'phones-accuracy': array([2., 2.]), 'stress': 10, 'text': 'TO', 'total': 10, 'mispronunciations': array([], dtype=object)}
 {'accuracy': 10, 'phones': array(['M', 'EY0', 'K'], dtype=object), 'phones-accuracy': array([2., 2., 2.]), 'stress': 10, 'text': 'MAKE', 'total': 10, 'mispronunciations': array([], dtype=object)}
 {'accuracy': 10, 'phones': array(['SH', 'UH', 'AH0'], dtype=object), 'phones-accuracy': array([2., 2., 2.]), 'stress': 10, 'text': 'SURE', 'total': 10, 'mispronunciations': array([], dtype=object)}
 {'accuracy': 10, 'phones': array(['DH', 'EY0'], dtype=object), 'phones-accuracy': array([2., 2.]), 'stress': 10, 'text': 'THEY', 'total': 10, 'mispronunciations': array([], dtype=object)}
 {'accuracy': 10, 'phones': array(['N', 'EH1', 'V', 'AH0'], dtype=object), 'phones-accuracy': array([2., 2., 2., 2.]), 'stress': 10, 'text': 'NEVER', 'total': 10, 'mispronunciations': array([], dtype=object)}
 {'accuracy': 10, 'phones': array(['F', 'AH0', 'G', 'EH0', 'T'], dtype=object), 'phones-accuracy': array([2., 2., 2., 2., 2.]), 'stress': 10, 'text': 'FORGET', 'total': 10, 'mispronunciations': array([], dtype=object)}]",2244,f,20,train,022440189,-59.61451250314713
022440189,58,AH0,1.559999942779541,1.600000023841858,-44.78382873535156,to,2.0,9,10.0,9,8,8,"[{'accuracy': 10, 'phones': array(['IH0', 'T', 'S'], dtype=object), 'phones-accuracy': array([2., 2., 2.]), 'stress': 10, 'text': ""IT'S"", 'total': 10, 'mispronunciations': array([], dtype=object)}
 {'accuracy': 10, 'phones': array(['AH0', 'P'], dtype=object), 'phones-accuracy': array([2., 2.]), 'stress': 10, 'text': 'UP', 'total': 10, 'mispronunciations': array([], dtype=object)}
 {'accuracy': 10, 'phones': array(['T', 'UW0'], dtype=object), 'phones-accuracy': array([2. , 1.8]), 'stress': 10, 'text': 'TO', 'total': 10, 'mispronunciations': array([], dtype=object)}
 {'accuracy': 10, 'phones': array(['Y', 'UW0'], dtype=object), 'phones-accuracy': array([2. , 1.8]), 'stress': 10, 'text': 'YOU', 'total': 10, 'mispronunciations': array([], dtype=object)}
 {'accuracy': 10, 'phones': array(['T', 'UW0'], dtype=object), 'phones-accuracy': array([2., 2.]), 'stress': 10, 'text': 'TO', 'total': 10, 'mispronunciations': array([], dtype=object)}
 {'accuracy': 10, 'phones': array(['M', 'EY0', 'K'], dtype=object), 'phones-accuracy': array([2., 2., 2.]), 'stress': 10, 'text': 'MAKE', 'total': 10, 'mispronunciations': array([], dtype=object)}
 {'accuracy': 10, 'phones': array(['SH', 'UH', 'AH0'], dtype=object), 'phones-accuracy': array([2., 2., 2.]), 'stress': 10, 'text': 'SURE', 'total': 10, 'mispronunciations': array([], dtype=object)}
 {'accuracy': 10, 'phones': array(['DH', 'EY0'], dtype=object), 'phones-accuracy': array([2., 2.]), 'stress': 10, 'text': 'THEY', 'total': 10, 'mispronunciations': array([], dtype=object)}
 {'accuracy': 10, 'phones': array(['N', 'EH1', 'V', 'AH0'], dtype=object), 'phones-accuracy': array([2., 2., 2., 2.]), 'stress': 10, 'text': 'NEVER', 'total': 10, 'mispronunciations': array([], dtype=object)}
 {'accuracy': 10, 'phones': array(['F', 'AH0', 'G', 'EH0', 'T'], dtype=object), 'phones-accuracy': array([2., 2., 2., 2., 2.]), 'stress': 10, 'text': 'FORGET', 'total': 10, 'mispronunciations': array([], dtype=object)}]",2244,f,20,train,022440189,-44.62502932548523
022440189,59,M,1.600000023841858,1.7000000476837158,-42.38365173339844,make,2.0,9,10.0,9,8,8,"[{'accuracy': 10, 'phones': array(['IH0', 'T', 'S'], dtype=object), 'phones-accuracy': array([2., 2., 2.]), 'stress': 10, 'text': ""IT'S"", 'total': 10, 'mispronunciations': array([], dtype=object)}
 {'accuracy': 10, 'phones': array(['AH0', 'P'], dtype=object), 'phones-accuracy': array([2., 2.]), 'stress': 10, 'text': 'UP', 'total': 10, 'mispronunciations': array([], dtype=object)}
 {'accuracy': 10, 'phones': array(['T', 'UW0'], dtype=object), 'phones-accuracy': array([2. , 1.8]), 'stress': 10, 'text': 'TO', 'total': 10, 'mispronunciations': array([], dtype=object)}
 {'accuracy': 10, 'phones': array(['Y', 'UW0'], dtype=object), 'phones-accuracy': array([2. , 1.8]), 'stress': 10, 'text': 'YOU', 'total': 10, 'mispronunciations': array([], dtype=object)}
 {'accuracy': 10, 'phones': array(['T', 'UW0'], dtype=object), 'phones-accuracy': array([2., 2.]), 'stress': 10, 'text': 'TO', 'total': 10, 'mispronunciations': array([], dtype=object)}
 {'accuracy': 10, 'phones': array(['M', 'EY0', 'K'], dtype=object), 'phones-accuracy': array([2., 2., 2.]), 'stress': 10, 'text': 'MAKE', 'total': 10, 'mispronunciations': array([], dtype=object)}
 {'accuracy': 10, 'phones': array(['SH', 'UH', 'AH0'], dtype=object), 'phones-accuracy': array([2., 2., 2.]), 'stress': 10, 'text': 'SURE', 'total': 10, 'mispronunciations': array([], dtype=object)}
 {'accuracy': 10, 'phones': array(['DH', 'EY0'], dtype=object), 'phones-accuracy': array([2., 2.]), 'stress': 10, 'text': 'THEY', 'total': 10, 'mispronunciations': array([], dtype=object)}
 {'accuracy': 10, 'phones': array(['N', 'EH1', 'V', 'AH0'], dtype=object), 'phones-accuracy': array([2., 2., 2., 2.]), 'stress': 10, 'text': 'NEVER', 'total': 10, 'mispronunciations': array([], dtype=object)}
 {'accuracy': 10, 'phones': array(['F', 'AH0', 'G', 'EH0', 'T'], dtype=object), 'phones-accuracy': array([2., 2., 2., 2., 2.]), 'stress': 10, 'text': 'FORGET', 'total': 10, 'mispronunciations': array([], dtype=object)}]",2244,f,20,train,022440189,-42.28059367835522
022440189,60,EY1,1.7000000476837158,1.7899999618530271,-53.36662292480469,make,,9,10.0,9,8,8,"[{'accuracy': 10, 'phones': array(['IH0', 'T', 'S'], dtype=object), 'phones-accuracy': array([2., 2., 2.]), 'stress': 10, 'text': ""IT'S"", 'total': 10, 'mispronunciations': array([], dtype=object)}
 {'accuracy': 10, 'phones': array(['AH0', 'P'], dtype=object), 'phones-accuracy': array([2., 2.]), 'stress': 10, 'text': 'UP', 'total': 10, 'mispronunciations': array([], dtype=object)}
 {'accuracy': 10, 'phones': array(['T', 'UW0'], dtype=object), 'phones-accuracy': array([2. , 1.8]), 'stress': 10, 'text': 'TO', 'total': 10, 'mispronunciations': array([], dtype=object)}
 {'accuracy': 10, 'phones': array(['Y', 'UW0'], dtype=object), 'phones-accuracy': array([2. , 1.8]), 'stress': 10, 'text': 'YOU', 'total': 10, 'mispronunciations': array([], dtype=object)}
 {'accuracy': 10, 'phones': array(['T', 'UW0'], dtype=object), 'phones-accuracy': array([2., 2.]), 'stress': 10, 'text': 'TO', 'total': 10, 'mispronunciations': array([], dtype=object)}
 {'accuracy': 10, 'phones': array(['M', 'EY0', 'K'], dtype=object), 'phones-accuracy': array([2., 2., 2.]), 'stress': 10, 'text': 'MAKE', 'total': 10, 'mispronunciations': array([], dtype=object)}
 {'accuracy': 10, 'phones': array(['SH', 'UH', 'AH0'], dtype=object), 'phones-accuracy': array([2., 2., 2.]), 'stress': 10, 'text': 'SURE', 'total': 10, 'mispronunciations': array([], dtype=object)}
 {'accuracy': 10, 'phones': array(['DH', 'EY0'], dtype=object), 'phones-accuracy': array([2., 2.]), 'stress': 10, 'text': 'THEY', 'total': 10, 'mispronunciations': array([], dtype=object)}
 {'accuracy': 10, 'phones': array(['N', 'EH1', 'V', 'AH0'], dtype=object), 'phones-accuracy': array([2., 2., 2., 2.]), 'stress': 10, 'text': 'NEVER', 'total': 10, 'mispronunciations': array([], dtype=object)}
 {'accuracy': 10, 'phones': array(['F', 'AH0', 'G', 'EH0', 'T'], dtype=object), 'phones-accuracy': array([2., 2., 2., 2., 2.]), 'stress': 10, 'text': 'FORGET', 'total': 10, 'mispronunciations': array([], dtype=object)}]",2244,f,20,train,022440189,-52.972352504730225
022440189,61,K,1.7899999618530271,1.840000033378601,-58.18572998046875,make,2.0,9,10.0,9,8,8,"[{'accuracy': 10, 'phones': array(['IH0', 'T', 'S'], dtype=object), 'phones-accuracy': array([2., 2., 2.]), 'stress': 10, 'text': ""IT'S"", 'total': 10, 'mispronunciations': array([], dtype=object)}
 {'accuracy': 10, 'phones': array(['AH0', 'P'], dtype=object), 'phones-accuracy': array([2., 2.]), 'stress': 10, 'text': 'UP', 'total': 10, 'mispronunciations': array([], dtype=object)}
 {'accuracy': 10, 'phones': array(['T', 'UW0'], dtype=object), 'phones-accuracy': array([2. , 1.8]), 'stress': 10, 'text': 'TO', 'total': 10, 'mispronunciations': array([], dtype=object)}
 {'accuracy': 10, 'phones': array(['Y', 'UW0'], dtype=object), 'phones-accuracy': array([2. , 1.8]), 'stress': 10, 'text': 'YOU', 'total': 10, 'mispronunciations': array([], dtype=object)}
 {'accuracy': 10, 'phones': array(['T', 'UW0'], dtype=object), 'phones-accuracy': array([2., 2.]), 'stress': 10, 'text': 'TO', 'total': 10, 'mispronunciations': array([], dtype=object)}
 {'accuracy': 10, 'phones': array(['M', 'EY0', 'K'], dtype=object), 'phones-accuracy': array([2., 2., 2.]), 'stress': 10, 'text': 'MAKE', 'total': 10, 'mispronunciations': array([], dtype=object)}
 {'accuracy': 10, 'phones': array(['SH', 'UH', 'AH0'], dtype=object), 'phones-accuracy': array([2., 2., 2.]), 'stress': 10, 'text': 'SURE', 'total': 10, 'mispronunciations': array([], dtype=object)}
 {'accuracy': 10, 'phones': array(['DH', 'EY0'], dtype=object), 'phones-accuracy': array([2., 2.]), 'stress': 10, 'text': 'THEY', 'total': 10, 'mispronunciations': array([], dtype=object)}
 {'accuracy': 10, 'phones': array(['N', 'EH1', 'V', 'AH0'], dtype=object), 'phones-accuracy': array([2., 2., 2., 2.]), 'stress': 10, 'text': 'NEVER', 'total': 10, 'mispronunciations': array([], dtype=object)}
 {'accuracy': 10, 'phones': array(['F', 'AH0', 'G', 'EH0', 'T'], dtype=object), 'phones-accuracy': array([2., 2., 2., 2., 2.]), 'stress': 10, 'text': 'FORGET', 'total': 10, 'mispronunciations': array([], dtype=object)}]",2244,f,20,train,022440189,-58.03224162757397
022440189,62,SH,1.840000033378601,1.9900000095367432,-61.90103912353516,sure,2.0,9,10.0,9,8,8,"[{'accuracy': 10, 'phones': array(['IH0', 'T', 'S'], dtype=object), 'phones-accuracy': array([2., 2., 2.]), 'stress': 10, 'text': ""IT'S"", 'total': 10, 'mispronunciations': array([], dtype=object)}
 {'accuracy': 10, 'phones': array(['AH0', 'P'], dtype=object), 'phones-accuracy': array([2., 2.]), 'stress': 10, 'text': 'UP', 'total': 10, 'mispronunciations': array([], dtype=object)}
 {'accuracy': 10, 'phones': array(['T', 'UW0'], dtype=object), 'phones-accuracy': array([2. , 1.8]), 'stress': 10, 'text': 'TO', 'total': 10, 'mispronunciations': array([], dtype=object)}
 {'accuracy': 10, 'phones': array(['Y', 'UW0'], dtype=object), 'phones-accuracy': array([2. , 1.8]), 'stress': 10, 'text': 'YOU', 'total': 10, 'mispronunciations': array([], dtype=object)}
 {'accuracy': 10, 'phones': array(['T', 'UW0'], dtype=object), 'phones-accuracy': array([2., 2.]), 'stress': 10, 'text': 'TO', 'total': 10, 'mispronunciations': array([], dtype=object)}
 {'accuracy': 10, 'phones': array(['M', 'EY0', 'K'], dtype=object), 'phones-accuracy': array([2., 2., 2.]), 'stress': 10, 'text': 'MAKE', 'total': 10, 'mispronunciations': array([], dtype=object)}
 {'accuracy': 10, 'phones': array(['SH', 'UH', 'AH0'], dtype=object), 'phones-accuracy': array([2., 2., 2.]), 'stress': 10, 'text': 'SURE', 'total': 10, 'mispronunciations': array([], dtype=object)}
 {'accuracy': 10, 'phones': array(['DH', 'EY0'], dtype=object), 'phones-accuracy': array([2., 2.]), 'stress': 10, 'text': 'THEY', 'total': 10, 'mispronunciations': array([], dtype=object)}
 {'accuracy': 10, 'phones': array(['N', 'EH1', 'V', 'AH0'], dtype=object), 'phones-accuracy': array([2., 2., 2., 2.]), 'stress': 10, 'text': 'NEVER', 'total': 10, 'mispronunciations': array([], dtype=object)}
 {'accuracy': 10, 'phones': array(['F', 'AH0', 'G', 'EH0', 'T'], dtype=object), 'phones-accuracy': array([2., 2., 2., 2., 2.]), 'stress': 10, 'text': 'FORGET', 'total': 10, 'mispronunciations': array([], dtype=object)}]",2244,f,20,train,022440189,-61.81394489854575
022440189,63,UH1,1.9900000095367432,2.109999895095825,-44.52847290039063,sure,,9,10.0,9,8,8,"[{'accuracy': 10, 'phones': array(['IH0', 'T', 'S'], dtype=object), 'phones-accuracy': array([2., 2., 2.]), 'stress': 10, 'text': ""IT'S"", 'total': 10, 'mispronunciations': array([], dtype=object)}
 {'accuracy': 10, 'phones': array(['AH0', 'P'], dtype=object), 'phones-accuracy': array([2., 2.]), 'stress': 10, 'text': 'UP', 'total': 10, 'mispronunciations': array([], dtype=object)}
 {'accuracy': 10, 'phones': array(['T', 'UW0'], dtype=object), 'phones-accuracy': array([2. , 1.8]), 'stress': 10, 'text': 'TO', 'total': 10, 'mispronunciations': array([], dtype=object)}
 {'accuracy': 10, 'phones': array(['Y', 'UW0'], dtype=object), 'phones-accuracy': array([2. , 1.8]), 'stress': 10, 'text': 'YOU', 'total': 10, 'mispronunciations': array([], dtype=object)}
 {'accuracy': 10, 'phones': array(['T', 'UW0'], dtype=object), 'phones-accuracy': array([2., 2.]), 'stress': 10, 'text': 'TO', 'total': 10, 'mispronunciations': array([], dtype=object)}
 {'accuracy': 10, 'phones': array(['M', 'EY0', 'K'], dtype=object), 'phones-accuracy': array([2., 2., 2.]), 'stress': 10, 'text': 'MAKE', 'total': 10, 'mispronunciations': array([], dtype=object)}
 {'accuracy': 10, 'phones': array(['SH', 'UH', 'AH0'], dtype=object), 'phones-accuracy': array([2., 2., 2.]), 'stress': 10, 'text': 'SURE', 'total': 10, 'mispronunciations': array([], dtype=object)}
 {'accuracy': 10, 'phones': array(['DH', 'EY0'], dtype=object), 'phones-accuracy': array([2., 2.]), 'stress': 10, 'text': 'THEY', 'total': 10, 'mispronunciations': array([], dtype=object)}
 {'accuracy': 10, 'phones': array(['N', 'EH1', 'V', 'AH0'], dtype=object), 'phones-accuracy': array([2., 2., 2., 2.]), 'stress': 10, 'text': 'NEVER', 'total': 10, 'mispronunciations': array([], dtype=object)}
 {'accuracy': 10, 'phones': array(['F', 'AH0', 'G', 'EH0', 'T'], dtype=object), 'phones-accuracy': array([2., 2., 2., 2., 2.]), 'stress': 10, 'text': 'FORGET', 'total': 10, 'mispronunciations': array([], dtype=object)}]",2244,f,20,train,022440189,-44.32088704407216
022440189,64,R,2.109999895095825,2.2100000381469727,-43.00680541992188,sure,,9,10.0,9,8,8,"[{'accuracy': 10, 'phones': array(['IH0', 'T', 'S'], dtype=object), 'phones-accuracy': array([2., 2., 2.]), 'stress': 10, 'text': ""IT'S"", 'total': 10, 'mispronunciations': array([], dtype=object)}
 {'accuracy': 10, 'phones': array(['AH0', 'P'], dtype=object), 'phones-accuracy': array([2., 2.]), 'stress': 10, 'text': 'UP', 'total': 10, 'mispronunciations': array([], dtype=object)}
 {'accuracy': 10, 'phones': array(['T', 'UW0'], dtype=object), 'phones-accuracy': array([2. , 1.8]), 'stress': 10, 'text': 'TO', 'total': 10, 'mispronunciations': array([], dtype=object)}
 {'accuracy': 10, 'phones': array(['Y', 'UW0'], dtype=object), 'phones-accuracy': array([2. , 1.8]), 'stress': 10, 'text': 'YOU', 'total': 10, 'mispronunciations': array([], dtype=object)}
 {'accuracy': 10, 'phones': array(['T', 'UW0'], dtype=object), 'phones-accuracy': array([2., 2.]), 'stress': 10, 'text': 'TO', 'total': 10, 'mispronunciations': array([], dtype=object)}
 {'accuracy': 10, 'phones': array(['M', 'EY0', 'K'], dtype=object), 'phones-accuracy': array([2., 2., 2.]), 'stress': 10, 'text': 'MAKE', 'total': 10, 'mispronunciations': array([], dtype=object)}
 {'accuracy': 10, 'phones': array(['SH', 'UH', 'AH0'], dtype=object), 'phones-accuracy': array([2., 2., 2.]), 'stress': 10, 'text': 'SURE', 'total': 10, 'mispronunciations': array([], dtype=object)}
 {'accuracy': 10, 'phones': array(['DH', 'EY0'], dtype=object), 'phones-accuracy': array([2., 2.]), 'stress': 10, 'text': 'THEY', 'total': 10, 'mispronunciations': array([], dtype=object)}
 {'accuracy': 10, 'phones': array(['N', 'EH1', 'V', 'AH0'], dtype=object), 'phones-accuracy': array([2., 2., 2., 2.]), 'stress': 10, 'text': 'NEVER', 'total': 10, 'mispronunciations': array([], dtype=object)}
 {'accuracy': 10, 'phones': array(['F', 'AH0', 'G', 'EH0', 'T'], dtype=object), 'phones-accuracy': array([2., 2., 2., 2., 2.]), 'stress': 10, 'text': 'FORGET', 'total': 10, 'mispronunciations': array([], dtype=object)}]",2244,f,20,train,022440189,-42.747621595859535
022440189,65,DH,2.2100000381469727,2.2799999713897705,-56.827884674072266,they,2.0,9,10.0,9,8,8,"[{'accuracy': 10, 'phones': array(['IH0', 'T', 'S'], dtype=object), 'phones-accuracy': array([2., 2., 2.]), 'stress': 10, 'text': ""IT'S"", 'total': 10, 'mispronunciations': array([], dtype=object)}
 {'accuracy': 10, 'phones': array(['AH0', 'P'], dtype=object), 'phones-accuracy': array([2., 2.]), 'stress': 10, 'text': 'UP', 'total': 10, 'mispronunciations': array([], dtype=object)}
 {'accuracy': 10, 'phones': array(['T', 'UW0'], dtype=object), 'phones-accuracy': array([2. , 1.8]), 'stress': 10, 'text': 'TO', 'total': 10, 'mispronunciations': array([], dtype=object)}
 {'accuracy': 10, 'phones': array(['Y', 'UW0'], dtype=object), 'phones-accuracy': array([2. , 1.8]), 'stress': 10, 'text': 'YOU', 'total': 10, 'mispronunciations': array([], dtype=object)}
 {'accuracy': 10, 'phones': array(['T', 'UW0'], dtype=object), 'phones-accuracy': array([2., 2.]), 'stress': 10, 'text': 'TO', 'total': 10, 'mispronunciations': array([], dtype=object)}
 {'accuracy': 10, 'phones': array(['M', 'EY0', 'K'], dtype=object), 'phones-accuracy': array([2., 2., 2.]), 'stress': 10, 'text': 'MAKE', 'total': 10, 'mispronunciations': array([], dtype=object)}
 {'accuracy': 10, 'phones': array(['SH', 'UH', 'AH0'], dtype=object), 'phones-accuracy': array([2., 2., 2.]), 'stress': 10, 'text': 'SURE', 'total': 10, 'mispronunciations': array([], dtype=object)}
 {'accuracy': 10, 'phones': array(['DH', 'EY0'], dtype=object), 'phones-accuracy': array([2., 2.]), 'stress': 10, 'text': 'THEY', 'total': 10, 'mispronunciations': array([], dtype=object)}
 {'accuracy': 10, 'phones': array(['N', 'EH1', 'V', 'AH0'], dtype=object), 'phones-accuracy': array([2., 2., 2., 2.]), 'stress': 10, 'text': 'NEVER', 'total': 10, 'mispronunciations': array([], dtype=object)}
 {'accuracy': 10, 'phones': array(['F', 'AH0', 'G', 'EH0', 'T'], dtype=object), 'phones-accuracy': array([2., 2., 2., 2., 2.]), 'stress': 10, 'text': 'FORGET', 'total': 10, 'mispronunciations': array([], dtype=object)}]",2244,f,20,train,022440189,-56.65534557402134
022440189,66,EY1,2.2799999713897705,2.3499999046325684,-43.05792236328125,they,,9,10.0,9,8,8,"[{'accuracy': 10, 'phones': array(['IH0', 'T', 'S'], dtype=object), 'phones-accuracy': array([2., 2., 2.]), 'stress': 10, 'text': ""IT'S"", 'total': 10, 'mispronunciations': array([], dtype=object)}
 {'accuracy': 10, 'phones': array(['AH0', 'P'], dtype=object), 'phones-accuracy': array([2., 2.]), 'stress': 10, 'text': 'UP', 'total': 10, 'mispronunciations': array([], dtype=object)}
 {'accuracy': 10, 'phones': array(['T', 'UW0'], dtype=object), 'phones-accuracy': array([2. , 1.8]), 'stress': 10, 'text': 'TO', 'total': 10, 'mispronunciations': array([], dtype=object)}
 {'accuracy': 10, 'phones': array(['Y', 'UW0'], dtype=object), 'phones-accuracy': array([2. , 1.8]), 'stress': 10, 'text': 'YOU', 'total': 10, 'mispronunciations': array([], dtype=object)}
 {'accuracy': 10, 'phones': array(['T', 'UW0'], dtype=object), 'phones-accuracy': array([2., 2.]), 'stress': 10, 'text': 'TO', 'total': 10, 'mispronunciations': array([], dtype=object)}
 {'accuracy': 10, 'phones': array(['M', 'EY0', 'K'], dtype=object), 'phones-accuracy': array([2., 2., 2.]), 'stress': 10, 'text': 'MAKE', 'total': 10, 'mispronunciations': array([], dtype=object)}
 {'accuracy': 10, 'phones': array(['SH', 'UH', 'AH0'], dtype=object), 'phones-accuracy': array([2., 2., 2.]), 'stress': 10, 'text': 'SURE', 'total': 10, 'mispronunciations': array([], dtype=object)}
 {'accuracy': 10, 'phones': array(['DH', 'EY0'], dtype=object), 'phones-accuracy': array([2., 2.]), 'stress': 10, 'text': 'THEY', 'total': 10, 'mispronunciations': array([], dtype=object)}
 {'accuracy': 10, 'phones': array(['N', 'EH1', 'V', 'AH0'], dtype=object), 'phones-accuracy': array([2., 2., 2., 2.]), 'stress': 10, 'text': 'NEVER', 'total': 10, 'mispronunciations': array([], dtype=object)}
 {'accuracy': 10, 'phones': array(['F', 'AH0', 'G', 'EH0', 'T'], dtype=object), 'phones-accuracy': array([2., 2., 2., 2., 2.]), 'stress': 10, 'text': 'FORGET', 'total': 10, 'mispronunciations': array([], dtype=object)}]",2244,f,20,train,022440189,-42.6406469643116
022440189,67,N,2.3499999046325684,2.470000028610229,-43.11769104003906,never,2.0,9,10.0,9,8,8,"[{'accuracy': 10, 'phones': array(['IH0', 'T', 'S'], dtype=object), 'phones-accuracy': array([2., 2., 2.]), 'stress': 10, 'text': ""IT'S"", 'total': 10, 'mispronunciations': array([], dtype=object)}
 {'accuracy': 10, 'phones': array(['AH0', 'P'], dtype=object), 'phones-accuracy': array([2., 2.]), 'stress': 10, 'text': 'UP', 'total': 10, 'mispronunciations': array([], dtype=object)}
 {'accuracy': 10, 'phones': array(['T', 'UW0'], dtype=object), 'phones-accuracy': array([2. , 1.8]), 'stress': 10, 'text': 'TO', 'total': 10, 'mispronunciations': array([], dtype=object)}
 {'accuracy': 10, 'phones': array(['Y', 'UW0'], dtype=object), 'phones-accuracy': array([2. , 1.8]), 'stress': 10, 'text': 'YOU', 'total': 10, 'mispronunciations': array([], dtype=object)}
 {'accuracy': 10, 'phones': array(['T', 'UW0'], dtype=object), 'phones-accuracy': array([2., 2.]), 'stress': 10, 'text': 'TO', 'total': 10, 'mispronunciations': array([], dtype=object)}
 {'accuracy': 10, 'phones': array(['M', 'EY0', 'K'], dtype=object), 'phones-accuracy': array([2., 2., 2.]), 'stress': 10, 'text': 'MAKE', 'total': 10, 'mispronunciations': array([], dtype=object)}
 {'accuracy': 10, 'phones': array(['SH', 'UH', 'AH0'], dtype=object), 'phones-accuracy': array([2., 2., 2.]), 'stress': 10, 'text': 'SURE', 'total': 10, 'mispronunciations': array([], dtype=object)}
 {'accuracy': 10, 'phones': array(['DH', 'EY0'], dtype=object), 'phones-accuracy': array([2., 2.]), 'stress': 10, 'text': 'THEY', 'total': 10, 'mispronunciations': array([], dtype=object)}
 {'accuracy': 10, 'phones': array(['N', 'EH1', 'V', 'AH0'], dtype=object), 'phones-accuracy': array([2., 2., 2., 2.]), 'stress': 10, 'text': 'NEVER', 'total': 10, 'mispronunciations': array([], dtype=object)}
 {'accuracy': 10, 'phones': array(['F', 'AH0', 'G', 'EH0', 'T'], dtype=object), 'phones-accuracy': array([2., 2., 2., 2., 2.]), 'stress': 10, 'text': 'FORGET', 'total': 10, 'mispronunciations': array([], dtype=object)}]",2244,f,20,train,022440189,-42.949530363082886
022440189,68,EH1,2.470000028610229,2.5799999237060547,-40.118125915527344,never,2.0,9,10.0,9,8,8,"[{'accuracy': 10, 'phones': array(['IH0', 'T', 'S'], dtype=object), 'phones-accuracy': array([2., 2., 2.]), 'stress': 10, 'text': ""IT'S"", 'total': 10, 'mispronunciations': array([], dtype=object)}
 {'accuracy': 10, 'phones': array(['AH0', 'P'], dtype=object), 'phones-accuracy': array([2., 2.]), 'stress': 10, 'text': 'UP', 'total': 10, 'mispronunciations': array([], dtype=object)}
 {'accuracy': 10, 'phones': array(['T', 'UW0'], dtype=object), 'phones-accuracy': array([2. , 1.8]), 'stress': 10, 'text': 'TO', 'total': 10, 'mispronunciations': array([], dtype=object)}
 {'accuracy': 10, 'phones': array(['Y', 'UW0'], dtype=object), 'phones-accuracy': array([2. , 1.8]), 'stress': 10, 'text': 'YOU', 'total': 10, 'mispronunciations': array([], dtype=object)}
 {'accuracy': 10, 'phones': array(['T', 'UW0'], dtype=object), 'phones-accuracy': array([2., 2.]), 'stress': 10, 'text': 'TO', 'total': 10, 'mispronunciations': array([], dtype=object)}
 {'accuracy': 10, 'phones': array(['M', 'EY0', 'K'], dtype=object), 'phones-accuracy': array([2., 2., 2.]), 'stress': 10, 'text': 'MAKE', 'total': 10, 'mispronunciations': array([], dtype=object)}
 {'accuracy': 10, 'phones': array(['SH', 'UH', 'AH0'], dtype=object), 'phones-accuracy': array([2., 2., 2.]), 'stress': 10, 'text': 'SURE', 'total': 10, 'mispronunciations': array([], dtype=object)}
 {'accuracy': 10, 'phones': array(['DH', 'EY0'], dtype=object), 'phones-accuracy': array([2., 2.]), 'stress': 10, 'text': 'THEY', 'total': 10, 'mispronunciations': array([], dtype=object)}
 {'accuracy': 10, 'phones': array(['N', 'EH1', 'V', 'AH0'], dtype=object), 'phones-accuracy': array([2., 2., 2., 2.]), 'stress': 10, 'text': 'NEVER', 'total': 10, 'mispronunciations': array([], dtype=object)}
 {'accuracy': 10, 'phones': array(['F', 'AH0', 'G', 'EH0', 'T'], dtype=object), 'phones-accuracy': array([2., 2., 2., 2., 2.]), 'stress': 10, 'text': 'FORGET', 'total': 10, 'mispronunciations': array([], dtype=object)}]",2244,f,20,train,022440189,-39.87362590432167
022440189,69,V,2.5799999237060547,2.650000095367432,-47.49493789672852,never,2.0,9,10.0,9,8,8,"[{'accuracy': 10, 'phones': array(['IH0', 'T', 'S'], dtype=object), 'phones-accuracy': array([2., 2., 2.]), 'stress': 10, 'text': ""IT'S"", 'total': 10, 'mispronunciations': array([], dtype=object)}
 {'accuracy': 10, 'phones': array(['AH0', 'P'], dtype=object), 'phones-accuracy': array([2., 2.]), 'stress': 10, 'text': 'UP', 'total': 10, 'mispronunciations': array([], dtype=object)}
 {'accuracy': 10, 'phones': array(['T', 'UW0'], dtype=object), 'phones-accuracy': array([2. , 1.8]), 'stress': 10, 'text': 'TO', 'total': 10, 'mispronunciations': array([], dtype=object)}
 {'accuracy': 10, 'phones': array(['Y', 'UW0'], dtype=object), 'phones-accuracy': array([2. , 1.8]), 'stress': 10, 'text': 'YOU', 'total': 10, 'mispronunciations': array([], dtype=object)}
 {'accuracy': 10, 'phones': array(['T', 'UW0'], dtype=object), 'phones-accuracy': array([2., 2.]), 'stress': 10, 'text': 'TO', 'total': 10, 'mispronunciations': array([], dtype=object)}
 {'accuracy': 10, 'phones': array(['M', 'EY0', 'K'], dtype=object), 'phones-accuracy': array([2., 2., 2.]), 'stress': 10, 'text': 'MAKE', 'total': 10, 'mispronunciations': array([], dtype=object)}
 {'accuracy': 10, 'phones': array(['SH', 'UH', 'AH0'], dtype=object), 'phones-accuracy': array([2., 2., 2.]), 'stress': 10, 'text': 'SURE', 'total': 10, 'mispronunciations': array([], dtype=object)}
 {'accuracy': 10, 'phones': array(['DH', 'EY0'], dtype=object), 'phones-accuracy': array([2., 2.]), 'stress': 10, 'text': 'THEY', 'total': 10, 'mispronunciations': array([], dtype=object)}
 {'accuracy': 10, 'phones': array(['N', 'EH1', 'V', 'AH0'], dtype=object), 'phones-accuracy': array([2., 2., 2., 2.]), 'stress': 10, 'text': 'NEVER', 'total': 10, 'mispronunciations': array([], dtype=object)}
 {'accuracy': 10, 'phones': array(['F', 'AH0', 'G', 'EH0', 'T'], dtype=object), 'phones-accuracy': array([2., 2., 2., 2., 2.]), 'stress': 10, 'text': 'FORGET', 'total': 10, 'mispronunciations': array([], dtype=object)}]",2244,f,20,train,022440189,-47.281037926673896
022440189,70,ER0,2.650000095367432,2.7300000190734863,-44.32487487792969,never,,9,10.0,9,8,8,"[{'accuracy': 10, 'phones': array(['IH0', 'T', 'S'], dtype=object), 'phones-accuracy': array([2., 2., 2.]), 'stress': 10, 'text': ""IT'S"", 'total': 10, 'mispronunciations': array([], dtype=object)}
 {'accuracy': 10, 'phones': array(['AH0', 'P'], dtype=object), 'phones-accuracy': array([2., 2.]), 'stress': 10, 'text': 'UP', 'total': 10, 'mispronunciations': array([], dtype=object)}
 {'accuracy': 10, 'phones': array(['T', 'UW0'], dtype=object), 'phones-accuracy': array([2. , 1.8]), 'stress': 10, 'text': 'TO', 'total': 10, 'mispronunciations': array([], dtype=object)}
 {'accuracy': 10, 'phones': array(['Y', 'UW0'], dtype=object), 'phones-accuracy': array([2. , 1.8]), 'stress': 10, 'text': 'YOU', 'total': 10, 'mispronunciations': array([], dtype=object)}
 {'accuracy': 10, 'phones': array(['T', 'UW0'], dtype=object), 'phones-accuracy': array([2., 2.]), 'stress': 10, 'text': 'TO', 'total': 10, 'mispronunciations': array([], dtype=object)}
 {'accuracy': 10, 'phones': array(['M', 'EY0', 'K'], dtype=object), 'phones-accuracy': array([2., 2., 2.]), 'stress': 10, 'text': 'MAKE', 'total': 10, 'mispronunciations': array([], dtype=object)}
 {'accuracy': 10, 'phones': array(['SH', 'UH', 'AH0'], dtype=object), 'phones-accuracy': array([2., 2., 2.]), 'stress': 10, 'text': 'SURE', 'total': 10, 'mispronunciations': array([], dtype=object)}
 {'accuracy': 10, 'phones': array(['DH', 'EY0'], dtype=object), 'phones-accuracy': array([2., 2.]), 'stress': 10, 'text': 'THEY', 'total': 10, 'mispronunciations': array([], dtype=object)}
 {'accuracy': 10, 'phones': array(['N', 'EH1', 'V', 'AH0'], dtype=object), 'phones-accuracy': array([2., 2., 2., 2.]), 'stress': 10, 'text': 'NEVER', 'total': 10, 'mispronunciations': array([], dtype=object)}
 {'accuracy': 10, 'phones': array(['F', 'AH0', 'G', 'EH0', 'T'], dtype=object), 'phones-accuracy': array([2., 2., 2., 2., 2.]), 'stress': 10, 'text': 'FORGET', 'total': 10, 'mispronunciations': array([], dtype=object)}]",2244,f,20,train,022440189,-44.09091641008854
022440189,71,F,2.7300000190734863,2.8399999141693115,-50.920040130615234,forget,2.0,9,10.0,9,8,8,"[{'accuracy': 10, 'phones': array(['IH0', 'T', 'S'], dtype=object), 'phones-accuracy': array([2., 2., 2.]), 'stress': 10, 'text': ""IT'S"", 'total': 10, 'mispronunciations': array([], dtype=object)}
 {'accuracy': 10, 'phones': array(['AH0', 'P'], dtype=object), 'phones-accuracy': array([2., 2.]), 'stress': 10, 'text': 'UP', 'total': 10, 'mispronunciations': array([], dtype=object)}
 {'accuracy': 10, 'phones': array(['T', 'UW0'], dtype=object), 'phones-accuracy': array([2. , 1.8]), 'stress': 10, 'text': 'TO', 'total': 10, 'mispronunciations': array([], dtype=object)}
 {'accuracy': 10, 'phones': array(['Y', 'UW0'], dtype=object), 'phones-accuracy': array([2. , 1.8]), 'stress': 10, 'text': 'YOU', 'total': 10, 'mispronunciations': array([], dtype=object)}
 {'accuracy': 10, 'phones': array(['T', 'UW0'], dtype=object), 'phones-accuracy': array([2., 2.]), 'stress': 10, 'text': 'TO', 'total': 10, 'mispronunciations': array([], dtype=object)}
 {'accuracy': 10, 'phones': array(['M', 'EY0', 'K'], dtype=object), 'phones-accuracy': array([2., 2., 2.]), 'stress': 10, 'text': 'MAKE', 'total': 10, 'mispronunciations': array([], dtype=object)}
 {'accuracy': 10, 'phones': array(['SH', 'UH', 'AH0'], dtype=object), 'phones-accuracy': array([2., 2., 2.]), 'stress': 10, 'text': 'SURE', 'total': 10, 'mispronunciations': array([], dtype=object)}
 {'accuracy': 10, 'phones': array(['DH', 'EY0'], dtype=object), 'phones-accuracy': array([2., 2.]), 'stress': 10, 'text': 'THEY', 'total': 10, 'mispronunciations': array([], dtype=object)}
 {'accuracy': 10, 'phones': array(['N', 'EH1', 'V', 'AH0'], dtype=object), 'phones-accuracy': array([2., 2., 2., 2.]), 'stress': 10, 'text': 'NEVER', 'total': 10, 'mispronunciations': array([], dtype=object)}
 {'accuracy': 10, 'phones': array(['F', 'AH0', 'G', 'EH0', 'T'], dtype=object), 'phones-accuracy': array([2., 2., 2., 2., 2.]), 'stress': 10, 'text': 'FORGET', 'total': 10, 'mispronunciations': array([], dtype=object)}]",2244,f,20,train,022440189,-50.72153666615486
022440189,72,ER0,2.8399999141693115,2.900000095367432,-53.28641128540039,forget,,9,10.0,9,8,8,"[{'accuracy': 10, 'phones': array(['IH0', 'T', 'S'], dtype=object), 'phones-accuracy': array([2., 2., 2.]), 'stress': 10, 'text': ""IT'S"", 'total': 10, 'mispronunciations': array([], dtype=object)}
 {'accuracy': 10, 'phones': array(['AH0', 'P'], dtype=object), 'phones-accuracy': array([2., 2.]), 'stress': 10, 'text': 'UP', 'total': 10, 'mispronunciations': array([], dtype=object)}
 {'accuracy': 10, 'phones': array(['T', 'UW0'], dtype=object), 'phones-accuracy': array([2. , 1.8]), 'stress': 10, 'text': 'TO', 'total': 10, 'mispronunciations': array([], dtype=object)}
 {'accuracy': 10, 'phones': array(['Y', 'UW0'], dtype=object), 'phones-accuracy': array([2. , 1.8]), 'stress': 10, 'text': 'YOU', 'total': 10, 'mispronunciations': array([], dtype=object)}
 {'accuracy': 10, 'phones': array(['T', 'UW0'], dtype=object), 'phones-accuracy': array([2., 2.]), 'stress': 10, 'text': 'TO', 'total': 10, 'mispronunciations': array([], dtype=object)}
 {'accuracy': 10, 'phones': array(['M', 'EY0', 'K'], dtype=object), 'phones-accuracy': array([2., 2., 2.]), 'stress': 10, 'text': 'MAKE', 'total': 10, 'mispronunciations': array([], dtype=object)}
 {'accuracy': 10, 'phones': array(['SH', 'UH', 'AH0'], dtype=object), 'phones-accuracy': array([2., 2., 2.]), 'stress': 10, 'text': 'SURE', 'total': 10, 'mispronunciations': array([], dtype=object)}
 {'accuracy': 10, 'phones': array(['DH', 'EY0'], dtype=object), 'phones-accuracy': array([2., 2.]), 'stress': 10, 'text': 'THEY', 'total': 10, 'mispronunciations': array([], dtype=object)}
 {'accuracy': 10, 'phones': array(['N', 'EH1', 'V', 'AH0'], dtype=object), 'phones-accuracy': array([2., 2., 2., 2.]), 'stress': 10, 'text': 'NEVER', 'total': 10, 'mispronunciations': array([], dtype=object)}
 {'accuracy': 10, 'phones': array(['F', 'AH0', 'G', 'EH0', 'T'], dtype=object), 'phones-accuracy': array([2., 2., 2., 2., 2.]), 'stress': 10, 'text': 'FORGET', 'total': 10, 'mispronunciations': array([], dtype=object)}]",2244,f,20,train,022440189,-53.08873102068901
022440189,73,G,2.900000095367432,3.0,-53.63384246826172,forget,2.0,9,10.0,9,8,8,"[{'accuracy': 10, 'phones': array(['IH0', 'T', 'S'], dtype=object), 'phones-accuracy': array([2., 2., 2.]), 'stress': 10, 'text': ""IT'S"", 'total': 10, 'mispronunciations': array([], dtype=object)}
 {'accuracy': 10, 'phones': array(['AH0', 'P'], dtype=object), 'phones-accuracy': array([2., 2.]), 'stress': 10, 'text': 'UP', 'total': 10, 'mispronunciations': array([], dtype=object)}
 {'accuracy': 10, 'phones': array(['T', 'UW0'], dtype=object), 'phones-accuracy': array([2. , 1.8]), 'stress': 10, 'text': 'TO', 'total': 10, 'mispronunciations': array([], dtype=object)}
 {'accuracy': 10, 'phones': array(['Y', 'UW0'], dtype=object), 'phones-accuracy': array([2. , 1.8]), 'stress': 10, 'text': 'YOU', 'total': 10, 'mispronunciations': array([], dtype=object)}
 {'accuracy': 10, 'phones': array(['T', 'UW0'], dtype=object), 'phones-accuracy': array([2., 2.]), 'stress': 10, 'text': 'TO', 'total': 10, 'mispronunciations': array([], dtype=object)}
 {'accuracy': 10, 'phones': array(['M', 'EY0', 'K'], dtype=object), 'phones-accuracy': array([2., 2., 2.]), 'stress': 10, 'text': 'MAKE', 'total': 10, 'mispronunciations': array([], dtype=object)}
 {'accuracy': 10, 'phones': array(['SH', 'UH', 'AH0'], dtype=object), 'phones-accuracy': array([2., 2., 2.]), 'stress': 10, 'text': 'SURE', 'total': 10, 'mispronunciations': array([], dtype=object)}
 {'accuracy': 10, 'phones': array(['DH', 'EY0'], dtype=object), 'phones-accuracy': array([2., 2.]), 'stress': 10, 'text': 'THEY', 'total': 10, 'mispronunciations': array([], dtype=object)}
 {'accuracy': 10, 'phones': array(['N', 'EH1', 'V', 'AH0'], dtype=object), 'phones-accuracy': array([2., 2., 2., 2.]), 'stress': 10, 'text': 'NEVER', 'total': 10, 'mispronunciations': array([], dtype=object)}
 {'accuracy': 10, 'phones': array(['F', 'AH0', 'G', 'EH0', 'T'], dtype=object), 'phones-accuracy': array([2., 2., 2., 2., 2.]), 'stress': 10, 'text': 'FORGET', 'total': 10, 'mispronunciations': array([], dtype=object)}]",2244,f,20,train,022440189,-53.524926751852036
022440189,74,EH1,3.0,3.069999933242798,-49.75177764892578,forget,2.0,9,10.0,9,8,8,"[{'accuracy': 10, 'phones': array(['IH0', 'T', 'S'], dtype=object), 'phones-accuracy': array([2., 2., 2.]), 'stress': 10, 'text': ""IT'S"", 'total': 10, 'mispronunciations': array([], dtype=object)}
 {'accuracy': 10, 'phones': array(['AH0', 'P'], dtype=object), 'phones-accuracy': array([2., 2.]), 'stress': 10, 'text': 'UP', 'total': 10, 'mispronunciations': array([], dtype=object)}
 {'accuracy': 10, 'phones': array(['T', 'UW0'], dtype=object), 'phones-accuracy': array([2. , 1.8]), 'stress': 10, 'text': 'TO', 'total': 10, 'mispronunciations': array([], dtype=object)}
 {'accuracy': 10, 'phones': array(['Y', 'UW0'], dtype=object), 'phones-accuracy': array([2. , 1.8]), 'stress': 10, 'text': 'YOU', 'total': 10, 'mispronunciations': array([], dtype=object)}
 {'accuracy': 10, 'phones': array(['T', 'UW0'], dtype=object), 'phones-accuracy': array([2., 2.]), 'stress': 10, 'text': 'TO', 'total': 10, 'mispronunciations': array([], dtype=object)}
 {'accuracy': 10, 'phones': array(['M', 'EY0', 'K'], dtype=object), 'phones-accuracy': array([2., 2., 2.]), 'stress': 10, 'text': 'MAKE', 'total': 10, 'mispronunciations': array([], dtype=object)}
 {'accuracy': 10, 'phones': array(['SH', 'UH', 'AH0'], dtype=object), 'phones-accuracy': array([2., 2., 2.]), 'stress': 10, 'text': 'SURE', 'total': 10, 'mispronunciations': array([], dtype=object)}
 {'accuracy': 10, 'phones': array(['DH', 'EY0'], dtype=object), 'phones-accuracy': array([2., 2.]), 'stress': 10, 'text': 'THEY', 'total': 10, 'mispronunciations': array([], dtype=object)}
 {'accuracy': 10, 'phones': array(['N', 'EH1', 'V', 'AH0'], dtype=object), 'phones-accuracy': array([2., 2., 2., 2.]), 'stress': 10, 'text': 'NEVER', 'total': 10, 'mispronunciations': array([], dtype=object)}
 {'accuracy': 10, 'phones': array(['F', 'AH0', 'G', 'EH0', 'T'], dtype=object), 'phones-accuracy': array([2., 2., 2., 2., 2.]), 'stress': 10, 'text': 'FORGET', 'total': 10, 'mispronunciations': array([], dtype=object)}]",2244,f,20,train,022440189,-49.586064890027046
022440189,75,T,3.069999933242798,3.259999990463257,-56.143516540527344,forget,2.0,9,10.0,9,8,8,"[{'accuracy': 10, 'phones': array(['IH0', 'T', 'S'], dtype=object), 'phones-accuracy': array([2., 2., 2.]), 'stress': 10, 'text': ""IT'S"", 'total': 10, 'mispronunciations': array([], dtype=object)}
 {'accuracy': 10, 'phones': array(['AH0', 'P'], dtype=object), 'phones-accuracy': array([2., 2.]), 'stress': 10, 'text': 'UP', 'total': 10, 'mispronunciations': array([], dtype=object)}
 {'accuracy': 10, 'phones': array(['T', 'UW0'], dtype=object), 'phones-accuracy': array([2. , 1.8]), 'stress': 10, 'text': 'TO', 'total': 10, 'mispronunciations': array([], dtype=object)}
 {'accuracy': 10, 'phones': array(['Y', 'UW0'], dtype=object), 'phones-accuracy': array([2. , 1.8]), 'stress': 10, 'text': 'YOU', 'total': 10, 'mispronunciations': array([], dtype=object)}
 {'accuracy': 10, 'phones': array(['T', 'UW0'], dtype=object), 'phones-accuracy': array([2., 2.]), 'stress': 10, 'text': 'TO', 'total': 10, 'mispronunciations': array([], dtype=object)}
 {'accuracy': 10, 'phones': array(['M', 'EY0', 'K'], dtype=object), 'phones-accuracy': array([2., 2., 2.]), 'stress': 10, 'text': 'MAKE', 'total': 10, 'mispronunciations': array([], dtype=object)}
 {'accuracy': 10, 'phones': array(['SH', 'UH', 'AH0'], dtype=object), 'phones-accuracy': array([2., 2., 2.]), 'stress': 10, 'text': 'SURE', 'total': 10, 'mispronunciations': array([], dtype=object)}
 {'accuracy': 10, 'phones': array(['DH', 'EY0'], dtype=object), 'phones-accuracy': array([2., 2.]), 'stress': 10, 'text': 'THEY', 'total': 10, 'mispronunciations': array([], dtype=object)}
 {'accuracy': 10, 'phones': array(['N', 'EH1', 'V', 'AH0'], dtype=object), 'phones-accuracy': array([2., 2., 2., 2.]), 'stress': 10, 'text': 'NEVER', 'total': 10, 'mispronunciations': array([], dtype=object)}
 {'accuracy': 10, 'phones': array(['F', 'AH0', 'G', 'EH0', 'T'], dtype=object), 'phones-accuracy': array([2., 2., 2., 2., 2.]), 'stress': 10, 'text': 'FORGET', 'total': 10, 'mispronunciations': array([], dtype=object)}]",2244,f,20,train,022440189,-55.93519648909569
022440189,76,sil,3.259999990463257,4.203000068664551,-40.06821823120117,<eps>,,9,10.0,9,8,8,"[{'accuracy': 10, 'phones': array(['IH0', 'T', 'S'], dtype=object), 'phones-accuracy': array([2., 2., 2.]), 'stress': 10, 'text': ""IT'S"", 'total': 10, 'mispronunciations': array([], dtype=object)}
 {'accuracy': 10, 'phones': array(['AH0', 'P'], dtype=object), 'phones-accuracy': array([2., 2.]), 'stress': 10, 'text': 'UP', 'total': 10, 'mispronunciations': array([], dtype=object)}
 {'accuracy': 10, 'phones': array(['T', 'UW0'], dtype=object), 'phones-accuracy': array([2. , 1.8]), 'stress': 10, 'text': 'TO', 'total': 10, 'mispronunciations': array([], dtype=object)}
 {'accuracy': 10, 'phones': array(['Y', 'UW0'], dtype=object), 'phones-accuracy': array([2. , 1.8]), 'stress': 10, 'text': 'YOU', 'total': 10, 'mispronunciations': array([], dtype=object)}
 {'accuracy': 10, 'phones': array(['T', 'UW0'], dtype=object), 'phones-accuracy': array([2., 2.]), 'stress': 10, 'text': 'TO', 'total': 10, 'mispronunciations': array([], dtype=object)}
 {'accuracy': 10, 'phones': array(['M', 'EY0', 'K'], dtype=object), 'phones-accuracy': array([2., 2., 2.]), 'stress': 10, 'text': 'MAKE', 'total': 10, 'mispronunciations': array([], dtype=object)}
 {'accuracy': 10, 'phones': array(['SH', 'UH', 'AH0'], dtype=object), 'phones-accuracy': array([2., 2., 2.]), 'stress': 10, 'text': 'SURE', 'total': 10, 'mispronunciations': array([], dtype=object)}
 {'accuracy': 10, 'phones': array(['DH', 'EY0'], dtype=object), 'phones-accuracy': array([2., 2.]), 'stress': 10, 'text': 'THEY', 'total': 10, 'mispronunciations': array([], dtype=object)}
 {'accuracy': 10, 'phones': array(['N', 'EH1', 'V', 'AH0'], dtype=object), 'phones-accuracy': array([2., 2., 2., 2.]), 'stress': 10, 'text': 'NEVER', 'total': 10, 'mispronunciations': array([], dtype=object)}
 {'accuracy': 10, 'phones': array(['F', 'AH0', 'G', 'EH0', 'T'], dtype=object), 'phones-accuracy': array([2., 2., 2., 2., 2.]), 'stress': 10, 'text': 'FORGET', 'total': 10, 'mispronunciations': array([], dtype=object)}]",2244,f,20,train,022440189,-40.04210758022964
022440144,77,sil,0.0,0.4199999868869781,-36.22465133666992,<eps>,,9,10.0,9,8,8,"[{'accuracy': 10, 'phones': array(['S', 'OW0'], dtype=object), 'phones-accuracy': array([2., 2.]), 'stress': 10, 'text': 'SO', 'total': 10, 'mispronunciations': array([], dtype=object)}
 {'accuracy': 10, 'phones': array(['Y', 'UW0'], dtype=object), 'phones-accuracy': array([2., 2.]), 'stress': 10, 'text': 'YOU', 'total': 10, 'mispronunciations': array([], dtype=object)}
 {'accuracy': 10, 'phones': array(['N', 'OW0'], dtype=object), 'phones-accuracy': array([2., 2.]), 'stress': 10, 'text': 'KNOW', 'total': 10, 'mispronunciations': array([], dtype=object)}
 {'accuracy': 10, 'phones': array(['DH', 'AH0'], dtype=object), 'phones-accuracy': array([1.8, 2. ]), 'stress': 10, 'text': 'THE', 'total': 10, 'mispronunciations': array([], dtype=object)}
 {'accuracy': 10, 'phones': array(['Y', 'UW1', 'ZH', 'UW0', 'AH0', 'L'], dtype=object), 'phones-accuracy': array([2. , 2. , 2. , 1.8, 1.8, 2. ]), 'stress': 10, 'text': 'USUAL', 'total': 10, 'mispronunciations': array([], dtype=object)}]",2244,f,20,train,022440144,-36.185505263507366
022440144,78,S,0.4199999868869781,0.5899999737739563,-48.036354064941406,so,2.0,9,10.0,9,8,8,"[{'accuracy': 10, 'phones': array(['S', 'OW0'], dtype=object), 'phones-accuracy': array([2., 2.]), 'stress': 10, 'text': 'SO', 'total': 10, 'mispronunciations': array([], dtype=object)}
 {'accuracy': 10, 'phones': array(['Y', 'UW0'], dtype=object), 'phones-accuracy': array([2., 2.]), 'stress': 10, 'text': 'YOU', 'total': 10, 'mispronunciations': array([], dtype=object)}
 {'accuracy': 10, 'phones': array(['N', 'OW0'], dtype=object), 'phones-accuracy': array([2., 2.]), 'stress': 10, 'text': 'KNOW', 'total': 10, 'mispronunciations': array([], dtype=object)}
 {'accuracy': 10, 'phones': array(['DH', 'AH0'], dtype=object), 'phones-accuracy': array([1.8, 2. ]), 'stress': 10, 'text': 'THE', 'total': 10, 'mispronunciations': array([], dtype=object)}
 {'accuracy': 10, 'phones': array(['Y', 'UW1', 'ZH', 'UW0', 'AH0', 'L'], dtype=object), 'phones-accuracy': array([2. , 2. , 2. , 1.8, 1.8, 2. ]), 'stress': 10, 'text': 'USUAL', 'total': 10, 'mispronunciations': array([], dtype=object)}]",2244,f,20,train,022440144,-47.9490455314517
022440144,79,OW1,0.5899999737739563,0.9300000071525574,-47.243438720703125,so,,9,10.0,9,8,8,"[{'accuracy': 10, 'phones': array(['S', 'OW0'], dtype=object), 'phones-accuracy': array([2., 2.]), 'stress': 10, 'text': 'SO', 'total': 10, 'mispronunciations': array([], dtype=object)}
 {'accuracy': 10, 'phones': array(['Y', 'UW0'], dtype=object), 'phones-accuracy': array([2., 2.]), 'stress': 10, 'text': 'YOU', 'total': 10, 'mispronunciations': array([], dtype=object)}
 {'accuracy': 10, 'phones': array(['N', 'OW0'], dtype=object), 'phones-accuracy': array([2., 2.]), 'stress': 10, 'text': 'KNOW', 'total': 10, 'mispronunciations': array([], dtype=object)}
 {'accuracy': 10, 'phones': array(['DH', 'AH0'], dtype=object), 'phones-accuracy': array([1.8, 2. ]), 'stress': 10, 'text': 'THE', 'total': 10, 'mispronunciations': array([], dtype=object)}
 {'accuracy': 10, 'phones': array(['Y', 'UW1', 'ZH', 'UW0', 'AH0', 'L'], dtype=object), 'phones-accuracy': array([2. , 2. , 2. , 1.8, 1.8, 2. ]), 'stress': 10, 'text': 'USUAL', 'total': 10, 'mispronunciations': array([], dtype=object)}]",2244,f,20,train,022440144,-46.98335936665535
022440144,80,sil,0.9300000071525574,0.959999978542328,-73.43315887451172,<eps>,,9,10.0,9,8,8,"[{'accuracy': 10, 'phones': array(['S', 'OW0'], dtype=object), 'phones-accuracy': array([2., 2.]), 'stress': 10, 'text': 'SO', 'total': 10, 'mispronunciations': array([], dtype=object)}
 {'accuracy': 10, 'phones': array(['Y', 'UW0'], dtype=object), 'phones-accuracy': array([2., 2.]), 'stress': 10, 'text': 'YOU', 'total': 10, 'mispronunciations': array([], dtype=object)}
 {'accuracy': 10, 'phones': array(['N', 'OW0'], dtype=object), 'phones-accuracy': array([2., 2.]), 'stress': 10, 'text': 'KNOW', 'total': 10, 'mispronunciations': array([], dtype=object)}
 {'accuracy': 10, 'phones': array(['DH', 'AH0'], dtype=object), 'phones-accuracy': array([1.8, 2. ]), 'stress': 10, 'text': 'THE', 'total': 10, 'mispronunciations': array([], dtype=object)}
 {'accuracy': 10, 'phones': array(['Y', 'UW1', 'ZH', 'UW0', 'AH0', 'L'], dtype=object), 'phones-accuracy': array([2. , 2. , 2. , 1.8, 1.8, 2. ]), 'stress': 10, 'text': 'USUAL', 'total': 10, 'mispronunciations': array([], dtype=object)}]",2244,f,20,train,022440144,-73.32047518342733
022440144,81,Y,0.959999978542328,1.0099999904632568,-64.33882141113281,you,2.0,9,10.0,9,8,8,"[{'accuracy': 10, 'phones': array(['S', 'OW0'], dtype=object), 'phones-accuracy': array([2., 2.]), 'stress': 10, 'text': 'SO', 'total': 10, 'mispronunciations': array([], dtype=object)}
 {'accuracy': 10, 'phones': array(['Y', 'UW0'], dtype=object), 'phones-accuracy': array([2., 2.]), 'stress': 10, 'text': 'YOU', 'total': 10, 'mispronunciations': array([], dtype=object)}
 {'accuracy': 10, 'phones': array(['N', 'OW0'], dtype=object), 'phones-accuracy': array([2., 2.]), 'stress': 10, 'text': 'KNOW', 'total': 10, 'mispronunciations': array([], dtype=object)}
 {'accuracy': 10, 'phones': array(['DH', 'AH0'], dtype=object), 'phones-accuracy': array([1.8, 2. ]), 'stress': 10, 'text': 'THE', 'total': 10, 'mispronunciations': array([], dtype=object)}
 {'accuracy': 10, 'phones': array(['Y', 'UW1', 'ZH', 'UW0', 'AH0', 'L'], dtype=object), 'phones-accuracy': array([2. , 2. , 2. , 1.8, 1.8, 2. ]), 'stress': 10, 'text': 'USUAL', 'total': 10, 'mispronunciations': array([], dtype=object)}]",2244,f,20,train,022440144,-64.09288416802883
022440144,82,UW1,1.0099999904632568,1.059999942779541,-47.4360580444336,you,2.0,9,10.0,9,8,8,"[{'accuracy': 10, 'phones': array(['S', 'OW0'], dtype=object), 'phones-accuracy': array([2., 2.]), 'stress': 10, 'text': 'SO', 'total': 10, 'mispronunciations': array([], dtype=object)}
 {'accuracy': 10, 'phones': array(['Y', 'UW0'], dtype=object), 'phones-accuracy': array([2., 2.]), 'stress': 10, 'text': 'YOU', 'total': 10, 'mispronunciations': array([], dtype=object)}
 {'accuracy': 10, 'phones': array(['N', 'OW0'], dtype=object), 'phones-accuracy': array([2., 2.]), 'stress': 10, 'text': 'KNOW', 'total': 10, 'mispronunciations': array([], dtype=object)}
 {'accuracy': 10, 'phones': array(['DH', 'AH0'], dtype=object), 'phones-accuracy': array([1.8, 2. ]), 'stress': 10, 'text': 'THE', 'total': 10, 'mispronunciations': array([], dtype=object)}
 {'accuracy': 10, 'phones': array(['Y', 'UW1', 'ZH', 'UW0', 'AH0', 'L'], dtype=object), 'phones-accuracy': array([2. , 2. , 2. , 1.8, 1.8, 2. ]), 'stress': 10, 'text': 'USUAL', 'total': 10, 'mispronunciations': array([], dtype=object)}]",2244,f,20,train,022440144,-47.25881658494473
022440144,83,N,1.059999942779541,1.1799999475479126,-53.93971633911133,know,2.0,9,10.0,9,8,8,"[{'accuracy': 10, 'phones': array(['S', 'OW0'], dtype=object), 'phones-accuracy': array([2., 2.]), 'stress': 10, 'text': 'SO', 'total': 10, 'mispronunciations': array([], dtype=object)}
 {'accuracy': 10, 'phones': array(['Y', 'UW0'], dtype=object), 'phones-accuracy': array([2., 2.]), 'stress': 10, 'text': 'YOU', 'total': 10, 'mispronunciations': array([], dtype=object)}
 {'accuracy': 10, 'phones': array(['N', 'OW0'], dtype=object), 'phones-accuracy': array([2., 2.]), 'stress': 10, 'text': 'KNOW', 'total': 10, 'mispronunciations': array([], dtype=object)}
 {'accuracy': 10, 'phones': array(['DH', 'AH0'], dtype=object), 'phones-accuracy': array([1.8, 2. ]), 'stress': 10, 'text': 'THE', 'total': 10, 'mispronunciations': array([], dtype=object)}
 {'accuracy': 10, 'phones': array(['Y', 'UW1', 'ZH', 'UW0', 'AH0', 'L'], dtype=object), 'phones-accuracy': array([2. , 2. , 2. , 1.8, 1.8, 2. ]), 'stress': 10, 'text': 'USUAL', 'total': 10, 'mispronunciations': array([], dtype=object)}]",2244,f,20,train,022440144,-53.77270455658436
022440144,84,OW1,1.1799999475479126,1.5499999523162842,-45.711463928222656,know,,9,10.0,9,8,8,"[{'accuracy': 10, 'phones': array(['S', 'OW0'], dtype=object), 'phones-accuracy': array([2., 2.]), 'stress': 10, 'text': 'SO', 'total': 10, 'mispronunciations': array([], dtype=object)}
 {'accuracy': 10, 'phones': array(['Y', 'UW0'], dtype=object), 'phones-accuracy': array([2., 2.]), 'stress': 10, 'text': 'YOU', 'total': 10, 'mispronunciations': array([], dtype=object)}
 {'accuracy': 10, 'phones': array(['N', 'OW0'], dtype=object), 'phones-accuracy': array([2., 2.]), 'stress': 10, 'text': 'KNOW', 'total': 10, 'mispronunciations': array([], dtype=object)}
 {'accuracy': 10, 'phones': array(['DH', 'AH0'], dtype=object), 'phones-accuracy': array([1.8, 2. ]), 'stress': 10, 'text': 'THE', 'total': 10, 'mispronunciations': array([], dtype=object)}
 {'accuracy': 10, 'phones': array(['Y', 'UW1', 'ZH', 'UW0', 'AH0', 'L'], dtype=object), 'phones-accuracy': array([2. , 2. , 2. , 1.8, 1.8, 2. ]), 'stress': 10, 'text': 'USUAL', 'total': 10, 'mispronunciations': array([], dtype=object)}]",2244,f,20,train,022440144,-45.582623332738876
022440144,85,sil,1.5499999523162842,1.600000023841858,-46.07488250732422,<eps>,,9,10.0,9,8,8,"[{'accuracy': 10, 'phones': array(['S', 'OW0'], dtype=object), 'phones-accuracy': array([2., 2.]), 'stress': 10, 'text': 'SO', 'total': 10, 'mispronunciations': array([], dtype=object)}
 {'accuracy': 10, 'phones': array(['Y', 'UW0'], dtype=object), 'phones-accuracy': array([2., 2.]), 'stress': 10, 'text': 'YOU', 'total': 10, 'mispronunciations': array([], dtype=object)}
 {'accuracy': 10, 'phones': array(['N', 'OW0'], dtype=object), 'phones-accuracy': array([2., 2.]), 'stress': 10, 'text': 'KNOW', 'total': 10, 'mispronunciations': array([], dtype=object)}
 {'accuracy': 10, 'phones': array(['DH', 'AH0'], dtype=object), 'phones-accuracy': array([1.8, 2. ]), 'stress': 10, 'text': 'THE', 'total': 10, 'mispronunciations': array([], dtype=object)}
 {'accuracy': 10, 'phones': array(['Y', 'UW1', 'ZH', 'UW0', 'AH0', 'L'], dtype=object), 'phones-accuracy': array([2. , 2. , 2. , 1.8, 1.8, 2. ]), 'stress': 10, 'text': 'USUAL', 'total': 10, 'mispronunciations': array([], dtype=object)}]",2244,f,20,train,022440144,-45.96324732899666
022440144,86,DH,1.600000023841858,1.6699999570846558,-64.10059356689453,the,1.8,9,10.0,9,8,8,"[{'accuracy': 10, 'phones': array(['S', 'OW0'], dtype=object), 'phones-accuracy': array([2., 2.]), 'stress': 10, 'text': 'SO', 'total': 10, 'mispronunciations': array([], dtype=object)}
 {'accuracy': 10, 'phones': array(['Y', 'UW0'], dtype=object), 'phones-accuracy': array([2., 2.]), 'stress': 10, 'text': 'YOU', 'total': 10, 'mispronunciations': array([], dtype=object)}
 {'accuracy': 10, 'phones': array(['N', 'OW0'], dtype=object), 'phones-accuracy': array([2., 2.]), 'stress': 10, 'text': 'KNOW', 'total': 10, 'mispronunciations': array([], dtype=object)}
 {'accuracy': 10, 'phones': array(['DH', 'AH0'], dtype=object), 'phones-accuracy': array([1.8, 2. ]), 'stress': 10, 'text': 'THE', 'total': 10, 'mispronunciations': array([], dtype=object)}
 {'accuracy': 10, 'phones': array(['Y', 'UW1', 'ZH', 'UW0', 'AH0', 'L'], dtype=object), 'phones-accuracy': array([2. , 2. , 2. , 1.8, 1.8, 2. ]), 'stress': 10, 'text': 'USUAL', 'total': 10, 'mispronunciations': array([], dtype=object)}]",2244,f,20,train,022440144,-63.97676707059145
022440144,87,AH0,1.6699999570846558,1.7599999904632568,-45.37577819824219,the,2.0,9,10.0,9,8,8,"[{'accuracy': 10, 'phones': array(['S', 'OW0'], dtype=object), 'phones-accuracy': array([2., 2.]), 'stress': 10, 'text': 'SO', 'total': 10, 'mispronunciations': array([], dtype=object)}
 {'accuracy': 10, 'phones': array(['Y', 'UW0'], dtype=object), 'phones-accuracy': array([2., 2.]), 'stress': 10, 'text': 'YOU', 'total': 10, 'mispronunciations': array([], dtype=object)}
 {'accuracy': 10, 'phones': array(['N', 'OW0'], dtype=object), 'phones-accuracy': array([2., 2.]), 'stress': 10, 'text': 'KNOW', 'total': 10, 'mispronunciations': array([], dtype=object)}
 {'accuracy': 10, 'phones': array(['DH', 'AH0'], dtype=object), 'phones-accuracy': array([1.8, 2. ]), 'stress': 10, 'text': 'THE', 'total': 10, 'mispronunciations': array([], dtype=object)}
 {'accuracy': 10, 'phones': array(['Y', 'UW1', 'ZH', 'UW0', 'AH0', 'L'], dtype=object), 'phones-accuracy': array([2. , 2. , 2. , 1.8, 1.8, 2. ]), 'stress': 10, 'text': 'USUAL', 'total': 10, 'mispronunciations': array([], dtype=object)}]",2244,f,20,train,022440144,-45.06594341993332
022440144,88,Y,1.7599999904632568,1.909999966621399,-49.87830352783203,usual,2.0,9,10.0,9,8,8,"[{'accuracy': 10, 'phones': array(['S', 'OW0'], dtype=object), 'phones-accuracy': array([2., 2.]), 'stress': 10, 'text': 'SO', 'total': 10, 'mispronunciations': array([], dtype=object)}
 {'accuracy': 10, 'phones': array(['Y', 'UW0'], dtype=object), 'phones-accuracy': array([2., 2.]), 'stress': 10, 'text': 'YOU', 'total': 10, 'mispronunciations': array([], dtype=object)}
 {'accuracy': 10, 'phones': array(['N', 'OW0'], dtype=object), 'phones-accuracy': array([2., 2.]), 'stress': 10, 'text': 'KNOW', 'total': 10, 'mispronunciations': array([], dtype=object)}
 {'accuracy': 10, 'phones': array(['DH', 'AH0'], dtype=object), 'phones-accuracy': array([1.8, 2. ]), 'stress': 10, 'text': 'THE', 'total': 10, 'mispronunciations': array([], dtype=object)}
 {'accuracy': 10, 'phones': array(['Y', 'UW1', 'ZH', 'UW0', 'AH0', 'L'], dtype=object), 'phones-accuracy': array([2. , 2. , 2. , 1.8, 1.8, 2. ]), 'stress': 10, 'text': 'USUAL', 'total': 10, 'mispronunciations': array([], dtype=object)}]",2244,f,20,train,022440144,-49.34752207994461
022440144,89,UW1,1.909999966621399,2.0199999809265137,-43.87891006469727,usual,2.0,9,10.0,9,8,8,"[{'accuracy': 10, 'phones': array(['S', 'OW0'], dtype=object), 'phones-accuracy': array([2., 2.]), 'stress': 10, 'text': 'SO', 'total': 10, 'mispronunciations': array([], dtype=object)}
 {'accuracy': 10, 'phones': array(['Y', 'UW0'], dtype=object), 'phones-accuracy': array([2., 2.]), 'stress': 10, 'text': 'YOU', 'total': 10, 'mispronunciations': array([], dtype=object)}
 {'accuracy': 10, 'phones': array(['N', 'OW0'], dtype=object), 'phones-accuracy': array([2., 2.]), 'stress': 10, 'text': 'KNOW', 'total': 10, 'mispronunciations': array([], dtype=object)}
 {'accuracy': 10, 'phones': array(['DH', 'AH0'], dtype=object), 'phones-accuracy': array([1.8, 2. ]), 'stress': 10, 'text': 'THE', 'total': 10, 'mispronunciations': array([], dtype=object)}
 {'accuracy': 10, 'phones': array(['Y', 'UW1', 'ZH', 'UW0', 'AH0', 'L'], dtype=object), 'phones-accuracy': array([2. , 2. , 2. , 1.8, 1.8, 2. ]), 'stress': 10, 'text': 'USUAL', 'total': 10, 'mispronunciations': array([], dtype=object)}]",2244,f,20,train,022440144,-43.66728189587594
022440144,90,ZH,2.0199999809265137,2.0999999046325684,-59.03803634643555,usual,2.0,9,10.0,9,8,8,"[{'accuracy': 10, 'phones': array(['S', 'OW0'], dtype=object), 'phones-accuracy': array([2., 2.]), 'stress': 10, 'text': 'SO', 'total': 10, 'mispronunciations': array([], dtype=object)}
 {'accuracy': 10, 'phones': array(['Y', 'UW0'], dtype=object), 'phones-accuracy': array([2., 2.]), 'stress': 10, 'text': 'YOU', 'total': 10, 'mispronunciations': array([], dtype=object)}
 {'accuracy': 10, 'phones': array(['N', 'OW0'], dtype=object), 'phones-accuracy': array([2., 2.]), 'stress': 10, 'text': 'KNOW', 'total': 10, 'mispronunciations': array([], dtype=object)}
 {'accuracy': 10, 'phones': array(['DH', 'AH0'], dtype=object), 'phones-accuracy': array([1.8, 2. ]), 'stress': 10, 'text': 'THE', 'total': 10, 'mispronunciations': array([], dtype=object)}
 {'accuracy': 10, 'phones': array(['Y', 'UW1', 'ZH', 'UW0', 'AH0', 'L'], dtype=object), 'phones-accuracy': array([2. , 2. , 2. , 1.8, 1.8, 2. ]), 'stress': 10, 'text': 'USUAL', 'total': 10, 'mispronunciations': array([], dtype=object)}]",2244,f,20,train,022440144,-58.91790812462568
022440144,91,UW0,2.0999999046325684,2.1700000762939453,-48.96826934814453,usual,2.0,9,10.0,9,8,8,"[{'accuracy': 10, 'phones': array(['S', 'OW0'], dtype=object), 'phones-accuracy': array([2., 2.]), 'stress': 10, 'text': 'SO', 'total': 10, 'mispronunciations': array([], dtype=object)}
 {'accuracy': 10, 'phones': array(['Y', 'UW0'], dtype=object), 'phones-accuracy': array([2., 2.]), 'stress': 10, 'text': 'YOU', 'total': 10, 'mispronunciations': array([], dtype=object)}
 {'accuracy': 10, 'phones': array(['N', 'OW0'], dtype=object), 'phones-accuracy': array([2., 2.]), 'stress': 10, 'text': 'KNOW', 'total': 10, 'mispronunciations': array([], dtype=object)}
 {'accuracy': 10, 'phones': array(['DH', 'AH0'], dtype=object), 'phones-accuracy': array([1.8, 2. ]), 'stress': 10, 'text': 'THE', 'total': 10, 'mispronunciations': array([], dtype=object)}
 {'accuracy': 10, 'phones': array(['Y', 'UW1', 'ZH', 'UW0', 'AH0', 'L'], dtype=object), 'phones-accuracy': array([2. , 2. , 2. , 1.8, 1.8, 2. ]), 'stress': 10, 'text': 'USUAL', 'total': 10, 'mispronunciations': array([], dtype=object)}]",2244,f,20,train,022440144,-48.67800208926201
022440144,92,AH0,2.1700000762939453,2.180000066757202,-44.85615539550781,usual,2.0,9,10.0,9,8,8,"[{'accuracy': 10, 'phones': array(['S', 'OW0'], dtype=object), 'phones-accuracy': array([2., 2.]), 'stress': 10, 'text': 'SO', 'total': 10, 'mispronunciations': array([], dtype=object)}
 {'accuracy': 10, 'phones': array(['Y', 'UW0'], dtype=object), 'phones-accuracy': array([2., 2.]), 'stress': 10, 'text': 'YOU', 'total': 10, 'mispronunciations': array([], dtype=object)}
 {'accuracy': 10, 'phones': array(['N', 'OW0'], dtype=object), 'phones-accuracy': array([2., 2.]), 'stress': 10, 'text': 'KNOW', 'total': 10, 'mispronunciations': array([], dtype=object)}
 {'accuracy': 10, 'phones': array(['DH', 'AH0'], dtype=object), 'phones-accuracy': array([1.8, 2. ]), 'stress': 10, 'text': 'THE', 'total': 10, 'mispronunciations': array([], dtype=object)}
 {'accuracy': 10, 'phones': array(['Y', 'UW1', 'ZH', 'UW0', 'AH0', 'L'], dtype=object), 'phones-accuracy': array([2. , 2. , 2. , 1.8, 1.8, 2. ]), 'stress': 10, 'text': 'USUAL', 'total': 10, 'mispronunciations': array([], dtype=object)}]",2244,f,20,train,022440144,
022440144,93,L,2.180000066757202,2.299999952316284,-54.18849182128906,usual,2.0,9,10.0,9,8,8,"[{'accuracy': 10, 'phones': array(['S', 'OW0'], dtype=object), 'phones-accuracy': array([2., 2.]), 'stress': 10, 'text': 'SO', 'total': 10, 'mispronunciations': array([], dtype=object)}
 {'accuracy': 10, 'phones': array(['Y', 'UW0'], dtype=object), 'phones-accuracy': array([2., 2.]), 'stress': 10, 'text': 'YOU', 'total': 10, 'mispronunciations': array([], dtype=object)}
 {'accuracy': 10, 'phones': array(['N', 'OW0'], dtype=object), 'phones-accuracy': array([2., 2.]), 'stress': 10, 'text': 'KNOW', 'total': 10, 'mispronunciations': array([], dtype=object)}
 {'accuracy': 10, 'phones': array(['DH', 'AH0'], dtype=object), 'phones-accuracy': array([1.8, 2. ]), 'stress': 10, 'text': 'THE', 'total': 10, 'mispronunciations': array([], dtype=object)}
 {'accuracy': 10, 'phones': array(['Y', 'UW1', 'ZH', 'UW0', 'AH0', 'L'], dtype=object), 'phones-accuracy': array([2. , 2. , 2. , 1.8, 1.8, 2. ]), 'stress': 10, 'text': 'USUAL', 'total': 10, 'mispronunciations': array([], dtype=object)}]",2244,f,20,train,022440144,-53.92217177152634
022440144,94,sil,2.299999952316284,3.1630001068115234,-42.83775329589844,<eps>,,9,10.0,9,8,8,"[{'accuracy': 10, 'phones': array(['S', 'OW0'], dtype=object), 'phones-accuracy': array([2., 2.]), 'stress': 10, 'text': 'SO', 'total': 10, 'mispronunciations': array([], dtype=object)}
 {'accuracy': 10, 'phones': array(['Y', 'UW0'], dtype=object), 'phones-accuracy': array([2., 2.]), 'stress': 10, 'text': 'YOU', 'total': 10, 'mispronunciations': array([], dtype=object)}
 {'accuracy': 10, 'phones': array(['N', 'OW0'], dtype=object), 'phones-accuracy': array([2., 2.]), 'stress': 10, 'text': 'KNOW', 'total': 10, 'mispronunciations': array([], dtype=object)}
 {'accuracy': 10, 'phones': array(['DH', 'AH0'], dtype=object), 'phones-accuracy': array([1.8, 2. ]), 'stress': 10, 'text': 'THE', 'total': 10, 'mispronunciations': array([], dtype=object)}
 {'accuracy': 10, 'phones': array(['Y', 'UW1', 'ZH', 'UW0', 'AH0', 'L'], dtype=object), 'phones-accuracy': array([2. , 2. , 2. , 1.8, 1.8, 2. ]), 'stress': 10, 'text': 'USUAL', 'total': 10, 'mispronunciations': array([], dtype=object)}]",2244,f,20,train,022440144,-42.74953256547451
022440352,95,sil,0.0,0.550000011920929,-34.023494720458984,<eps>,,8,10.0,8,8,8,"[{'accuracy': 10, 'phones': array(['AH0'], dtype=object), 'phones-accuracy': array([2.]), 'stress': 10, 'text': 'A', 'total': 10, 'mispronunciations': array([], dtype=object)}
 {'accuracy': 10, 'phones': array(['TH', 'AW1', 'Z', 'N', 'D'], dtype=object), 'phones-accuracy': array([1.8, 2. , 2. , 2. , 2. ]), 'stress': 10, 'text': 'THOUSAND', 'total': 10, 'mispronunciations': array([], dtype=object)}
 {'accuracy': 10, 'phones': array(['Y', 'IH', 'AH0', 'R', 'Z'], dtype=object), 'phones-accuracy': array([2. , 2. , 2. , 2. , 1.8]), 'stress': 10, 'text': 'YEARS', 'total': 10, 'mispronunciations': array([], dtype=object)}
 {'accuracy': 10, 'phones': array(['AH0', 'G', 'OW0'], dtype=object), 'phones-accuracy': array([2., 2., 2.]), 'stress': 10, 'text': 'AGO', 'total': 10, 'mispronunciations': array([], dtype=object)}
 {'accuracy': 10, 'phones': array(['IH0', 'T'], dtype=object), 'phones-accuracy': array([2., 2.]), 'stress': 10, 'text': 'IT', 'total': 10, 'mispronunciations': array([], dtype=object)}
 {'accuracy': 10, 'phones': array(['S', 'IY0', 'M', 'D'], dtype=object), 'phones-accuracy': array([2., 2., 2., 2.]), 'stress': 10, 'text': 'SEEMED', 'total': 10, 'mispronunciations': array([], dtype=object)}]",2244,f,20,train,022440352,-33.991941541433334
022440352,96,AH0,0.550000011920929,0.6499999761581421,-53.0224838256836,a,2.0,8,10.0,8,8,8,"[{'accuracy': 10, 'phones': array(['AH0'], dtype=object), 'phones-accuracy': array([2.]), 'stress': 10, 'text': 'A', 'total': 10, 'mispronunciations': array([], dtype=object)}
 {'accuracy': 10, 'phones': array(['TH', 'AW1', 'Z', 'N', 'D'], dtype=object), 'phones-accuracy': array([1.8, 2. , 2. , 2. , 2. ]), 'stress': 10, 'text': 'THOUSAND', 'total': 10, 'mispronunciations': array([], dtype=object)}
 {'accuracy': 10, 'phones': array(['Y', 'IH', 'AH0', 'R', 'Z'], dtype=object), 'phones-accuracy': array([2. , 2. , 2. , 2. , 1.8]), 'stress': 10, 'text': 'YEARS', 'total': 10, 'mispronunciations': array([], dtype=object)}
 {'accuracy': 10, 'phones': array(['AH0', 'G', 'OW0'], dtype=object), 'phones-accuracy': array([2., 2., 2.]), 'stress': 10, 'text': 'AGO', 'total': 10, 'mispronunciations': array([], dtype=object)}
 {'accuracy': 10, 'phones': array(['IH0', 'T'], dtype=object), 'phones-accuracy': array([2., 2.]), 'stress': 10, 'text': 'IT', 'total': 10, 'mispronunciations': array([], dtype=object)}
 {'accuracy': 10, 'phones': array(['S', 'IY0', 'M', 'D'], dtype=object), 'phones-accuracy': array([2., 2., 2., 2.]), 'stress': 10, 'text': 'SEEMED', 'total': 10, 'mispronunciations': array([], dtype=object)}]",2244,f,20,train,022440352,-52.80767139792443
022440352,97,TH,0.6499999761581421,0.7799999713897705,-58.202449798583984,thousand,1.8,8,10.0,8,8,8,"[{'accuracy': 10, 'phones': array(['AH0'], dtype=object), 'phones-accuracy': array([2.]), 'stress': 10, 'text': 'A', 'total': 10, 'mispronunciations': array([], dtype=object)}
 {'accuracy': 10, 'phones': array(['TH', 'AW1', 'Z', 'N', 'D'], dtype=object), 'phones-accuracy': array([1.8, 2. , 2. , 2. , 2. ]), 'stress': 10, 'text': 'THOUSAND', 'total': 10, 'mispronunciations': array([], dtype=object)}
 {'accuracy': 10, 'phones': array(['Y', 'IH', 'AH0', 'R', 'Z'], dtype=object), 'phones-accuracy': array([2. , 2. , 2. , 2. , 1.8]), 'stress': 10, 'text': 'YEARS', 'total': 10, 'mispronunciations': array([], dtype=object)}
 {'accuracy': 10, 'phones': array(['AH0', 'G', 'OW0'], dtype=object), 'phones-accuracy': array([2., 2., 2.]), 'stress': 10, 'text': 'AGO', 'total': 10, 'mispronunciations': array([], dtype=object)}
 {'accuracy': 10, 'phones': array(['IH0', 'T'], dtype=object), 'phones-accuracy': array([2., 2.]), 'stress': 10, 'text': 'IT', 'total': 10, 'mispronunciations': array([], dtype=object)}
 {'accuracy': 10, 'phones': array(['S', 'IY0', 'M', 'D'], dtype=object), 'phones-accuracy': array([2., 2., 2., 2.]), 'stress': 10, 'text': 'SEEMED', 'total': 10, 'mispronunciations': array([], dtype=object)}]",2244,f,20,train,022440352,-58.11972679942846
022440352,98,AW1,0.7799999713897705,0.9200000166893004,-46.08614349365234,thousand,2.0,8,10.0,8,8,8,"[{'accuracy': 10, 'phones': array(['AH0'], dtype=object), 'phones-accuracy': array([2.]), 'stress': 10, 'text': 'A', 'total': 10, 'mispronunciations': array([], dtype=object)}
 {'accuracy': 10, 'phones': array(['TH', 'AW1', 'Z', 'N', 'D'], dtype=object), 'phones-accuracy': array([1.8, 2. , 2. , 2. , 2. ]), 'stress': 10, 'text': 'THOUSAND', 'total': 10, 'mispronunciations': array([], dtype=object)}
 {'accuracy': 10, 'phones': array(['Y', 'IH', 'AH0', 'R', 'Z'], dtype=object), 'phones-accuracy': array([2. , 2. , 2. , 2. , 1.8]), 'stress': 10, 'text': 'YEARS', 'total': 10, 'mispronunciations': array([], dtype=object)}
 {'accuracy': 10, 'phones': array(['AH0', 'G', 'OW0'], dtype=object), 'phones-accuracy': array([2., 2., 2.]), 'stress': 10, 'text': 'AGO', 'total': 10, 'mispronunciations': array([], dtype=object)}
 {'accuracy': 10, 'phones': array(['IH0', 'T'], dtype=object), 'phones-accuracy': array([2., 2.]), 'stress': 10, 'text': 'IT', 'total': 10, 'mispronunciations': array([], dtype=object)}
 {'accuracy': 10, 'phones': array(['S', 'IY0', 'M', 'D'], dtype=object), 'phones-accuracy': array([2., 2., 2., 2.]), 'stress': 10, 'text': 'SEEMED', 'total': 10, 'mispronunciations': array([], dtype=object)}]",2244,f,20,train,022440352,-45.531041085720055
022440352,99,Z,0.9200000166893004,0.949999988079071,-64.57940673828125,thousand,2.0,8,10.0,8,8,8,"[{'accuracy': 10, 'phones': array(['AH0'], dtype=object), 'phones-accuracy': array([2.]), 'stress': 10, 'text': 'A', 'total': 10, 'mispronunciations': array([], dtype=object)}
 {'accuracy': 10, 'phones': array(['TH', 'AW1', 'Z', 'N', 'D'], dtype=object), 'phones-accuracy': array([1.8, 2. , 2. , 2. , 2. ]), 'stress': 10, 'text': 'THOUSAND', 'total': 10, 'mispronunciations': array([], dtype=object)}
 {'accuracy': 10, 'phones': array(['Y', 'IH', 'AH0', 'R', 'Z'], dtype=object), 'phones-accuracy': array([2. , 2. , 2. , 2. , 1.8]), 'stress': 10, 'text': 'YEARS', 'total': 10, 'mispronunciations': array([], dtype=object)}
 {'accuracy': 10, 'phones': array(['AH0', 'G', 'OW0'], dtype=object), 'phones-accuracy': array([2., 2., 2.]), 'stress': 10, 'text': 'AGO', 'total': 10, 'mispronunciations': array([], dtype=object)}
 {'accuracy': 10, 'phones': array(['IH0', 'T'], dtype=object), 'phones-accuracy': array([2., 2.]), 'stress': 10, 'text': 'IT', 'total': 10, 'mispronunciations': array([], dtype=object)}
 {'accuracy': 10, 'phones': array(['S', 'IY0', 'M', 'D'], dtype=object), 'phones-accuracy': array([2., 2., 2., 2.]), 'stress': 10, 'text': 'SEEMED', 'total': 10, 'mispronunciations': array([], dtype=object)}]",2244,f,20,train,022440352,-64.41813011467457
022440352,100,AH0,0.949999988079071,1.0399999618530271,-56.51548767089844,thousand,2.0,8,10.0,8,8,8,"[{'accuracy': 10, 'phones': array(['AH0'], dtype=object), 'phones-accuracy': array([2.]), 'stress': 10, 'text': 'A', 'total': 10, 'mispronunciations': array([], dtype=object)}
 {'accuracy': 10, 'phones': array(['TH', 'AW1', 'Z', 'N', 'D'], dtype=object), 'phones-accuracy': array([1.8, 2. , 2. , 2. , 2. ]), 'stress': 10, 'text': 'THOUSAND', 'total': 10, 'mispronunciations': array([], dtype=object)}
 {'accuracy': 10, 'phones': array(['Y', 'IH', 'AH0', 'R', 'Z'], dtype=object), 'phones-accuracy': array([2. , 2. , 2. , 2. , 1.8]), 'stress': 10, 'text': 'YEARS', 'total': 10, 'mispronunciations': array([], dtype=object)}
 {'accuracy': 10, 'phones': array(['AH0', 'G', 'OW0'], dtype=object), 'phones-accuracy': array([2., 2., 2.]), 'stress': 10, 'text': 'AGO', 'total': 10, 'mispronunciations': array([], dtype=object)}
 {'accuracy': 10, 'phones': array(['IH0', 'T'], dtype=object), 'phones-accuracy': array([2., 2.]), 'stress': 10, 'text': 'IT', 'total': 10, 'mispronunciations': array([], dtype=object)}
 {'accuracy': 10, 'phones': array(['S', 'IY0', 'M', 'D'], dtype=object), 'phones-accuracy': array([2., 2., 2., 2.]), 'stress': 10, 'text': 'SEEMED', 'total': 10, 'mispronunciations': array([], dtype=object)}]",2244,f,20,train,022440352,-56.32834014296532
022440352,101,N,1.0399999618530271,1.0800000429153442,-45.32816696166992,thousand,2.0,8,10.0,8,8,8,"[{'accuracy': 10, 'phones': array(['AH0'], dtype=object), 'phones-accuracy': array([2.]), 'stress': 10, 'text': 'A', 'total': 10, 'mispronunciations': array([], dtype=object)}
 {'accuracy': 10, 'phones': array(['TH', 'AW1', 'Z', 'N', 'D'], dtype=object), 'phones-accuracy': array([1.8, 2. , 2. , 2. , 2. ]), 'stress': 10, 'text': 'THOUSAND', 'total': 10, 'mispronunciations': array([], dtype=object)}
 {'accuracy': 10, 'phones': array(['Y', 'IH', 'AH0', 'R', 'Z'], dtype=object), 'phones-accuracy': array([2. , 2. , 2. , 2. , 1.8]), 'stress': 10, 'text': 'YEARS', 'total': 10, 'mispronunciations': array([], dtype=object)}
 {'accuracy': 10, 'phones': array(['AH0', 'G', 'OW0'], dtype=object), 'phones-accuracy': array([2., 2., 2.]), 'stress': 10, 'text': 'AGO', 'total': 10, 'mispronunciations': array([], dtype=object)}
 {'accuracy': 10, 'phones': array(['IH0', 'T'], dtype=object), 'phones-accuracy': array([2., 2.]), 'stress': 10, 'text': 'IT', 'total': 10, 'mispronunciations': array([], dtype=object)}
 {'accuracy': 10, 'phones': array(['S', 'IY0', 'M', 'D'], dtype=object), 'phones-accuracy': array([2., 2., 2., 2.]), 'stress': 10, 'text': 'SEEMED', 'total': 10, 'mispronunciations': array([], dtype=object)}]",2244,f,20,train,022440352,-45.14923994243145
022440352,102,Y,1.0800000429153442,1.2699999809265137,-47.89201736450195,years,2.0,8,10.0,8,8,8,"[{'accuracy': 10, 'phones': array(['AH0'], dtype=object), 'phones-accuracy': array([2.]), 'stress': 10, 'text': 'A', 'total': 10, 'mispronunciations': array([], dtype=object)}
 {'accuracy': 10, 'phones': array(['TH', 'AW1', 'Z', 'N', 'D'], dtype=object), 'phones-accuracy': array([1.8, 2. , 2. , 2. , 2. ]), 'stress': 10, 'text': 'THOUSAND', 'total': 10, 'mispronunciations': array([], dtype=object)}
 {'accuracy': 10, 'phones': array(['Y', 'IH', 'AH0', 'R', 'Z'], dtype=object), 'phones-accuracy': array([2. , 2. , 2. , 2. , 1.8]), 'stress': 10, 'text': 'YEARS', 'total': 10, 'mispronunciations': array([], dtype=object)}
 {'accuracy': 10, 'phones': array(['AH0', 'G', 'OW0'], dtype=object), 'phones-accuracy': array([2., 2., 2.]), 'stress': 10, 'text': 'AGO', 'total': 10, 'mispronunciations': array([], dtype=object)}
 {'accuracy': 10, 'phones': array(['IH0', 'T'], dtype=object), 'phones-accuracy': array([2., 2.]), 'stress': 10, 'text': 'IT', 'total': 10, 'mispronunciations': array([], dtype=object)}
 {'accuracy': 10, 'phones': array(['S', 'IY0', 'M', 'D'], dtype=object), 'phones-accuracy': array([2., 2., 2., 2.]), 'stress': 10, 'text': 'SEEMED', 'total': 10, 'mispronunciations': array([], dtype=object)}]",2244,f,20,train,022440352,-47.142022132873535
022440352,103,IH1,1.2699999809265137,1.3600000143051147,-40.19723129272461,years,,8,10.0,8,8,8,"[{'accuracy': 10, 'phones': array(['AH0'], dtype=object), 'phones-accuracy': array([2.]), 'stress': 10, 'text': 'A', 'total': 10, 'mispronunciations': array([], dtype=object)}
 {'accuracy': 10, 'phones': array(['TH', 'AW1', 'Z', 'N', 'D'], dtype=object), 'phones-accuracy': array([1.8, 2. , 2. , 2. , 2. ]), 'stress': 10, 'text': 'THOUSAND', 'total': 10, 'mispronunciations': array([], dtype=object)}
 {'accuracy': 10, 'phones': array(['Y', 'IH', 'AH0', 'R', 'Z'], dtype=object), 'phones-accuracy': array([2. , 2. , 2. , 2. , 1.8]), 'stress': 10, 'text': 'YEARS', 'total': 10, 'mispronunciations': array([], dtype=object)}
 {'accuracy': 10, 'phones': array(['AH0', 'G', 'OW0'], dtype=object), 'phones-accuracy': array([2., 2., 2.]), 'stress': 10, 'text': 'AGO', 'total': 10, 'mispronunciations': array([], dtype=object)}
 {'accuracy': 10, 'phones': array(['IH0', 'T'], dtype=object), 'phones-accuracy': array([2., 2.]), 'stress': 10, 'text': 'IT', 'total': 10, 'mispronunciations': array([], dtype=object)}
 {'accuracy': 10, 'phones': array(['S', 'IY0', 'M', 'D'], dtype=object), 'phones-accuracy': array([2., 2., 2., 2.]), 'stress': 10, 'text': 'SEEMED', 'total': 10, 'mispronunciations': array([], dtype=object)}]",2244,f,20,train,022440352,-39.96599930524826
022440352,104,R,1.3600000143051147,1.399999976158142,-43.57112884521485,years,2.0,8,10.0,8,8,8,"[{'accuracy': 10, 'phones': array(['AH0'], dtype=object), 'phones-accuracy': array([2.]), 'stress': 10, 'text': 'A', 'total': 10, 'mispronunciations': array([], dtype=object)}
 {'accuracy': 10, 'phones': array(['TH', 'AW1', 'Z', 'N', 'D'], dtype=object), 'phones-accuracy': array([1.8, 2. , 2. , 2. , 2. ]), 'stress': 10, 'text': 'THOUSAND', 'total': 10, 'mispronunciations': array([], dtype=object)}
 {'accuracy': 10, 'phones': array(['Y', 'IH', 'AH0', 'R', 'Z'], dtype=object), 'phones-accuracy': array([2. , 2. , 2. , 2. , 1.8]), 'stress': 10, 'text': 'YEARS', 'total': 10, 'mispronunciations': array([], dtype=object)}
 {'accuracy': 10, 'phones': array(['AH0', 'G', 'OW0'], dtype=object), 'phones-accuracy': array([2., 2., 2.]), 'stress': 10, 'text': 'AGO', 'total': 10, 'mispronunciations': array([], dtype=object)}
 {'accuracy': 10, 'phones': array(['IH0', 'T'], dtype=object), 'phones-accuracy': array([2., 2.]), 'stress': 10, 'text': 'IT', 'total': 10, 'mispronunciations': array([], dtype=object)}
 {'accuracy': 10, 'phones': array(['S', 'IY0', 'M', 'D'], dtype=object), 'phones-accuracy': array([2., 2., 2., 2.]), 'stress': 10, 'text': 'SEEMED', 'total': 10, 'mispronunciations': array([], dtype=object)}]",2244,f,20,train,022440352,-43.38316364586354
022440352,105,Z,1.399999976158142,1.5,-60.38784790039063,years,2.0,8,10.0,8,8,8,"[{'accuracy': 10, 'phones': array(['AH0'], dtype=object), 'phones-accuracy': array([2.]), 'stress': 10, 'text': 'A', 'total': 10, 'mispronunciations': array([], dtype=object)}
 {'accuracy': 10, 'phones': array(['TH', 'AW1', 'Z', 'N', 'D'], dtype=object), 'phones-accuracy': array([1.8, 2. , 2. , 2. , 2. ]), 'stress': 10, 'text': 'THOUSAND', 'total': 10, 'mispronunciations': array([], dtype=object)}
 {'accuracy': 10, 'phones': array(['Y', 'IH', 'AH0', 'R', 'Z'], dtype=object), 'phones-accuracy': array([2. , 2. , 2. , 2. , 1.8]), 'stress': 10, 'text': 'YEARS', 'total': 10, 'mispronunciations': array([], dtype=object)}
 {'accuracy': 10, 'phones': array(['AH0', 'G', 'OW0'], dtype=object), 'phones-accuracy': array([2., 2., 2.]), 'stress': 10, 'text': 'AGO', 'total': 10, 'mispronunciations': array([], dtype=object)}
 {'accuracy': 10, 'phones': array(['IH0', 'T'], dtype=object), 'phones-accuracy': array([2., 2.]), 'stress': 10, 'text': 'IT', 'total': 10, 'mispronunciations': array([], dtype=object)}
 {'accuracy': 10, 'phones': array(['S', 'IY0', 'M', 'D'], dtype=object), 'phones-accuracy': array([2., 2., 2., 2.]), 'stress': 10, 'text': 'SEEMED', 'total': 10, 'mispronunciations': array([], dtype=object)}]",2244,f,20,train,022440352,-60.252585425972946
022440352,106,AH0,1.5,1.600000023841858,-53.02301025390625,ago,2.0,8,10.0,8,8,8,"[{'accuracy': 10, 'phones': array(['AH0'], dtype=object), 'phones-accuracy': array([2.]), 'stress': 10, 'text': 'A', 'total': 10, 'mispronunciations': array([], dtype=object)}
 {'accuracy': 10, 'phones': array(['TH', 'AW1', 'Z', 'N', 'D'], dtype=object), 'phones-accuracy': array([1.8, 2. , 2. , 2. , 2. ]), 'stress': 10, 'text': 'THOUSAND', 'total': 10, 'mispronunciations': array([], dtype=object)}
 {'accuracy': 10, 'phones': array(['Y', 'IH', 'AH0', 'R', 'Z'], dtype=object), 'phones-accuracy': array([2. , 2. , 2. , 2. , 1.8]), 'stress': 10, 'text': 'YEARS', 'total': 10, 'mispronunciations': array([], dtype=object)}
 {'accuracy': 10, 'phones': array(['AH0', 'G', 'OW0'], dtype=object), 'phones-accuracy': array([2., 2., 2.]), 'stress': 10, 'text': 'AGO', 'total': 10, 'mispronunciations': array([], dtype=object)}
 {'accuracy': 10, 'phones': array(['IH0', 'T'], dtype=object), 'phones-accuracy': array([2., 2.]), 'stress': 10, 'text': 'IT', 'total': 10, 'mispronunciations': array([], dtype=object)}
 {'accuracy': 10, 'phones': array(['S', 'IY0', 'M', 'D'], dtype=object), 'phones-accuracy': array([2., 2., 2., 2.]), 'stress': 10, 'text': 'SEEMED', 'total': 10, 'mispronunciations': array([], dtype=object)}]",2244,f,20,train,022440352,-52.77008989453316
022440352,107,G,1.600000023841858,1.7200000286102295,-55.31692123413086,ago,2.0,8,10.0,8,8,8,"[{'accuracy': 10, 'phones': array(['AH0'], dtype=object), 'phones-accuracy': array([2.]), 'stress': 10, 'text': 'A', 'total': 10, 'mispronunciations': array([], dtype=object)}
 {'accuracy': 10, 'phones': array(['TH', 'AW1', 'Z', 'N', 'D'], dtype=object), 'phones-accuracy': array([1.8, 2. , 2. , 2. , 2. ]), 'stress': 10, 'text': 'THOUSAND', 'total': 10, 'mispronunciations': array([], dtype=object)}
 {'accuracy': 10, 'phones': array(['Y', 'IH', 'AH0', 'R', 'Z'], dtype=object), 'phones-accuracy': array([2. , 2. , 2. , 2. , 1.8]), 'stress': 10, 'text': 'YEARS', 'total': 10, 'mispronunciations': array([], dtype=object)}
 {'accuracy': 10, 'phones': array(['AH0', 'G', 'OW0'], dtype=object), 'phones-accuracy': array([2., 2., 2.]), 'stress': 10, 'text': 'AGO', 'total': 10, 'mispronunciations': array([], dtype=object)}
 {'accuracy': 10, 'phones': array(['IH0', 'T'], dtype=object), 'phones-accuracy': array([2., 2.]), 'stress': 10, 'text': 'IT', 'total': 10, 'mispronunciations': array([], dtype=object)}
 {'accuracy': 10, 'phones': array(['S', 'IY0', 'M', 'D'], dtype=object), 'phones-accuracy': array([2., 2., 2., 2.]), 'stress': 10, 'text': 'SEEMED', 'total': 10, 'mispronunciations': array([], dtype=object)}]",2244,f,20,train,022440352,-55.202512718737125
022440352,108,OW1,1.7200000286102295,1.840000033378601,-36.66155624389648,ago,,8,10.0,8,8,8,"[{'accuracy': 10, 'phones': array(['AH0'], dtype=object), 'phones-accuracy': array([2.]), 'stress': 10, 'text': 'A', 'total': 10, 'mispronunciations': array([], dtype=object)}
 {'accuracy': 10, 'phones': array(['TH', 'AW1', 'Z', 'N', 'D'], dtype=object), 'phones-accuracy': array([1.8, 2. , 2. , 2. , 2. ]), 'stress': 10, 'text': 'THOUSAND', 'total': 10, 'mispronunciations': array([], dtype=object)}
 {'accuracy': 10, 'phones': array(['Y', 'IH', 'AH0', 'R', 'Z'], dtype=object), 'phones-accuracy': array([2. , 2. , 2. , 2. , 1.8]), 'stress': 10, 'text': 'YEARS', 'total': 10, 'mispronunciations': array([], dtype=object)}
 {'accuracy': 10, 'phones': array(['AH0', 'G', 'OW0'], dtype=object), 'phones-accuracy': array([2., 2., 2.]), 'stress': 10, 'text': 'AGO', 'total': 10, 'mispronunciations': array([], dtype=object)}
 {'accuracy': 10, 'phones': array(['IH0', 'T'], dtype=object), 'phones-accuracy': array([2., 2.]), 'stress': 10, 'text': 'IT', 'total': 10, 'mispronunciations': array([], dtype=object)}
 {'accuracy': 10, 'phones': array(['S', 'IY0', 'M', 'D'], dtype=object), 'phones-accuracy': array([2., 2., 2., 2.]), 'stress': 10, 'text': 'SEEMED', 'total': 10, 'mispronunciations': array([], dtype=object)}]",2244,f,20,train,022440352,-36.47185330092906
022440352,109,IH0,1.840000033378601,1.9800000190734863,-58.31810760498047,it,2.0,8,10.0,8,8,8,"[{'accuracy': 10, 'phones': array(['AH0'], dtype=object), 'phones-accuracy': array([2.]), 'stress': 10, 'text': 'A', 'total': 10, 'mispronunciations': array([], dtype=object)}
 {'accuracy': 10, 'phones': array(['TH', 'AW1', 'Z', 'N', 'D'], dtype=object), 'phones-accuracy': array([1.8, 2. , 2. , 2. , 2. ]), 'stress': 10, 'text': 'THOUSAND', 'total': 10, 'mispronunciations': array([], dtype=object)}
 {'accuracy': 10, 'phones': array(['Y', 'IH', 'AH0', 'R', 'Z'], dtype=object), 'phones-accuracy': array([2. , 2. , 2. , 2. , 1.8]), 'stress': 10, 'text': 'YEARS', 'total': 10, 'mispronunciations': array([], dtype=object)}
 {'accuracy': 10, 'phones': array(['AH0', 'G', 'OW0'], dtype=object), 'phones-accuracy': array([2., 2., 2.]), 'stress': 10, 'text': 'AGO', 'total': 10, 'mispronunciations': array([], dtype=object)}
 {'accuracy': 10, 'phones': array(['IH0', 'T'], dtype=object), 'phones-accuracy': array([2., 2.]), 'stress': 10, 'text': 'IT', 'total': 10, 'mispronunciations': array([], dtype=object)}
 {'accuracy': 10, 'phones': array(['S', 'IY0', 'M', 'D'], dtype=object), 'phones-accuracy': array([2., 2., 2., 2.]), 'stress': 10, 'text': 'SEEMED', 'total': 10, 'mispronunciations': array([], dtype=object)}]",2244,f,20,train,022440352,-58.00083810091019
022440352,110,T,1.9800000190734863,2.0299999713897705,-61.161277770996094,it,2.0,8,10.0,8,8,8,"[{'accuracy': 10, 'phones': array(['AH0'], dtype=object), 'phones-accuracy': array([2.]), 'stress': 10, 'text': 'A', 'total': 10, 'mispronunciations': array([], dtype=object)}
 {'accuracy': 10, 'phones': array(['TH', 'AW1', 'Z', 'N', 'D'], dtype=object), 'phones-accuracy': array([1.8, 2. , 2. , 2. , 2. ]), 'stress': 10, 'text': 'THOUSAND', 'total': 10, 'mispronunciations': array([], dtype=object)}
 {'accuracy': 10, 'phones': array(['Y', 'IH', 'AH0', 'R', 'Z'], dtype=object), 'phones-accuracy': array([2. , 2. , 2. , 2. , 1.8]), 'stress': 10, 'text': 'YEARS', 'total': 10, 'mispronunciations': array([], dtype=object)}
 {'accuracy': 10, 'phones': array(['AH0', 'G', 'OW0'], dtype=object), 'phones-accuracy': array([2., 2., 2.]), 'stress': 10, 'text': 'AGO', 'total': 10, 'mispronunciations': array([], dtype=object)}
 {'accuracy': 10, 'phones': array(['IH0', 'T'], dtype=object), 'phones-accuracy': array([2., 2.]), 'stress': 10, 'text': 'IT', 'total': 10, 'mispronunciations': array([], dtype=object)}
 {'accuracy': 10, 'phones': array(['S', 'IY0', 'M', 'D'], dtype=object), 'phones-accuracy': array([2., 2., 2., 2.]), 'stress': 10, 'text': 'SEEMED', 'total': 10, 'mispronunciations': array([], dtype=object)}]",2244,f,20,train,022440352,-60.986788243055344
022440352,111,S,2.0299999713897705,2.180000066757202,-54.40530014038086,seemed,2.0,8,10.0,8,8,8,"[{'accuracy': 10, 'phones': array(['AH0'], dtype=object), 'phones-accuracy': array([2.]), 'stress': 10, 'text': 'A', 'total': 10, 'mispronunciations': array([], dtype=object)}
 {'accuracy': 10, 'phones': array(['TH', 'AW1', 'Z', 'N', 'D'], dtype=object), 'phones-accuracy': array([1.8, 2. , 2. , 2. , 2. ]), 'stress': 10, 'text': 'THOUSAND', 'total': 10, 'mispronunciations': array([], dtype=object)}
 {'accuracy': 10, 'phones': array(['Y', 'IH', 'AH0', 'R', 'Z'], dtype=object), 'phones-accuracy': array([2. , 2. , 2. , 2. , 1.8]), 'stress': 10, 'text': 'YEARS', 'total': 10, 'mispronunciations': array([], dtype=object)}
 {'accuracy': 10, 'phones': array(['AH0', 'G', 'OW0'], dtype=object), 'phones-accuracy': array([2., 2., 2.]), 'stress': 10, 'text': 'AGO', 'total': 10, 'mispronunciations': array([], dtype=object)}
 {'accuracy': 10, 'phones': array(['IH0', 'T'], dtype=object), 'phones-accuracy': array([2., 2.]), 'stress': 10, 'text': 'IT', 'total': 10, 'mispronunciations': array([], dtype=object)}
 {'accuracy': 10, 'phones': array(['S', 'IY0', 'M', 'D'], dtype=object), 'phones-accuracy': array([2., 2., 2., 2.]), 'stress': 10, 'text': 'SEEMED', 'total': 10, 'mispronunciations': array([], dtype=object)}]",2244,f,20,train,022440352,-54.2414291203022
022440352,112,IY1,2.180000066757202,2.2799999713897705,-47.49500274658203,seemed,,8,10.0,8,8,8,"[{'accuracy': 10, 'phones': array(['AH0'], dtype=object), 'phones-accuracy': array([2.]), 'stress': 10, 'text': 'A', 'total': 10, 'mispronunciations': array([], dtype=object)}
 {'accuracy': 10, 'phones': array(['TH', 'AW1', 'Z', 'N', 'D'], dtype=object), 'phones-accuracy': array([1.8, 2. , 2. , 2. , 2. ]), 'stress': 10, 'text': 'THOUSAND', 'total': 10, 'mispronunciations': array([], dtype=object)}
 {'accuracy': 10, 'phones': array(['Y', 'IH', 'AH0', 'R', 'Z'], dtype=object), 'phones-accuracy': array([2. , 2. , 2. , 2. , 1.8]), 'stress': 10, 'text': 'YEARS', 'total': 10, 'mispronunciations': array([], dtype=object)}
 {'accuracy': 10, 'phones': array(['AH0', 'G', 'OW0'], dtype=object), 'phones-accuracy': array([2., 2., 2.]), 'stress': 10, 'text': 'AGO', 'total': 10, 'mispronunciations': array([], dtype=object)}
 {'accuracy': 10, 'phones': array(['IH0', 'T'], dtype=object), 'phones-accuracy': array([2., 2.]), 'stress': 10, 'text': 'IT', 'total': 10, 'mispronunciations': array([], dtype=object)}
 {'accuracy': 10, 'phones': array(['S', 'IY0', 'M', 'D'], dtype=object), 'phones-accuracy': array([2., 2., 2., 2.]), 'stress': 10, 'text': 'SEEMED', 'total': 10, 'mispronunciations': array([], dtype=object)}]",2244,f,20,train,022440352,-47.257696747779846
022440352,113,M,2.2799999713897705,2.309999942779541,-51.74354553222656,seemed,2.0,8,10.0,8,8,8,"[{'accuracy': 10, 'phones': array(['AH0'], dtype=object), 'phones-accuracy': array([2.]), 'stress': 10, 'text': 'A', 'total': 10, 'mispronunciations': array([], dtype=object)}
 {'accuracy': 10, 'phones': array(['TH', 'AW1', 'Z', 'N', 'D'], dtype=object), 'phones-accuracy': array([1.8, 2. , 2. , 2. , 2. ]), 'stress': 10, 'text': 'THOUSAND', 'total': 10, 'mispronunciations': array([], dtype=object)}
 {'accuracy': 10, 'phones': array(['Y', 'IH', 'AH0', 'R', 'Z'], dtype=object), 'phones-accuracy': array([2. , 2. , 2. , 2. , 1.8]), 'stress': 10, 'text': 'YEARS', 'total': 10, 'mispronunciations': array([], dtype=object)}
 {'accuracy': 10, 'phones': array(['AH0', 'G', 'OW0'], dtype=object), 'phones-accuracy': array([2., 2., 2.]), 'stress': 10, 'text': 'AGO', 'total': 10, 'mispronunciations': array([], dtype=object)}
 {'accuracy': 10, 'phones': array(['IH0', 'T'], dtype=object), 'phones-accuracy': array([2., 2.]), 'stress': 10, 'text': 'IT', 'total': 10, 'mispronunciations': array([], dtype=object)}
 {'accuracy': 10, 'phones': array(['S', 'IY0', 'M', 'D'], dtype=object), 'phones-accuracy': array([2., 2., 2., 2.]), 'stress': 10, 'text': 'SEEMED', 'total': 10, 'mispronunciations': array([], dtype=object)}]",2244,f,20,train,022440352,-51.55709521472454
022440352,114,D,2.309999942779541,2.5999999046325684,-55.96332550048828,seemed,2.0,8,10.0,8,8,8,"[{'accuracy': 10, 'phones': array(['AH0'], dtype=object), 'phones-accuracy': array([2.]), 'stress': 10, 'text': 'A', 'total': 10, 'mispronunciations': array([], dtype=object)}
 {'accuracy': 10, 'phones': array(['TH', 'AW1', 'Z', 'N', 'D'], dtype=object), 'phones-accuracy': array([1.8, 2. , 2. , 2. , 2. ]), 'stress': 10, 'text': 'THOUSAND', 'total': 10, 'mispronunciations': array([], dtype=object)}
 {'accuracy': 10, 'phones': array(['Y', 'IH', 'AH0', 'R', 'Z'], dtype=object), 'phones-accuracy': array([2. , 2. , 2. , 2. , 1.8]), 'stress': 10, 'text': 'YEARS', 'total': 10, 'mispronunciations': array([], dtype=object)}
 {'accuracy': 10, 'phones': array(['AH0', 'G', 'OW0'], dtype=object), 'phones-accuracy': array([2., 2., 2.]), 'stress': 10, 'text': 'AGO', 'total': 10, 'mispronunciations': array([], dtype=object)}
 {'accuracy': 10, 'phones': array(['IH0', 'T'], dtype=object), 'phones-accuracy': array([2., 2.]), 'stress': 10, 'text': 'IT', 'total': 10, 'mispronunciations': array([], dtype=object)}
 {'accuracy': 10, 'phones': array(['S', 'IY0', 'M', 'D'], dtype=object), 'phones-accuracy': array([2., 2., 2., 2.]), 'stress': 10, 'text': 'SEEMED', 'total': 10, 'mispronunciations': array([], dtype=object)}]",2244,f,20,train,022440352,-55.845234870910645
022440352,115,sil,2.5999999046325684,3.3320000171661377,-35.06415939331055,<eps>,,8,10.0,8,8,8,"[{'accuracy': 10, 'phones': array(['AH0'], dtype=object), 'phones-accuracy': array([2.]), 'stress': 10, 'text': 'A', 'total': 10, 'mispronunciations': array([], dtype=object)}
 {'accuracy': 10, 'phones': array(['TH', 'AW1', 'Z', 'N', 'D'], dtype=object), 'phones-accuracy': array([1.8, 2. , 2. , 2. , 2. ]), 'stress': 10, 'text': 'THOUSAND', 'total': 10, 'mispronunciations': array([], dtype=object)}
 {'accuracy': 10, 'phones': array(['Y', 'IH', 'AH0', 'R', 'Z'], dtype=object), 'phones-accuracy': array([2. , 2. , 2. , 2. , 1.8]), 'stress': 10, 'text': 'YEARS', 'total': 10, 'mispronunciations': array([], dtype=object)}
 {'accuracy': 10, 'phones': array(['AH0', 'G', 'OW0'], dtype=object), 'phones-accuracy': array([2., 2., 2.]), 'stress': 10, 'text': 'AGO', 'total': 10, 'mispronunciations': array([], dtype=object)}
 {'accuracy': 10, 'phones': array(['IH0', 'T'], dtype=object), 'phones-accuracy': array([2., 2.]), 'stress': 10, 'text': 'IT', 'total': 10, 'mispronunciations': array([], dtype=object)}
 {'accuracy': 10, 'phones': array(['S', 'IY0', 'M', 'D'], dtype=object), 'phones-accuracy': array([2., 2., 2., 2.]), 'stress': 10, 'text': 'SEEMED', 'total': 10, 'mispronunciations': array([], dtype=object)}]",2244,f,20,train,022440352,-35.031020913273096
022440340,116,sil,0.0,0.5299999713897705,-33.665958404541016,<eps>,,9,10.0,8,8,8,"[{'accuracy': 10, 'phones': array(['DH', 'AH0'], dtype=object), 'phones-accuracy': array([1.8, 2. ]), 'stress': 10, 'text': 'THE', 'total': 10, 'mispronunciations': array([], dtype=object)}
 {'accuracy': 10, 'phones': array(['T', 'R', 'EY0', 'L'], dtype=object), 'phones-accuracy': array([2., 2., 2., 2.]), 'stress': 10, 'text': 'TRAIL', 'total': 10, 'mispronunciations': array([], dtype=object)}
 {'accuracy': 10, 'phones': array(['DH', 'OW0'], dtype=object), 'phones-accuracy': array([1.8, 2. ]), 'stress': 10, 'text': 'THOUGH', 'total': 10, 'mispronunciations': array([], dtype=object)}
 {'accuracy': 10, 'phones': array(['W', 'UH0', 'D'], dtype=object), 'phones-accuracy': array([2., 2., 2.]), 'stress': 10, 'text': 'WOULD', 'total': 10, 'mispronunciations': array([], dtype=object)}
 {'accuracy': 10, 'phones': array(['B', 'IY0'], dtype=object), 'phones-accuracy': array([2., 2.]), 'stress': 10, 'text': 'BE', 'total': 10, 'mispronunciations': array([], dtype=object)}
 {'accuracy': 10, 'phones': array(['IH0', 'K', 'S', 'T', 'EH1', 'N', 'S', 'IH0', 'V'], dtype=object), 'phones-accuracy': array([2. , 2. , 2. , 1.8, 2. , 2. , 2. , 2. , 2. ]), 'stress': 10, 'text': 'EXTENSIVE', 'total': 10, 'mispronunciations': array([], dtype=object)}]",2244,f,20,train,022440340,-33.64192476682365
022440340,117,DH,0.5299999713897705,0.5899999737739563,-62.80238723754883,the,1.8,9,10.0,8,8,8,"[{'accuracy': 10, 'phones': array(['DH', 'AH0'], dtype=object), 'phones-accuracy': array([1.8, 2. ]), 'stress': 10, 'text': 'THE', 'total': 10, 'mispronunciations': array([], dtype=object)}
 {'accuracy': 10, 'phones': array(['T', 'R', 'EY0', 'L'], dtype=object), 'phones-accuracy': array([2., 2., 2., 2.]), 'stress': 10, 'text': 'TRAIL', 'total': 10, 'mispronunciations': array([], dtype=object)}
 {'accuracy': 10, 'phones': array(['DH', 'OW0'], dtype=object), 'phones-accuracy': array([1.8, 2. ]), 'stress': 10, 'text': 'THOUGH', 'total': 10, 'mispronunciations': array([], dtype=object)}
 {'accuracy': 10, 'phones': array(['W', 'UH0', 'D'], dtype=object), 'phones-accuracy': array([2., 2., 2.]), 'stress': 10, 'text': 'WOULD', 'total': 10, 'mispronunciations': array([], dtype=object)}
 {'accuracy': 10, 'phones': array(['B', 'IY0'], dtype=object), 'phones-accuracy': array([2., 2.]), 'stress': 10, 'text': 'BE', 'total': 10, 'mispronunciations': array([], dtype=object)}
 {'accuracy': 10, 'phones': array(['IH0', 'K', 'S', 'T', 'EH1', 'N', 'S', 'IH0', 'V'], dtype=object), 'phones-accuracy': array([2. , 2. , 2. , 1.8, 2. , 2. , 2. , 2. , 2. ]), 'stress': 10, 'text': 'EXTENSIVE', 'total': 10, 'mispronunciations': array([], dtype=object)}]",2244,f,20,train,022440340,-62.733699567615986
022440340,118,AH0,0.5899999737739563,0.6499999761581421,-60.76363754272461,the,2.0,9,10.0,8,8,8,"[{'accuracy': 10, 'phones': array(['DH', 'AH0'], dtype=object), 'phones-accuracy': array([1.8, 2. ]), 'stress': 10, 'text': 'THE', 'total': 10, 'mispronunciations': array([], dtype=object)}
 {'accuracy': 10, 'phones': array(['T', 'R', 'EY0', 'L'], dtype=object), 'phones-accuracy': array([2., 2., 2., 2.]), 'stress': 10, 'text': 'TRAIL', 'total': 10, 'mispronunciations': array([], dtype=object)}
 {'accuracy': 10, 'phones': array(['DH', 'OW0'], dtype=object), 'phones-accuracy': array([1.8, 2. ]), 'stress': 10, 'text': 'THOUGH', 'total': 10, 'mispronunciations': array([], dtype=object)}
 {'accuracy': 10, 'phones': array(['W', 'UH0', 'D'], dtype=object), 'phones-accuracy': array([2., 2., 2.]), 'stress': 10, 'text': 'WOULD', 'total': 10, 'mispronunciations': array([], dtype=object)}
 {'accuracy': 10, 'phones': array(['B', 'IY0'], dtype=object), 'phones-accuracy': array([2., 2.]), 'stress': 10, 'text': 'BE', 'total': 10, 'mispronunciations': array([], dtype=object)}
 {'accuracy': 10, 'phones': array(['IH0', 'K', 'S', 'T', 'EH1', 'N', 'S', 'IH0', 'V'], dtype=object), 'phones-accuracy': array([2. , 2. , 2. , 1.8, 2. , 2. , 2. , 2. , 2. ]), 'stress': 10, 'text': 'EXTENSIVE', 'total': 10, 'mispronunciations': array([], dtype=object)}]",2244,f,20,train,022440340,-60.52041310071945
022440340,119,T,0.6499999761581421,0.8199999928474426,-56.24889373779297,trail,2.0,9,10.0,8,8,8,"[{'accuracy': 10, 'phones': array(['DH', 'AH0'], dtype=object), 'phones-accuracy': array([1.8, 2. ]), 'stress': 10, 'text': 'THE', 'total': 10, 'mispronunciations': array([], dtype=object)}
 {'accuracy': 10, 'phones': array(['T', 'R', 'EY0', 'L'], dtype=object), 'phones-accuracy': array([2., 2., 2., 2.]), 'stress': 10, 'text': 'TRAIL', 'total': 10, 'mispronunciations': array([], dtype=object)}
 {'accuracy': 10, 'phones': array(['DH', 'OW0'], dtype=object), 'phones-accuracy': array([1.8, 2. ]), 'stress': 10, 'text': 'THOUGH', 'total': 10, 'mispronunciations': array([], dtype=object)}
 {'accuracy': 10, 'phones': array(['W', 'UH0', 'D'], dtype=object), 'phones-accuracy': array([2., 2., 2.]), 'stress': 10, 'text': 'WOULD', 'total': 10, 'mispronunciations': array([], dtype=object)}
 {'accuracy': 10, 'phones': array(['B', 'IY0'], dtype=object), 'phones-accuracy': array([2., 2.]), 'stress': 10, 'text': 'BE', 'total': 10, 'mispronunciations': array([], dtype=object)}
 {'accuracy': 10, 'phones': array(['IH0', 'K', 'S', 'T', 'EH1', 'N', 'S', 'IH0', 'V'], dtype=object), 'phones-accuracy': array([2. , 2. , 2. , 1.8, 2. , 2. , 2. , 2. , 2. ]), 'stress': 10, 'text': 'EXTENSIVE', 'total': 10, 'mispronunciations': array([], dtype=object)}]",2244,f,20,train,022440340,-56.10815969109535
022440340,120,R,0.8199999928474426,0.8600000143051147,-50.761837005615234,trail,2.0,9,10.0,8,8,8,"[{'accuracy': 10, 'phones': array(['DH', 'AH0'], dtype=object), 'phones-accuracy': array([1.8, 2. ]), 'stress': 10, 'text': 'THE', 'total': 10, 'mispronunciations': array([], dtype=object)}
 {'accuracy': 10, 'phones': array(['T', 'R', 'EY0', 'L'], dtype=object), 'phones-accuracy': array([2., 2., 2., 2.]), 'stress': 10, 'text': 'TRAIL', 'total': 10, 'mispronunciations': array([], dtype=object)}
 {'accuracy': 10, 'phones': array(['DH', 'OW0'], dtype=object), 'phones-accuracy': array([1.8, 2. ]), 'stress': 10, 'text': 'THOUGH', 'total': 10, 'mispronunciations': array([], dtype=object)}
 {'accuracy': 10, 'phones': array(['W', 'UH0', 'D'], dtype=object), 'phones-accuracy': array([2., 2., 2.]), 'stress': 10, 'text': 'WOULD', 'total': 10, 'mispronunciations': array([], dtype=object)}
 {'accuracy': 10, 'phones': array(['B', 'IY0'], dtype=object), 'phones-accuracy': array([2., 2.]), 'stress': 10, 'text': 'BE', 'total': 10, 'mispronunciations': array([], dtype=object)}
 {'accuracy': 10, 'phones': array(['IH0', 'K', 'S', 'T', 'EH1', 'N', 'S', 'IH0', 'V'], dtype=object), 'phones-accuracy': array([2. , 2. , 2. , 1.8, 2. , 2. , 2. , 2. , 2. ]), 'stress': 10, 'text': 'EXTENSIVE', 'total': 10, 'mispronunciations': array([], dtype=object)}]",2244,f,20,train,022440340,-50.543974801898
022440340,121,EY1,0.8600000143051147,1.0700000524520874,-44.39053726196289,trail,,9,10.0,8,8,8,"[{'accuracy': 10, 'phones': array(['DH', 'AH0'], dtype=object), 'phones-accuracy': array([1.8, 2. ]), 'stress': 10, 'text': 'THE', 'total': 10, 'mispronunciations': array([], dtype=object)}
 {'accuracy': 10, 'phones': array(['T', 'R', 'EY0', 'L'], dtype=object), 'phones-accuracy': array([2., 2., 2., 2.]), 'stress': 10, 'text': 'TRAIL', 'total': 10, 'mispronunciations': array([], dtype=object)}
 {'accuracy': 10, 'phones': array(['DH', 'OW0'], dtype=object), 'phones-accuracy': array([1.8, 2. ]), 'stress': 10, 'text': 'THOUGH', 'total': 10, 'mispronunciations': array([], dtype=object)}
 {'accuracy': 10, 'phones': array(['W', 'UH0', 'D'], dtype=object), 'phones-accuracy': array([2., 2., 2.]), 'stress': 10, 'text': 'WOULD', 'total': 10, 'mispronunciations': array([], dtype=object)}
 {'accuracy': 10, 'phones': array(['B', 'IY0'], dtype=object), 'phones-accuracy': array([2., 2.]), 'stress': 10, 'text': 'BE', 'total': 10, 'mispronunciations': array([], dtype=object)}
 {'accuracy': 10, 'phones': array(['IH0', 'K', 'S', 'T', 'EH1', 'N', 'S', 'IH0', 'V'], dtype=object), 'phones-accuracy': array([2. , 2. , 2. , 1.8, 2. , 2. , 2. , 2. , 2. ]), 'stress': 10, 'text': 'EXTENSIVE', 'total': 10, 'mispronunciations': array([], dtype=object)}]",2244,f,20,train,022440340,-44.249809235334396
022440340,122,L,1.0700000524520874,1.25,-41.56574249267578,trail,2.0,9,10.0,8,8,8,"[{'accuracy': 10, 'phones': array(['DH', 'AH0'], dtype=object), 'phones-accuracy': array([1.8, 2. ]), 'stress': 10, 'text': 'THE', 'total': 10, 'mispronunciations': array([], dtype=object)}
 {'accuracy': 10, 'phones': array(['T', 'R', 'EY0', 'L'], dtype=object), 'phones-accuracy': array([2., 2., 2., 2.]), 'stress': 10, 'text': 'TRAIL', 'total': 10, 'mispronunciations': array([], dtype=object)}
 {'accuracy': 10, 'phones': array(['DH', 'OW0'], dtype=object), 'phones-accuracy': array([1.8, 2. ]), 'stress': 10, 'text': 'THOUGH', 'total': 10, 'mispronunciations': array([], dtype=object)}
 {'accuracy': 10, 'phones': array(['W', 'UH0', 'D'], dtype=object), 'phones-accuracy': array([2., 2., 2.]), 'stress': 10, 'text': 'WOULD', 'total': 10, 'mispronunciations': array([], dtype=object)}
 {'accuracy': 10, 'phones': array(['B', 'IY0'], dtype=object), 'phones-accuracy': array([2., 2.]), 'stress': 10, 'text': 'BE', 'total': 10, 'mispronunciations': array([], dtype=object)}
 {'accuracy': 10, 'phones': array(['IH0', 'K', 'S', 'T', 'EH1', 'N', 'S', 'IH0', 'V'], dtype=object), 'phones-accuracy': array([2. , 2. , 2. , 1.8, 2. , 2. , 2. , 2. , 2. ]), 'stress': 10, 'text': 'EXTENSIVE', 'total': 10, 'mispronunciations': array([], dtype=object)}]",2244,f,20,train,022440340,-41.449778109788895
022440340,123,sil,1.25,1.340000033378601,-45.50483322143555,<eps>,,9,10.0,8,8,8,"[{'accuracy': 10, 'phones': array(['DH', 'AH0'], dtype=object), 'phones-accuracy': array([1.8, 2. ]), 'stress': 10, 'text': 'THE', 'total': 10, 'mispronunciations': array([], dtype=object)}
 {'accuracy': 10, 'phones': array(['T', 'R', 'EY0', 'L'], dtype=object), 'phones-accuracy': array([2., 2., 2., 2.]), 'stress': 10, 'text': 'TRAIL', 'total': 10, 'mispronunciations': array([], dtype=object)}
 {'accuracy': 10, 'phones': array(['DH', 'OW0'], dtype=object), 'phones-accuracy': array([1.8, 2. ]), 'stress': 10, 'text': 'THOUGH', 'total': 10, 'mispronunciations': array([], dtype=object)}
 {'accuracy': 10, 'phones': array(['W', 'UH0', 'D'], dtype=object), 'phones-accuracy': array([2., 2., 2.]), 'stress': 10, 'text': 'WOULD', 'total': 10, 'mispronunciations': array([], dtype=object)}
 {'accuracy': 10, 'phones': array(['B', 'IY0'], dtype=object), 'phones-accuracy': array([2., 2.]), 'stress': 10, 'text': 'BE', 'total': 10, 'mispronunciations': array([], dtype=object)}
 {'accuracy': 10, 'phones': array(['IH0', 'K', 'S', 'T', 'EH1', 'N', 'S', 'IH0', 'V'], dtype=object), 'phones-accuracy': array([2. , 2. , 2. , 1.8, 2. , 2. , 2. , 2. , 2. ]), 'stress': 10, 'text': 'EXTENSIVE', 'total': 10, 'mispronunciations': array([], dtype=object)}]",2244,f,20,train,022440340,-45.45066674053669
022440340,124,DH,1.340000033378601,1.399999976158142,-63.94728469848633,though,1.8,9,10.0,8,8,8,"[{'accuracy': 10, 'phones': array(['DH', 'AH0'], dtype=object), 'phones-accuracy': array([1.8, 2. ]), 'stress': 10, 'text': 'THE', 'total': 10, 'mispronunciations': array([], dtype=object)}
 {'accuracy': 10, 'phones': array(['T', 'R', 'EY0', 'L'], dtype=object), 'phones-accuracy': array([2., 2., 2., 2.]), 'stress': 10, 'text': 'TRAIL', 'total': 10, 'mispronunciations': array([], dtype=object)}
 {'accuracy': 10, 'phones': array(['DH', 'OW0'], dtype=object), 'phones-accuracy': array([1.8, 2. ]), 'stress': 10, 'text': 'THOUGH', 'total': 10, 'mispronunciations': array([], dtype=object)}
 {'accuracy': 10, 'phones': array(['W', 'UH0', 'D'], dtype=object), 'phones-accuracy': array([2., 2., 2.]), 'stress': 10, 'text': 'WOULD', 'total': 10, 'mispronunciations': array([], dtype=object)}
 {'accuracy': 10, 'phones': array(['B', 'IY0'], dtype=object), 'phones-accuracy': array([2., 2.]), 'stress': 10, 'text': 'BE', 'total': 10, 'mispronunciations': array([], dtype=object)}
 {'accuracy': 10, 'phones': array(['IH0', 'K', 'S', 'T', 'EH1', 'N', 'S', 'IH0', 'V'], dtype=object), 'phones-accuracy': array([2. , 2. , 2. , 1.8, 2. , 2. , 2. , 2. , 2. ]), 'stress': 10, 'text': 'EXTENSIVE', 'total': 10, 'mispronunciations': array([], dtype=object)}]",2244,f,20,train,022440340,-63.83462509512901
022440340,125,OW1,1.399999976158142,1.7899999618530271,-45.595001220703125,though,,9,10.0,8,8,8,"[{'accuracy': 10, 'phones': array(['DH', 'AH0'], dtype=object), 'phones-accuracy': array([1.8, 2. ]), 'stress': 10, 'text': 'THE', 'total': 10, 'mispronunciations': array([], dtype=object)}
 {'accuracy': 10, 'phones': array(['T', 'R', 'EY0', 'L'], dtype=object), 'phones-accuracy': array([2., 2., 2., 2.]), 'stress': 10, 'text': 'TRAIL', 'total': 10, 'mispronunciations': array([], dtype=object)}
 {'accuracy': 10, 'phones': array(['DH', 'OW0'], dtype=object), 'phones-accuracy': array([1.8, 2. ]), 'stress': 10, 'text': 'THOUGH', 'total': 10, 'mispronunciations': array([], dtype=object)}
 {'accuracy': 10, 'phones': array(['W', 'UH0', 'D'], dtype=object), 'phones-accuracy': array([2., 2., 2.]), 'stress': 10, 'text': 'WOULD', 'total': 10, 'mispronunciations': array([], dtype=object)}
 {'accuracy': 10, 'phones': array(['B', 'IY0'], dtype=object), 'phones-accuracy': array([2., 2.]), 'stress': 10, 'text': 'BE', 'total': 10, 'mispronunciations': array([], dtype=object)}
 {'accuracy': 10, 'phones': array(['IH0', 'K', 'S', 'T', 'EH1', 'N', 'S', 'IH0', 'V'], dtype=object), 'phones-accuracy': array([2. , 2. , 2. , 1.8, 2. , 2. , 2. , 2. , 2. ]), 'stress': 10, 'text': 'EXTENSIVE', 'total': 10, 'mispronunciations': array([], dtype=object)}]",2244,f,20,train,022440340,-45.46018573641777
022440340,126,sil,1.7899999618530271,1.8200000524520876,-47.05595397949219,<eps>,,9,10.0,8,8,8,"[{'accuracy': 10, 'phones': array(['DH', 'AH0'], dtype=object), 'phones-accuracy': array([1.8, 2. ]), 'stress': 10, 'text': 'THE', 'total': 10, 'mispronunciations': array([], dtype=object)}
 {'accuracy': 10, 'phones': array(['T', 'R', 'EY0', 'L'], dtype=object), 'phones-accuracy': array([2., 2., 2., 2.]), 'stress': 10, 'text': 'TRAIL', 'total': 10, 'mispronunciations': array([], dtype=object)}
 {'accuracy': 10, 'phones': array(['DH', 'OW0'], dtype=object), 'phones-accuracy': array([1.8, 2. ]), 'stress': 10, 'text': 'THOUGH', 'total': 10, 'mispronunciations': array([], dtype=object)}
 {'accuracy': 10, 'phones': array(['W', 'UH0', 'D'], dtype=object), 'phones-accuracy': array([2., 2., 2.]), 'stress': 10, 'text': 'WOULD', 'total': 10, 'mispronunciations': array([], dtype=object)}
 {'accuracy': 10, 'phones': array(['B', 'IY0'], dtype=object), 'phones-accuracy': array([2., 2.]), 'stress': 10, 'text': 'BE', 'total': 10, 'mispronunciations': array([], dtype=object)}
 {'accuracy': 10, 'phones': array(['IH0', 'K', 'S', 'T', 'EH1', 'N', 'S', 'IH0', 'V'], dtype=object), 'phones-accuracy': array([2. , 2. , 2. , 1.8, 2. , 2. , 2. , 2. , 2. ]), 'stress': 10, 'text': 'EXTENSIVE', 'total': 10, 'mispronunciations': array([], dtype=object)}]",2244,f,20,train,022440340,-46.98989921063185
022440340,127,W,1.8200000524520876,1.870000004768372,-51.03313446044922,would,2.0,9,10.0,8,8,8,"[{'accuracy': 10, 'phones': array(['DH', 'AH0'], dtype=object), 'phones-accuracy': array([1.8, 2. ]), 'stress': 10, 'text': 'THE', 'total': 10, 'mispronunciations': array([], dtype=object)}
 {'accuracy': 10, 'phones': array(['T', 'R', 'EY0', 'L'], dtype=object), 'phones-accuracy': array([2., 2., 2., 2.]), 'stress': 10, 'text': 'TRAIL', 'total': 10, 'mispronunciations': array([], dtype=object)}
 {'accuracy': 10, 'phones': array(['DH', 'OW0'], dtype=object), 'phones-accuracy': array([1.8, 2. ]), 'stress': 10, 'text': 'THOUGH', 'total': 10, 'mispronunciations': array([], dtype=object)}
 {'accuracy': 10, 'phones': array(['W', 'UH0', 'D'], dtype=object), 'phones-accuracy': array([2., 2., 2.]), 'stress': 10, 'text': 'WOULD', 'total': 10, 'mispronunciations': array([], dtype=object)}
 {'accuracy': 10, 'phones': array(['B', 'IY0'], dtype=object), 'phones-accuracy': array([2., 2.]), 'stress': 10, 'text': 'BE', 'total': 10, 'mispronunciations': array([], dtype=object)}
 {'accuracy': 10, 'phones': array(['IH0', 'K', 'S', 'T', 'EH1', 'N', 'S', 'IH0', 'V'], dtype=object), 'phones-accuracy': array([2. , 2. , 2. , 1.8, 2. , 2. , 2. , 2. , 2. ]), 'stress': 10, 'text': 'EXTENSIVE', 'total': 10, 'mispronunciations': array([], dtype=object)}]",2244,f,20,train,022440340,-50.775984436273575
022440340,128,UH1,1.870000004768372,1.909999966621399,-51.0302619934082,would,,9,10.0,8,8,8,"[{'accuracy': 10, 'phones': array(['DH', 'AH0'], dtype=object), 'phones-accuracy': array([1.8, 2. ]), 'stress': 10, 'text': 'THE', 'total': 10, 'mispronunciations': array([], dtype=object)}
 {'accuracy': 10, 'phones': array(['T', 'R', 'EY0', 'L'], dtype=object), 'phones-accuracy': array([2., 2., 2., 2.]), 'stress': 10, 'text': 'TRAIL', 'total': 10, 'mispronunciations': array([], dtype=object)}
 {'accuracy': 10, 'phones': array(['DH', 'OW0'], dtype=object), 'phones-accuracy': array([1.8, 2. ]), 'stress': 10, 'text': 'THOUGH', 'total': 10, 'mispronunciations': array([], dtype=object)}
 {'accuracy': 10, 'phones': array(['W', 'UH0', 'D'], dtype=object), 'phones-accuracy': array([2., 2., 2.]), 'stress': 10, 'text': 'WOULD', 'total': 10, 'mispronunciations': array([], dtype=object)}
 {'accuracy': 10, 'phones': array(['B', 'IY0'], dtype=object), 'phones-accuracy': array([2., 2.]), 'stress': 10, 'text': 'BE', 'total': 10, 'mispronunciations': array([], dtype=object)}
 {'accuracy': 10, 'phones': array(['IH0', 'K', 'S', 'T', 'EH1', 'N', 'S', 'IH0', 'V'], dtype=object), 'phones-accuracy': array([2. , 2. , 2. , 1.8, 2. , 2. , 2. , 2. , 2. ]), 'stress': 10, 'text': 'EXTENSIVE', 'total': 10, 'mispronunciations': array([], dtype=object)}]",2244,f,20,train,022440340,-50.96670066565275
022440340,129,D,1.909999966621399,2.049999952316284,-61.25727462768555,would,2.0,9,10.0,8,8,8,"[{'accuracy': 10, 'phones': array(['DH', 'AH0'], dtype=object), 'phones-accuracy': array([1.8, 2. ]), 'stress': 10, 'text': 'THE', 'total': 10, 'mispronunciations': array([], dtype=object)}
 {'accuracy': 10, 'phones': array(['T', 'R', 'EY0', 'L'], dtype=object), 'phones-accuracy': array([2., 2., 2., 2.]), 'stress': 10, 'text': 'TRAIL', 'total': 10, 'mispronunciations': array([], dtype=object)}
 {'accuracy': 10, 'phones': array(['DH', 'OW0'], dtype=object), 'phones-accuracy': array([1.8, 2. ]), 'stress': 10, 'text': 'THOUGH', 'total': 10, 'mispronunciations': array([], dtype=object)}
 {'accuracy': 10, 'phones': array(['W', 'UH0', 'D'], dtype=object), 'phones-accuracy': array([2., 2., 2.]), 'stress': 10, 'text': 'WOULD', 'total': 10, 'mispronunciations': array([], dtype=object)}
 {'accuracy': 10, 'phones': array(['B', 'IY0'], dtype=object), 'phones-accuracy': array([2., 2.]), 'stress': 10, 'text': 'BE', 'total': 10, 'mispronunciations': array([], dtype=object)}
 {'accuracy': 10, 'phones': array(['IH0', 'K', 'S', 'T', 'EH1', 'N', 'S', 'IH0', 'V'], dtype=object), 'phones-accuracy': array([2. , 2. , 2. , 1.8, 2. , 2. , 2. , 2. , 2. ]), 'stress': 10, 'text': 'EXTENSIVE', 'total': 10, 'mispronunciations': array([], dtype=object)}]",2244,f,20,train,022440340,-60.82956314086914
022440340,130,B,2.049999952316284,2.0899999141693115,-61.14424896240234,be,2.0,9,10.0,8,8,8,"[{'accuracy': 10, 'phones': array(['DH', 'AH0'], dtype=object), 'phones-accuracy': array([1.8, 2. ]), 'stress': 10, 'text': 'THE', 'total': 10, 'mispronunciations': array([], dtype=object)}
 {'accuracy': 10, 'phones': array(['T', 'R', 'EY0', 'L'], dtype=object), 'phones-accuracy': array([2., 2., 2., 2.]), 'stress': 10, 'text': 'TRAIL', 'total': 10, 'mispronunciations': array([], dtype=object)}
 {'accuracy': 10, 'phones': array(['DH', 'OW0'], dtype=object), 'phones-accuracy': array([1.8, 2. ]), 'stress': 10, 'text': 'THOUGH', 'total': 10, 'mispronunciations': array([], dtype=object)}
 {'accuracy': 10, 'phones': array(['W', 'UH0', 'D'], dtype=object), 'phones-accuracy': array([2., 2., 2.]), 'stress': 10, 'text': 'WOULD', 'total': 10, 'mispronunciations': array([], dtype=object)}
 {'accuracy': 10, 'phones': array(['B', 'IY0'], dtype=object), 'phones-accuracy': array([2., 2.]), 'stress': 10, 'text': 'BE', 'total': 10, 'mispronunciations': array([], dtype=object)}
 {'accuracy': 10, 'phones': array(['IH0', 'K', 'S', 'T', 'EH1', 'N', 'S', 'IH0', 'V'], dtype=object), 'phones-accuracy': array([2. , 2. , 2. , 1.8, 2. , 2. , 2. , 2. , 2. ]), 'stress': 10, 'text': 'EXTENSIVE', 'total': 10, 'mispronunciations': array([], dtype=object)}]",2244,f,20,train,022440340,-61.017084270715706
022440340,131,IY0,2.0899999141693115,2.150000095367432,-47.880558013916016,be,2.0,9,10.0,8,8,8,"[{'accuracy': 10, 'phones': array(['DH', 'AH0'], dtype=object), 'phones-accuracy': array([1.8, 2. ]), 'stress': 10, 'text': 'THE', 'total': 10, 'mispronunciations': array([], dtype=object)}
 {'accuracy': 10, 'phones': array(['T', 'R', 'EY0', 'L'], dtype=object), 'phones-accuracy': array([2., 2., 2., 2.]), 'stress': 10, 'text': 'TRAIL', 'total': 10, 'mispronunciations': array([], dtype=object)}
 {'accuracy': 10, 'phones': array(['DH', 'OW0'], dtype=object), 'phones-accuracy': array([1.8, 2. ]), 'stress': 10, 'text': 'THOUGH', 'total': 10, 'mispronunciations': array([], dtype=object)}
 {'accuracy': 10, 'phones': array(['W', 'UH0', 'D'], dtype=object), 'phones-accuracy': array([2., 2., 2.]), 'stress': 10, 'text': 'WOULD', 'total': 10, 'mispronunciations': array([], dtype=object)}
 {'accuracy': 10, 'phones': array(['B', 'IY0'], dtype=object), 'phones-accuracy': array([2., 2.]), 'stress': 10, 'text': 'BE', 'total': 10, 'mispronunciations': array([], dtype=object)}
 {'accuracy': 10, 'phones': array(['IH0', 'K', 'S', 'T', 'EH1', 'N', 'S', 'IH0', 'V'], dtype=object), 'phones-accuracy': array([2. , 2. , 2. , 1.8, 2. , 2. , 2. , 2. , 2. ]), 'stress': 10, 'text': 'EXTENSIVE', 'total': 10, 'mispronunciations': array([], dtype=object)}]",2244,f,20,train,022440340,-47.66831651329994
022440340,132,IH0,2.150000095367432,2.400000095367432,-63.04319763183594,extensive,2.0,9,10.0,8,8,8,"[{'accuracy': 10, 'phones': array(['DH', 'AH0'], dtype=object), 'phones-accuracy': array([1.8, 2. ]), 'stress': 10, 'text': 'THE', 'total': 10, 'mispronunciations': array([], dtype=object)}
 {'accuracy': 10, 'phones': array(['T', 'R', 'EY0', 'L'], dtype=object), 'phones-accuracy': array([2., 2., 2., 2.]), 'stress': 10, 'text': 'TRAIL', 'total': 10, 'mispronunciations': array([], dtype=object)}
 {'accuracy': 10, 'phones': array(['DH', 'OW0'], dtype=object), 'phones-accuracy': array([1.8, 2. ]), 'stress': 10, 'text': 'THOUGH', 'total': 10, 'mispronunciations': array([], dtype=object)}
 {'accuracy': 10, 'phones': array(['W', 'UH0', 'D'], dtype=object), 'phones-accuracy': array([2., 2., 2.]), 'stress': 10, 'text': 'WOULD', 'total': 10, 'mispronunciations': array([], dtype=object)}
 {'accuracy': 10, 'phones': array(['B', 'IY0'], dtype=object), 'phones-accuracy': array([2., 2.]), 'stress': 10, 'text': 'BE', 'total': 10, 'mispronunciations': array([], dtype=object)}
 {'accuracy': 10, 'phones': array(['IH0', 'K', 'S', 'T', 'EH1', 'N', 'S', 'IH0', 'V'], dtype=object), 'phones-accuracy': array([2. , 2. , 2. , 1.8, 2. , 2. , 2. , 2. , 2. ]), 'stress': 10, 'text': 'EXTENSIVE', 'total': 10, 'mispronunciations': array([], dtype=object)}]",2244,f,20,train,022440340,-62.881058022379875
022440340,133,K,2.400000095367432,2.440000057220459,-65.11363983154297,extensive,2.0,9,10.0,8,8,8,"[{'accuracy': 10, 'phones': array(['DH', 'AH0'], dtype=object), 'phones-accuracy': array([1.8, 2. ]), 'stress': 10, 'text': 'THE', 'total': 10, 'mispronunciations': array([], dtype=object)}
 {'accuracy': 10, 'phones': array(['T', 'R', 'EY0', 'L'], dtype=object), 'phones-accuracy': array([2., 2., 2., 2.]), 'stress': 10, 'text': 'TRAIL', 'total': 10, 'mispronunciations': array([], dtype=object)}
 {'accuracy': 10, 'phones': array(['DH', 'OW0'], dtype=object), 'phones-accuracy': array([1.8, 2. ]), 'stress': 10, 'text': 'THOUGH', 'total': 10, 'mispronunciations': array([], dtype=object)}
 {'accuracy': 10, 'phones': array(['W', 'UH0', 'D'], dtype=object), 'phones-accuracy': array([2., 2., 2.]), 'stress': 10, 'text': 'WOULD', 'total': 10, 'mispronunciations': array([], dtype=object)}
 {'accuracy': 10, 'phones': array(['B', 'IY0'], dtype=object), 'phones-accuracy': array([2., 2.]), 'stress': 10, 'text': 'BE', 'total': 10, 'mispronunciations': array([], dtype=object)}
 {'accuracy': 10, 'phones': array(['IH0', 'K', 'S', 'T', 'EH1', 'N', 'S', 'IH0', 'V'], dtype=object), 'phones-accuracy': array([2. , 2. , 2. , 1.8, 2. , 2. , 2. , 2. , 2. ]), 'stress': 10, 'text': 'EXTENSIVE', 'total': 10, 'mispronunciations': array([], dtype=object)}]",2244,f,20,train,022440340,-64.94080866873264
022440340,134,S,2.440000057220459,2.4800000190734863,-58.936256408691406,extensive,2.0,9,10.0,8,8,8,"[{'accuracy': 10, 'phones': array(['DH', 'AH0'], dtype=object), 'phones-accuracy': array([1.8, 2. ]), 'stress': 10, 'text': 'THE', 'total': 10, 'mispronunciations': array([], dtype=object)}
 {'accuracy': 10, 'phones': array(['T', 'R', 'EY0', 'L'], dtype=object), 'phones-accuracy': array([2., 2., 2., 2.]), 'stress': 10, 'text': 'TRAIL', 'total': 10, 'mispronunciations': array([], dtype=object)}
 {'accuracy': 10, 'phones': array(['DH', 'OW0'], dtype=object), 'phones-accuracy': array([1.8, 2. ]), 'stress': 10, 'text': 'THOUGH', 'total': 10, 'mispronunciations': array([], dtype=object)}
 {'accuracy': 10, 'phones': array(['W', 'UH0', 'D'], dtype=object), 'phones-accuracy': array([2., 2., 2.]), 'stress': 10, 'text': 'WOULD', 'total': 10, 'mispronunciations': array([], dtype=object)}
 {'accuracy': 10, 'phones': array(['B', 'IY0'], dtype=object), 'phones-accuracy': array([2., 2.]), 'stress': 10, 'text': 'BE', 'total': 10, 'mispronunciations': array([], dtype=object)}
 {'accuracy': 10, 'phones': array(['IH0', 'K', 'S', 'T', 'EH1', 'N', 'S', 'IH0', 'V'], dtype=object), 'phones-accuracy': array([2. , 2. , 2. , 1.8, 2. , 2. , 2. , 2. , 2. ]), 'stress': 10, 'text': 'EXTENSIVE', 'total': 10, 'mispronunciations': array([], dtype=object)}]",2244,f,20,train,022440340,-58.77259977161884
022440340,135,T,2.4800000190734863,2.619999885559082,-59.64645385742188,extensive,2.0,9,10.0,8,8,8,"[{'accuracy': 10, 'phones': array(['DH', 'AH0'], dtype=object), 'phones-accuracy': array([1.8, 2. ]), 'stress': 10, 'text': 'THE', 'total': 10, 'mispronunciations': array([], dtype=object)}
 {'accuracy': 10, 'phones': array(['T', 'R', 'EY0', 'L'], dtype=object), 'phones-accuracy': array([2., 2., 2., 2.]), 'stress': 10, 'text': 'TRAIL', 'total': 10, 'mispronunciations': array([], dtype=object)}
 {'accuracy': 10, 'phones': array(['DH', 'OW0'], dtype=object), 'phones-accuracy': array([1.8, 2. ]), 'stress': 10, 'text': 'THOUGH', 'total': 10, 'mispronunciations': array([], dtype=object)}
 {'accuracy': 10, 'phones': array(['W', 'UH0', 'D'], dtype=object), 'phones-accuracy': array([2., 2., 2.]), 'stress': 10, 'text': 'WOULD', 'total': 10, 'mispronunciations': array([], dtype=object)}
 {'accuracy': 10, 'phones': array(['B', 'IY0'], dtype=object), 'phones-accuracy': array([2., 2.]), 'stress': 10, 'text': 'BE', 'total': 10, 'mispronunciations': array([], dtype=object)}
 {'accuracy': 10, 'phones': array(['IH0', 'K', 'S', 'T', 'EH1', 'N', 'S', 'IH0', 'V'], dtype=object), 'phones-accuracy': array([2. , 2. , 2. , 1.8, 2. , 2. , 2. , 2. , 2. ]), 'stress': 10, 'text': 'EXTENSIVE', 'total': 10, 'mispronunciations': array([], dtype=object)}]",2244,f,20,train,022440340,-59.46871237456799
022440340,136,EH1,2.619999885559082,2.700000047683716,-54.52643585205078,extensive,2.0,9,10.0,8,8,8,"[{'accuracy': 10, 'phones': array(['DH', 'AH0'], dtype=object), 'phones-accuracy': array([1.8, 2. ]), 'stress': 10, 'text': 'THE', 'total': 10, 'mispronunciations': array([], dtype=object)}
 {'accuracy': 10, 'phones': array(['T', 'R', 'EY0', 'L'], dtype=object), 'phones-accuracy': array([2., 2., 2., 2.]), 'stress': 10, 'text': 'TRAIL', 'total': 10, 'mispronunciations': array([], dtype=object)}
 {'accuracy': 10, 'phones': array(['DH', 'OW0'], dtype=object), 'phones-accuracy': array([1.8, 2. ]), 'stress': 10, 'text': 'THOUGH', 'total': 10, 'mispronunciations': array([], dtype=object)}
 {'accuracy': 10, 'phones': array(['W', 'UH0', 'D'], dtype=object), 'phones-accuracy': array([2., 2., 2.]), 'stress': 10, 'text': 'WOULD', 'total': 10, 'mispronunciations': array([], dtype=object)}
 {'accuracy': 10, 'phones': array(['B', 'IY0'], dtype=object), 'phones-accuracy': array([2., 2.]), 'stress': 10, 'text': 'BE', 'total': 10, 'mispronunciations': array([], dtype=object)}
 {'accuracy': 10, 'phones': array(['IH0', 'K', 'S', 'T', 'EH1', 'N', 'S', 'IH0', 'V'], dtype=object), 'phones-accuracy': array([2. , 2. , 2. , 1.8, 2. , 2. , 2. , 2. , 2. ]), 'stress': 10, 'text': 'EXTENSIVE', 'total': 10, 'mispronunciations': array([], dtype=object)}]",2244,f,20,train,022440340,-54.31026171147823
022440340,137,N,2.700000047683716,2.7699999809265137,-44.21973037719727,extensive,2.0,9,10.0,8,8,8,"[{'accuracy': 10, 'phones': array(['DH', 'AH0'], dtype=object), 'phones-accuracy': array([1.8, 2. ]), 'stress': 10, 'text': 'THE', 'total': 10, 'mispronunciations': array([], dtype=object)}
 {'accuracy': 10, 'phones': array(['T', 'R', 'EY0', 'L'], dtype=object), 'phones-accuracy': array([2., 2., 2., 2.]), 'stress': 10, 'text': 'TRAIL', 'total': 10, 'mispronunciations': array([], dtype=object)}
 {'accuracy': 10, 'phones': array(['DH', 'OW0'], dtype=object), 'phones-accuracy': array([1.8, 2. ]), 'stress': 10, 'text': 'THOUGH', 'total': 10, 'mispronunciations': array([], dtype=object)}
 {'accuracy': 10, 'phones': array(['W', 'UH0', 'D'], dtype=object), 'phones-accuracy': array([2., 2., 2.]), 'stress': 10, 'text': 'WOULD', 'total': 10, 'mispronunciations': array([], dtype=object)}
 {'accuracy': 10, 'phones': array(['B', 'IY0'], dtype=object), 'phones-accuracy': array([2., 2.]), 'stress': 10, 'text': 'BE', 'total': 10, 'mispronunciations': array([], dtype=object)}
 {'accuracy': 10, 'phones': array(['IH0', 'K', 'S', 'T', 'EH1', 'N', 'S', 'IH0', 'V'], dtype=object), 'phones-accuracy': array([2. , 2. , 2. , 1.8, 2. , 2. , 2. , 2. , 2. ]), 'stress': 10, 'text': 'EXTENSIVE', 'total': 10, 'mispronunciations': array([], dtype=object)}]",2244,f,20,train,022440340,-43.98858205974103
022440340,138,S,2.7699999809265137,2.869999885559082,-55.66288375854492,extensive,2.0,9,10.0,8,8,8,"[{'accuracy': 10, 'phones': array(['DH', 'AH0'], dtype=object), 'phones-accuracy': array([1.8, 2. ]), 'stress': 10, 'text': 'THE', 'total': 10, 'mispronunciations': array([], dtype=object)}
 {'accuracy': 10, 'phones': array(['T', 'R', 'EY0', 'L'], dtype=object), 'phones-accuracy': array([2., 2., 2., 2.]), 'stress': 10, 'text': 'TRAIL', 'total': 10, 'mispronunciations': array([], dtype=object)}
 {'accuracy': 10, 'phones': array(['DH', 'OW0'], dtype=object), 'phones-accuracy': array([1.8, 2. ]), 'stress': 10, 'text': 'THOUGH', 'total': 10, 'mispronunciations': array([], dtype=object)}
 {'accuracy': 10, 'phones': array(['W', 'UH0', 'D'], dtype=object), 'phones-accuracy': array([2., 2., 2.]), 'stress': 10, 'text': 'WOULD', 'total': 10, 'mispronunciations': array([], dtype=object)}
 {'accuracy': 10, 'phones': array(['B', 'IY0'], dtype=object), 'phones-accuracy': array([2., 2.]), 'stress': 10, 'text': 'BE', 'total': 10, 'mispronunciations': array([], dtype=object)}
 {'accuracy': 10, 'phones': array(['IH0', 'K', 'S', 'T', 'EH1', 'N', 'S', 'IH0', 'V'], dtype=object), 'phones-accuracy': array([2. , 2. , 2. , 1.8, 2. , 2. , 2. , 2. , 2. ]), 'stress': 10, 'text': 'EXTENSIVE', 'total': 10, 'mispronunciations': array([], dtype=object)}]",2244,f,20,train,022440340,-55.44324192404747
022440340,139,IH0,2.869999885559082,2.950000047683716,-55.66578674316406,extensive,2.0,9,10.0,8,8,8,"[{'accuracy': 10, 'phones': array(['DH', 'AH0'], dtype=object), 'phones-accuracy': array([1.8, 2. ]), 'stress': 10, 'text': 'THE', 'total': 10, 'mispronunciations': array([], dtype=object)}
 {'accuracy': 10, 'phones': array(['T', 'R', 'EY0', 'L'], dtype=object), 'phones-accuracy': array([2., 2., 2., 2.]), 'stress': 10, 'text': 'TRAIL', 'total': 10, 'mispronunciations': array([], dtype=object)}
 {'accuracy': 10, 'phones': array(['DH', 'OW0'], dtype=object), 'phones-accuracy': array([1.8, 2. ]), 'stress': 10, 'text': 'THOUGH', 'total': 10, 'mispronunciations': array([], dtype=object)}
 {'accuracy': 10, 'phones': array(['W', 'UH0', 'D'], dtype=object), 'phones-accuracy': array([2., 2., 2.]), 'stress': 10, 'text': 'WOULD', 'total': 10, 'mispronunciations': array([], dtype=object)}
 {'accuracy': 10, 'phones': array(['B', 'IY0'], dtype=object), 'phones-accuracy': array([2., 2.]), 'stress': 10, 'text': 'BE', 'total': 10, 'mispronunciations': array([], dtype=object)}
 {'accuracy': 10, 'phones': array(['IH0', 'K', 'S', 'T', 'EH1', 'N', 'S', 'IH0', 'V'], dtype=object), 'phones-accuracy': array([2. , 2. , 2. , 1.8, 2. , 2. , 2. , 2. , 2. ]), 'stress': 10, 'text': 'EXTENSIVE', 'total': 10, 'mispronunciations': array([], dtype=object)}]",2244,f,20,train,022440340,-55.37386539578438
022440340,140,V,2.950000047683716,3.049999952316284,-50.95606994628906,extensive,2.0,9,10.0,8,8,8,"[{'accuracy': 10, 'phones': array(['DH', 'AH0'], dtype=object), 'phones-accuracy': array([1.8, 2. ]), 'stress': 10, 'text': 'THE', 'total': 10, 'mispronunciations': array([], dtype=object)}
 {'accuracy': 10, 'phones': array(['T', 'R', 'EY0', 'L'], dtype=object), 'phones-accuracy': array([2., 2., 2., 2.]), 'stress': 10, 'text': 'TRAIL', 'total': 10, 'mispronunciations': array([], dtype=object)}
 {'accuracy': 10, 'phones': array(['DH', 'OW0'], dtype=object), 'phones-accuracy': array([1.8, 2. ]), 'stress': 10, 'text': 'THOUGH', 'total': 10, 'mispronunciations': array([], dtype=object)}
 {'accuracy': 10, 'phones': array(['W', 'UH0', 'D'], dtype=object), 'phones-accuracy': array([2., 2., 2.]), 'stress': 10, 'text': 'WOULD', 'total': 10, 'mispronunciations': array([], dtype=object)}
 {'accuracy': 10, 'phones': array(['B', 'IY0'], dtype=object), 'phones-accuracy': array([2., 2.]), 'stress': 10, 'text': 'BE', 'total': 10, 'mispronunciations': array([], dtype=object)}
 {'accuracy': 10, 'phones': array(['IH0', 'K', 'S', 'T', 'EH1', 'N', 'S', 'IH0', 'V'], dtype=object), 'phones-accuracy': array([2. , 2. , 2. , 1.8, 2. , 2. , 2. , 2. , 2. ]), 'stress': 10, 'text': 'EXTENSIVE', 'total': 10, 'mispronunciations': array([], dtype=object)}]",2244,f,20,train,022440340,-50.75624427199364
022440340,141,sil,3.049999952316284,4.125,-33.518096923828125,<eps>,,9,10.0,8,8,8,"[{'accuracy': 10, 'phones': array(['DH', 'AH0'], dtype=object), 'phones-accuracy': array([1.8, 2. ]), 'stress': 10, 'text': 'THE', 'total': 10, 'mispronunciations': array([], dtype=object)}
 {'accuracy': 10, 'phones': array(['T', 'R', 'EY0', 'L'], dtype=object), 'phones-accuracy': array([2., 2., 2., 2.]), 'stress': 10, 'text': 'TRAIL', 'total': 10, 'mispronunciations': array([], dtype=object)}
 {'accuracy': 10, 'phones': array(['DH', 'OW0'], dtype=object), 'phones-accuracy': array([1.8, 2. ]), 'stress': 10, 'text': 'THOUGH', 'total': 10, 'mispronunciations': array([], dtype=object)}
 {'accuracy': 10, 'phones': array(['W', 'UH0', 'D'], dtype=object), 'phones-accuracy': array([2., 2., 2.]), 'stress': 10, 'text': 'WOULD', 'total': 10, 'mispronunciations': array([], dtype=object)}
 {'accuracy': 10, 'phones': array(['B', 'IY0'], dtype=object), 'phones-accuracy': array([2., 2.]), 'stress': 10, 'text': 'BE', 'total': 10, 'mispronunciations': array([], dtype=object)}
 {'accuracy': 10, 'phones': array(['IH0', 'K', 'S', 'T', 'EH1', 'N', 'S', 'IH0', 'V'], dtype=object), 'phones-accuracy': array([2. , 2. , 2. , 1.8, 2. , 2. , 2. , 2. , 2. ]), 'stress': 10, 'text': 'EXTENSIVE', 'total': 10, 'mispronunciations': array([], dtype=object)}]",2244,f,20,train,022440340,-33.47857129201293
022440126,142,sil,0.0,0.4099999964237213,-39.66458511352539,<eps>,,9,10.0,10,9,9,"[{'accuracy': 10, 'phones': array(['S', 'OW0'], dtype=object), 'phones-accuracy': array([2., 2.]), 'stress': 10, 'text': 'SO', 'total': 10, 'mispronunciations': array([], dtype=object)}
 {'accuracy': 10, 'phones': array(['Y', 'UW0'], dtype=object), 'phones-accuracy': array([2., 2.]), 'stress': 10, 'text': 'YOU', 'total': 10, 'mispronunciations': array([], dtype=object)}
 {'accuracy': 10, 'phones': array(['SH', 'UH0', 'D'], dtype=object), 'phones-accuracy': array([2., 2., 2.]), 'stress': 10, 'text': 'SHOULD', 'total': 10, 'mispronunciations': array([], dtype=object)}
 {'accuracy': 10, 'phones': array(['B', 'IY0'], dtype=object), 'phones-accuracy': array([2., 2.]), 'stress': 10, 'text': 'BE', 'total': 10, 'mispronunciations': array([], dtype=object)}
 {'accuracy': 10, 'phones': array(['F', 'AY0', 'N'], dtype=object), 'phones-accuracy': array([2., 2., 2.]), 'stress': 10, 'text': 'FINE', 'total': 10, 'mispronunciations': array([], dtype=object)}]",2244,f,20,train,022440126,-39.629042096436024
022440126,143,S,0.4099999964237213,0.5899999737739563,-59.96854782104492,so,2.0,9,10.0,10,9,9,"[{'accuracy': 10, 'phones': array(['S', 'OW0'], dtype=object), 'phones-accuracy': array([2., 2.]), 'stress': 10, 'text': 'SO', 'total': 10, 'mispronunciations': array([], dtype=object)}
 {'accuracy': 10, 'phones': array(['Y', 'UW0'], dtype=object), 'phones-accuracy': array([2., 2.]), 'stress': 10, 'text': 'YOU', 'total': 10, 'mispronunciations': array([], dtype=object)}
 {'accuracy': 10, 'phones': array(['SH', 'UH0', 'D'], dtype=object), 'phones-accuracy': array([2., 2., 2.]), 'stress': 10, 'text': 'SHOULD', 'total': 10, 'mispronunciations': array([], dtype=object)}
 {'accuracy': 10, 'phones': array(['B', 'IY0'], dtype=object), 'phones-accuracy': array([2., 2.]), 'stress': 10, 'text': 'BE', 'total': 10, 'mispronunciations': array([], dtype=object)}
 {'accuracy': 10, 'phones': array(['F', 'AY0', 'N'], dtype=object), 'phones-accuracy': array([2., 2., 2.]), 'stress': 10, 'text': 'FINE', 'total': 10, 'mispronunciations': array([], dtype=object)}]",2244,f,20,train,022440126,-59.894472785294056
022440126,144,OW1,0.5899999737739563,0.9399999976158142,-49.97800064086914,so,,9,10.0,10,9,9,"[{'accuracy': 10, 'phones': array(['S', 'OW0'], dtype=object), 'phones-accuracy': array([2., 2.]), 'stress': 10, 'text': 'SO', 'total': 10, 'mispronunciations': array([], dtype=object)}
 {'accuracy': 10, 'phones': array(['Y', 'UW0'], dtype=object), 'phones-accuracy': array([2., 2.]), 'stress': 10, 'text': 'YOU', 'total': 10, 'mispronunciations': array([], dtype=object)}
 {'accuracy': 10, 'phones': array(['SH', 'UH0', 'D'], dtype=object), 'phones-accuracy': array([2., 2., 2.]), 'stress': 10, 'text': 'SHOULD', 'total': 10, 'mispronunciations': array([], dtype=object)}
 {'accuracy': 10, 'phones': array(['B', 'IY0'], dtype=object), 'phones-accuracy': array([2., 2.]), 'stress': 10, 'text': 'BE', 'total': 10, 'mispronunciations': array([], dtype=object)}
 {'accuracy': 10, 'phones': array(['F', 'AY0', 'N'], dtype=object), 'phones-accuracy': array([2., 2., 2.]), 'stress': 10, 'text': 'FINE', 'total': 10, 'mispronunciations': array([], dtype=object)}]",2244,f,20,train,022440126,-49.755173444747925
022440126,145,Y,0.9399999976158142,1.0099999904632568,-56.86763381958008,you,2.0,9,10.0,10,9,9,"[{'accuracy': 10, 'phones': array(['S', 'OW0'], dtype=object), 'phones-accuracy': array([2., 2.]), 'stress': 10, 'text': 'SO', 'total': 10, 'mispronunciations': array([], dtype=object)}
 {'accuracy': 10, 'phones': array(['Y', 'UW0'], dtype=object), 'phones-accuracy': array([2., 2.]), 'stress': 10, 'text': 'YOU', 'total': 10, 'mispronunciations': array([], dtype=object)}
 {'accuracy': 10, 'phones': array(['SH', 'UH0', 'D'], dtype=object), 'phones-accuracy': array([2., 2., 2.]), 'stress': 10, 'text': 'SHOULD', 'total': 10, 'mispronunciations': array([], dtype=object)}
 {'accuracy': 10, 'phones': array(['B', 'IY0'], dtype=object), 'phones-accuracy': array([2., 2.]), 'stress': 10, 'text': 'BE', 'total': 10, 'mispronunciations': array([], dtype=object)}
 {'accuracy': 10, 'phones': array(['F', 'AY0', 'N'], dtype=object), 'phones-accuracy': array([2., 2., 2.]), 'stress': 10, 'text': 'FINE', 'total': 10, 'mispronunciations': array([], dtype=object)}]",2244,f,20,train,022440126,-56.59069237112999
022440126,146,UW1,1.0099999904632568,1.059999942779541,-45.4594612121582,you,,9,10.0,10,9,9,"[{'accuracy': 10, 'phones': array(['S', 'OW0'], dtype=object), 'phones-accuracy': array([2., 2.]), 'stress': 10, 'text': 'SO', 'total': 10, 'mispronunciations': array([], dtype=object)}
 {'accuracy': 10, 'phones': array(['Y', 'UW0'], dtype=object), 'phones-accuracy': array([2., 2.]), 'stress': 10, 'text': 'YOU', 'total': 10, 'mispronunciations': array([], dtype=object)}
 {'accuracy': 10, 'phones': array(['SH', 'UH0', 'D'], dtype=object), 'phones-accuracy': array([2., 2., 2.]), 'stress': 10, 'text': 'SHOULD', 'total': 10, 'mispronunciations': array([], dtype=object)}
 {'accuracy': 10, 'phones': array(['B', 'IY0'], dtype=object), 'phones-accuracy': array([2., 2.]), 'stress': 10, 'text': 'BE', 'total': 10, 'mispronunciations': array([], dtype=object)}
 {'accuracy': 10, 'phones': array(['F', 'AY0', 'N'], dtype=object), 'phones-accuracy': array([2., 2., 2.]), 'stress': 10, 'text': 'FINE', 'total': 10, 'mispronunciations': array([], dtype=object)}]",2244,f,20,train,022440126,-45.24269303679466
022440126,147,SH,1.059999942779541,1.190000057220459,-55.00709533691406,should,2.0,9,10.0,10,9,9,"[{'accuracy': 10, 'phones': array(['S', 'OW0'], dtype=object), 'phones-accuracy': array([2., 2.]), 'stress': 10, 'text': 'SO', 'total': 10, 'mispronunciations': array([], dtype=object)}
 {'accuracy': 10, 'phones': array(['Y', 'UW0'], dtype=object), 'phones-accuracy': array([2., 2.]), 'stress': 10, 'text': 'YOU', 'total': 10, 'mispronunciations': array([], dtype=object)}
 {'accuracy': 10, 'phones': array(['SH', 'UH0', 'D'], dtype=object), 'phones-accuracy': array([2., 2., 2.]), 'stress': 10, 'text': 'SHOULD', 'total': 10, 'mispronunciations': array([], dtype=object)}
 {'accuracy': 10, 'phones': array(['B', 'IY0'], dtype=object), 'phones-accuracy': array([2., 2.]), 'stress': 10, 'text': 'BE', 'total': 10, 'mispronunciations': array([], dtype=object)}
 {'accuracy': 10, 'phones': array(['F', 'AY0', 'N'], dtype=object), 'phones-accuracy': array([2., 2., 2.]), 'stress': 10, 'text': 'FINE', 'total': 10, 'mispronunciations': array([], dtype=object)}]",2244,f,20,train,022440126,-54.90433829277754
022440126,148,UH1,1.190000057220459,1.3200000524520874,-46.64712905883789,should,,9,10.0,10,9,9,"[{'accuracy': 10, 'phones': array(['S', 'OW0'], dtype=object), 'phones-accuracy': array([2., 2.]), 'stress': 10, 'text': 'SO', 'total': 10, 'mispronunciations': array([], dtype=object)}
 {'accuracy': 10, 'phones': array(['Y', 'UW0'], dtype=object), 'phones-accuracy': array([2., 2.]), 'stress': 10, 'text': 'YOU', 'total': 10, 'mispronunciations': array([], dtype=object)}
 {'accuracy': 10, 'phones': array(['SH', 'UH0', 'D'], dtype=object), 'phones-accuracy': array([2., 2., 2.]), 'stress': 10, 'text': 'SHOULD', 'total': 10, 'mispronunciations': array([], dtype=object)}
 {'accuracy': 10, 'phones': array(['B', 'IY0'], dtype=object), 'phones-accuracy': array([2., 2.]), 'stress': 10, 'text': 'BE', 'total': 10, 'mispronunciations': array([], dtype=object)}
 {'accuracy': 10, 'phones': array(['F', 'AY0', 'N'], dtype=object), 'phones-accuracy': array([2., 2., 2.]), 'stress': 10, 'text': 'FINE', 'total': 10, 'mispronunciations': array([], dtype=object)}]",2244,f,20,train,022440126,-46.43053734302521
022440126,149,D,1.3200000524520874,1.3700000047683716,-53.99290084838867,should,2.0,9,10.0,10,9,9,"[{'accuracy': 10, 'phones': array(['S', 'OW0'], dtype=object), 'phones-accuracy': array([2., 2.]), 'stress': 10, 'text': 'SO', 'total': 10, 'mispronunciations': array([], dtype=object)}
 {'accuracy': 10, 'phones': array(['Y', 'UW0'], dtype=object), 'phones-accuracy': array([2., 2.]), 'stress': 10, 'text': 'YOU', 'total': 10, 'mispronunciations': array([], dtype=object)}
 {'accuracy': 10, 'phones': array(['SH', 'UH0', 'D'], dtype=object), 'phones-accuracy': array([2., 2., 2.]), 'stress': 10, 'text': 'SHOULD', 'total': 10, 'mispronunciations': array([], dtype=object)}
 {'accuracy': 10, 'phones': array(['B', 'IY0'], dtype=object), 'phones-accuracy': array([2., 2.]), 'stress': 10, 'text': 'BE', 'total': 10, 'mispronunciations': array([], dtype=object)}
 {'accuracy': 10, 'phones': array(['F', 'AY0', 'N'], dtype=object), 'phones-accuracy': array([2., 2., 2.]), 'stress': 10, 'text': 'FINE', 'total': 10, 'mispronunciations': array([], dtype=object)}]",2244,f,20,train,022440126,-53.835256069898605
022440126,150,B,1.3700000047683716,1.399999976158142,-60.47529983520508,be,2.0,9,10.0,10,9,9,"[{'accuracy': 10, 'phones': array(['S', 'OW0'], dtype=object), 'phones-accuracy': array([2., 2.]), 'stress': 10, 'text': 'SO', 'total': 10, 'mispronunciations': array([], dtype=object)}
 {'accuracy': 10, 'phones': array(['Y', 'UW0'], dtype=object), 'phones-accuracy': array([2., 2.]), 'stress': 10, 'text': 'YOU', 'total': 10, 'mispronunciations': array([], dtype=object)}
 {'accuracy': 10, 'phones': array(['SH', 'UH0', 'D'], dtype=object), 'phones-accuracy': array([2., 2., 2.]), 'stress': 10, 'text': 'SHOULD', 'total': 10, 'mispronunciations': array([], dtype=object)}
 {'accuracy': 10, 'phones': array(['B', 'IY0'], dtype=object), 'phones-accuracy': array([2., 2.]), 'stress': 10, 'text': 'BE', 'total': 10, 'mispronunciations': array([], dtype=object)}
 {'accuracy': 10, 'phones': array(['F', 'AY0', 'N'], dtype=object), 'phones-accuracy': array([2., 2., 2.]), 'stress': 10, 'text': 'FINE', 'total': 10, 'mispronunciations': array([], dtype=object)}]",2244,f,20,train,022440126,-60.29463870823383
022440126,151,IY0,1.399999976158142,1.4500000476837158,-55.18022918701172,be,2.0,9,10.0,10,9,9,"[{'accuracy': 10, 'phones': array(['S', 'OW0'], dtype=object), 'phones-accuracy': array([2., 2.]), 'stress': 10, 'text': 'SO', 'total': 10, 'mispronunciations': array([], dtype=object)}
 {'accuracy': 10, 'phones': array(['Y', 'UW0'], dtype=object), 'phones-accuracy': array([2., 2.]), 'stress': 10, 'text': 'YOU', 'total': 10, 'mispronunciations': array([], dtype=object)}
 {'accuracy': 10, 'phones': array(['SH', 'UH0', 'D'], dtype=object), 'phones-accuracy': array([2., 2., 2.]), 'stress': 10, 'text': 'SHOULD', 'total': 10, 'mispronunciations': array([], dtype=object)}
 {'accuracy': 10, 'phones': array(['B', 'IY0'], dtype=object), 'phones-accuracy': array([2., 2.]), 'stress': 10, 'text': 'BE', 'total': 10, 'mispronunciations': array([], dtype=object)}
 {'accuracy': 10, 'phones': array(['F', 'AY0', 'N'], dtype=object), 'phones-accuracy': array([2., 2., 2.]), 'stress': 10, 'text': 'FINE', 'total': 10, 'mispronunciations': array([], dtype=object)}]",2244,f,20,train,022440126,-54.96215412020683
022440126,152,F,1.4500000476837158,1.5800000429153442,-53.63165283203125,fine,2.0,9,10.0,10,9,9,"[{'accuracy': 10, 'phones': array(['S', 'OW0'], dtype=object), 'phones-accuracy': array([2., 2.]), 'stress': 10, 'text': 'SO', 'total': 10, 'mispronunciations': array([], dtype=object)}
 {'accuracy': 10, 'phones': array(['Y', 'UW0'], dtype=object), 'phones-accuracy': array([2., 2.]), 'stress': 10, 'text': 'YOU', 'total': 10, 'mispronunciations': array([], dtype=object)}
 {'accuracy': 10, 'phones': array(['SH', 'UH0', 'D'], dtype=object), 'phones-accuracy': array([2., 2., 2.]), 'stress': 10, 'text': 'SHOULD', 'total': 10, 'mispronunciations': array([], dtype=object)}
 {'accuracy': 10, 'phones': array(['B', 'IY0'], dtype=object), 'phones-accuracy': array([2., 2.]), 'stress': 10, 'text': 'BE', 'total': 10, 'mispronunciations': array([], dtype=object)}
 {'accuracy': 10, 'phones': array(['F', 'AY0', 'N'], dtype=object), 'phones-accuracy': array([2., 2., 2.]), 'stress': 10, 'text': 'FINE', 'total': 10, 'mispronunciations': array([], dtype=object)}]",2244,f,20,train,022440126,-53.501996263861656
022440126,153,AY1,1.5800000429153442,1.7400000095367432,-48.97605895996094,fine,,9,10.0,10,9,9,"[{'accuracy': 10, 'phones': array(['S', 'OW0'], dtype=object), 'phones-accuracy': array([2., 2.]), 'stress': 10, 'text': 'SO', 'total': 10, 'mispronunciations': array([], dtype=object)}
 {'accuracy': 10, 'phones': array(['Y', 'UW0'], dtype=object), 'phones-accuracy': array([2., 2.]), 'stress': 10, 'text': 'YOU', 'total': 10, 'mispronunciations': array([], dtype=object)}
 {'accuracy': 10, 'phones': array(['SH', 'UH0', 'D'], dtype=object), 'phones-accuracy': array([2., 2., 2.]), 'stress': 10, 'text': 'SHOULD', 'total': 10, 'mispronunciations': array([], dtype=object)}
 {'accuracy': 10, 'phones': array(['B', 'IY0'], dtype=object), 'phones-accuracy': array([2., 2.]), 'stress': 10, 'text': 'BE', 'total': 10, 'mispronunciations': array([], dtype=object)}
 {'accuracy': 10, 'phones': array(['F', 'AY0', 'N'], dtype=object), 'phones-accuracy': array([2., 2., 2.]), 'stress': 10, 'text': 'FINE', 'total': 10, 'mispronunciations': array([], dtype=object)}]",2244,f,20,train,022440126,-48.86031889170408
022440126,154,N,1.7400000095367432,1.919999957084656,-49.68364334106445,fine,2.0,9,10.0,10,9,9,"[{'accuracy': 10, 'phones': array(['S', 'OW0'], dtype=object), 'phones-accuracy': array([2., 2.]), 'stress': 10, 'text': 'SO', 'total': 10, 'mispronunciations': array([], dtype=object)}
 {'accuracy': 10, 'phones': array(['Y', 'UW0'], dtype=object), 'phones-accuracy': array([2., 2.]), 'stress': 10, 'text': 'YOU', 'total': 10, 'mispronunciations': array([], dtype=object)}
 {'accuracy': 10, 'phones': array(['SH', 'UH0', 'D'], dtype=object), 'phones-accuracy': array([2., 2., 2.]), 'stress': 10, 'text': 'SHOULD', 'total': 10, 'mispronunciations': array([], dtype=object)}
 {'accuracy': 10, 'phones': array(['B', 'IY0'], dtype=object), 'phones-accuracy': array([2., 2.]), 'stress': 10, 'text': 'BE', 'total': 10, 'mispronunciations': array([], dtype=object)}
 {'accuracy': 10, 'phones': array(['F', 'AY0', 'N'], dtype=object), 'phones-accuracy': array([2., 2., 2.]), 'stress': 10, 'text': 'FINE', 'total': 10, 'mispronunciations': array([], dtype=object)}]",2244,f,20,train,022440126,-49.604762978851795
022440126,155,sil,1.919999957084656,2.6549999713897705,-37.65553283691406,<eps>,,9,10.0,10,9,9,"[{'accuracy': 10, 'phones': array(['S', 'OW0'], dtype=object), 'phones-accuracy': array([2., 2.]), 'stress': 10, 'text': 'SO', 'total': 10, 'mispronunciations': array([], dtype=object)}
 {'accuracy': 10, 'phones': array(['Y', 'UW0'], dtype=object), 'phones-accuracy': array([2., 2.]), 'stress': 10, 'text': 'YOU', 'total': 10, 'mispronunciations': array([], dtype=object)}
 {'accuracy': 10, 'phones': array(['SH', 'UH0', 'D'], dtype=object), 'phones-accuracy': array([2., 2., 2.]), 'stress': 10, 'text': 'SHOULD', 'total': 10, 'mispronunciations': array([], dtype=object)}
 {'accuracy': 10, 'phones': array(['B', 'IY0'], dtype=object), 'phones-accuracy': array([2., 2.]), 'stress': 10, 'text': 'BE', 'total': 10, 'mispronunciations': array([], dtype=object)}
 {'accuracy': 10, 'phones': array(['F', 'AY0', 'N'], dtype=object), 'phones-accuracy': array([2., 2., 2.]), 'stress': 10, 'text': 'FINE', 'total': 10, 'mispronunciations': array([], dtype=object)}]",2244,f,20,train,022440126,-37.61747095361352
022440134,156,sil,0.0,0.5400000214576721,-45.576786041259766,<eps>,,9,10.0,8,8,8,"[{'accuracy': 10, 'phones': array(['DH', 'EY0'], dtype=object), 'phones-accuracy': array([1.8, 2. ]), 'stress': 10, 'text': 'THEY', 'total': 10, 'mispronunciations': array([], dtype=object)}
 {'accuracy': 10, 'phones': array(['HH', 'AE0', 'V'], dtype=object), 'phones-accuracy': array([2., 2., 2.]), 'stress': 10, 'text': 'HAVE', 'total': 10, 'mispronunciations': array([], dtype=object)}
 {'accuracy': 10, 'phones': array(['HH', 'AE0', 'D'], dtype=object), 'phones-accuracy': array([2., 2., 2.]), 'stress': 10, 'text': 'HAD', 'total': 10, 'mispronunciations': array([], dtype=object)}
 {'accuracy': 10, 'phones': array(['DH', 'EH0', 'R'], dtype=object), 'phones-accuracy': array([2., 2., 2.]), 'stress': 10, 'text': 'THEIR', 'total': 10, 'mispronunciations': array([], dtype=object)}
 {'accuracy': 10, 'phones': array(['CH', 'AE0', 'N', 'S'], dtype=object), 'phones-accuracy': array([2. , 1.8, 2. , 2. ]), 'stress': 10, 'text': 'CHANCE', 'total': 10, 'mispronunciations': array([], dtype=object)}
 {'accuracy': 10, 'phones': array(['F', 'AO0'], dtype=object), 'phones-accuracy': array([2., 2.]), 'stress': 10, 'text': 'FOR', 'total': 10, 'mispronunciations': array([], dtype=object)}
 {'accuracy': 10, 'phones': array(['M', 'AH0', 'N', 'TH', 'S'], dtype=object), 'phones-accuracy': array([2. , 2. , 1.8, 2. , 1.8]), 'stress': 10, 'text': 'MONTHS', 'total': 10, 'mispronunciations': array([], dtype=object)}]",2244,f,20,train,022440134,-45.51407852768898
022440134,157,DH,0.5400000214576721,0.6000000238418579,-71.19374084472656,they,1.8,9,10.0,8,8,8,"[{'accuracy': 10, 'phones': array(['DH', 'EY0'], dtype=object), 'phones-accuracy': array([1.8, 2. ]), 'stress': 10, 'text': 'THEY', 'total': 10, 'mispronunciations': array([], dtype=object)}
 {'accuracy': 10, 'phones': array(['HH', 'AE0', 'V'], dtype=object), 'phones-accuracy': array([2., 2., 2.]), 'stress': 10, 'text': 'HAVE', 'total': 10, 'mispronunciations': array([], dtype=object)}
 {'accuracy': 10, 'phones': array(['HH', 'AE0', 'D'], dtype=object), 'phones-accuracy': array([2., 2., 2.]), 'stress': 10, 'text': 'HAD', 'total': 10, 'mispronunciations': array([], dtype=object)}
 {'accuracy': 10, 'phones': array(['DH', 'EH0', 'R'], dtype=object), 'phones-accuracy': array([2., 2., 2.]), 'stress': 10, 'text': 'THEIR', 'total': 10, 'mispronunciations': array([], dtype=object)}
 {'accuracy': 10, 'phones': array(['CH', 'AE0', 'N', 'S'], dtype=object), 'phones-accuracy': array([2. , 1.8, 2. , 2. ]), 'stress': 10, 'text': 'CHANCE', 'total': 10, 'mispronunciations': array([], dtype=object)}
 {'accuracy': 10, 'phones': array(['F', 'AO0'], dtype=object), 'phones-accuracy': array([2., 2.]), 'stress': 10, 'text': 'FOR', 'total': 10, 'mispronunciations': array([], dtype=object)}
 {'accuracy': 10, 'phones': array(['M', 'AH0', 'N', 'TH', 'S'], dtype=object), 'phones-accuracy': array([2. , 2. , 1.8, 2. , 1.8]), 'stress': 10, 'text': 'MONTHS', 'total': 10, 'mispronunciations': array([], dtype=object)}]",2244,f,20,train,022440134,-71.05422778427601
022440134,158,EY1,0.6000000238418579,0.7599999904632568,-39.96100616455078,they,,9,10.0,8,8,8,"[{'accuracy': 10, 'phones': array(['DH', 'EY0'], dtype=object), 'phones-accuracy': array([1.8, 2. ]), 'stress': 10, 'text': 'THEY', 'total': 10, 'mispronunciations': array([], dtype=object)}
 {'accuracy': 10, 'phones': array(['HH', 'AE0', 'V'], dtype=object), 'phones-accuracy': array([2., 2., 2.]), 'stress': 10, 'text': 'HAVE', 'total': 10, 'mispronunciations': array([], dtype=object)}
 {'accuracy': 10, 'phones': array(['HH', 'AE0', 'D'], dtype=object), 'phones-accuracy': array([2., 2., 2.]), 'stress': 10, 'text': 'HAD', 'total': 10, 'mispronunciations': array([], dtype=object)}
 {'accuracy': 10, 'phones': array(['DH', 'EH0', 'R'], dtype=object), 'phones-accuracy': array([2., 2., 2.]), 'stress': 10, 'text': 'THEIR', 'total': 10, 'mispronunciations': array([], dtype=object)}
 {'accuracy': 10, 'phones': array(['CH', 'AE0', 'N', 'S'], dtype=object), 'phones-accuracy': array([2. , 1.8, 2. , 2. ]), 'stress': 10, 'text': 'CHANCE', 'total': 10, 'mispronunciations': array([], dtype=object)}
 {'accuracy': 10, 'phones': array(['F', 'AO0'], dtype=object), 'phones-accuracy': array([2., 2.]), 'stress': 10, 'text': 'FOR', 'total': 10, 'mispronunciations': array([], dtype=object)}
 {'accuracy': 10, 'phones': array(['M', 'AH0', 'N', 'TH', 'S'], dtype=object), 'phones-accuracy': array([2. , 2. , 1.8, 2. , 1.8]), 'stress': 10, 'text': 'MONTHS', 'total': 10, 'mispronunciations': array([], dtype=object)}]",2244,f,20,train,022440134,-39.693900138139725
022440134,159,HH,0.7599999904632568,0.9300000071525574,-48.51424407958984,have,2.0,9,10.0,8,8,8,"[{'accuracy': 10, 'phones': array(['DH', 'EY0'], dtype=object), 'phones-accuracy': array([1.8, 2. ]), 'stress': 10, 'text': 'THEY', 'total': 10, 'mispronunciations': array([], dtype=object)}
 {'accuracy': 10, 'phones': array(['HH', 'AE0', 'V'], dtype=object), 'phones-accuracy': array([2., 2., 2.]), 'stress': 10, 'text': 'HAVE', 'total': 10, 'mispronunciations': array([], dtype=object)}
 {'accuracy': 10, 'phones': array(['HH', 'AE0', 'D'], dtype=object), 'phones-accuracy': array([2., 2., 2.]), 'stress': 10, 'text': 'HAD', 'total': 10, 'mispronunciations': array([], dtype=object)}
 {'accuracy': 10, 'phones': array(['DH', 'EH0', 'R'], dtype=object), 'phones-accuracy': array([2., 2., 2.]), 'stress': 10, 'text': 'THEIR', 'total': 10, 'mispronunciations': array([], dtype=object)}
 {'accuracy': 10, 'phones': array(['CH', 'AE0', 'N', 'S'], dtype=object), 'phones-accuracy': array([2. , 1.8, 2. , 2. ]), 'stress': 10, 'text': 'CHANCE', 'total': 10, 'mispronunciations': array([], dtype=object)}
 {'accuracy': 10, 'phones': array(['F', 'AO0'], dtype=object), 'phones-accuracy': array([2., 2.]), 'stress': 10, 'text': 'FOR', 'total': 10, 'mispronunciations': array([], dtype=object)}
 {'accuracy': 10, 'phones': array(['M', 'AH0', 'N', 'TH', 'S'], dtype=object), 'phones-accuracy': array([2. , 2. , 1.8, 2. , 1.8]), 'stress': 10, 'text': 'MONTHS', 'total': 10, 'mispronunciations': array([], dtype=object)}]",2244,f,20,train,022440134,-48.301459401845925
022440134,160,AE1,0.9300000071525574,1.0199999809265137,-37.95314025878906,have,,9,10.0,8,8,8,"[{'accuracy': 10, 'phones': array(['DH', 'EY0'], dtype=object), 'phones-accuracy': array([1.8, 2. ]), 'stress': 10, 'text': 'THEY', 'total': 10, 'mispronunciations': array([], dtype=object)}
 {'accuracy': 10, 'phones': array(['HH', 'AE0', 'V'], dtype=object), 'phones-accuracy': array([2., 2., 2.]), 'stress': 10, 'text': 'HAVE', 'total': 10, 'mispronunciations': array([], dtype=object)}
 {'accuracy': 10, 'phones': array(['HH', 'AE0', 'D'], dtype=object), 'phones-accuracy': array([2., 2., 2.]), 'stress': 10, 'text': 'HAD', 'total': 10, 'mispronunciations': array([], dtype=object)}
 {'accuracy': 10, 'phones': array(['DH', 'EH0', 'R'], dtype=object), 'phones-accuracy': array([2., 2., 2.]), 'stress': 10, 'text': 'THEIR', 'total': 10, 'mispronunciations': array([], dtype=object)}
 {'accuracy': 10, 'phones': array(['CH', 'AE0', 'N', 'S'], dtype=object), 'phones-accuracy': array([2. , 1.8, 2. , 2. ]), 'stress': 10, 'text': 'CHANCE', 'total': 10, 'mispronunciations': array([], dtype=object)}
 {'accuracy': 10, 'phones': array(['F', 'AO0'], dtype=object), 'phones-accuracy': array([2., 2.]), 'stress': 10, 'text': 'FOR', 'total': 10, 'mispronunciations': array([], dtype=object)}
 {'accuracy': 10, 'phones': array(['M', 'AH0', 'N', 'TH', 'S'], dtype=object), 'phones-accuracy': array([2. , 2. , 1.8, 2. , 1.8]), 'stress': 10, 'text': 'MONTHS', 'total': 10, 'mispronunciations': array([], dtype=object)}]",2244,f,20,train,022440134,-37.736960992217064
022440134,161,V,1.0199999809265137,1.090000033378601,-51.18429946899414,have,2.0,9,10.0,8,8,8,"[{'accuracy': 10, 'phones': array(['DH', 'EY0'], dtype=object), 'phones-accuracy': array([1.8, 2. ]), 'stress': 10, 'text': 'THEY', 'total': 10, 'mispronunciations': array([], dtype=object)}
 {'accuracy': 10, 'phones': array(['HH', 'AE0', 'V'], dtype=object), 'phones-accuracy': array([2., 2., 2.]), 'stress': 10, 'text': 'HAVE', 'total': 10, 'mispronunciations': array([], dtype=object)}
 {'accuracy': 10, 'phones': array(['HH', 'AE0', 'D'], dtype=object), 'phones-accuracy': array([2., 2., 2.]), 'stress': 10, 'text': 'HAD', 'total': 10, 'mispronunciations': array([], dtype=object)}
 {'accuracy': 10, 'phones': array(['DH', 'EH0', 'R'], dtype=object), 'phones-accuracy': array([2., 2., 2.]), 'stress': 10, 'text': 'THEIR', 'total': 10, 'mispronunciations': array([], dtype=object)}
 {'accuracy': 10, 'phones': array(['CH', 'AE0', 'N', 'S'], dtype=object), 'phones-accuracy': array([2. , 1.8, 2. , 2. ]), 'stress': 10, 'text': 'CHANCE', 'total': 10, 'mispronunciations': array([], dtype=object)}
 {'accuracy': 10, 'phones': array(['F', 'AO0'], dtype=object), 'phones-accuracy': array([2., 2.]), 'stress': 10, 'text': 'FOR', 'total': 10, 'mispronunciations': array([], dtype=object)}
 {'accuracy': 10, 'phones': array(['M', 'AH0', 'N', 'TH', 'S'], dtype=object), 'phones-accuracy': array([2. , 2. , 1.8, 2. , 1.8]), 'stress': 10, 'text': 'MONTHS', 'total': 10, 'mispronunciations': array([], dtype=object)}]",2244,f,20,train,022440134,-50.990497544407845
022440134,162,HH,1.090000033378601,1.190000057220459,-48.013282775878906,had,2.0,9,10.0,8,8,8,"[{'accuracy': 10, 'phones': array(['DH', 'EY0'], dtype=object), 'phones-accuracy': array([1.8, 2. ]), 'stress': 10, 'text': 'THEY', 'total': 10, 'mispronunciations': array([], dtype=object)}
 {'accuracy': 10, 'phones': array(['HH', 'AE0', 'V'], dtype=object), 'phones-accuracy': array([2., 2., 2.]), 'stress': 10, 'text': 'HAVE', 'total': 10, 'mispronunciations': array([], dtype=object)}
 {'accuracy': 10, 'phones': array(['HH', 'AE0', 'D'], dtype=object), 'phones-accuracy': array([2., 2., 2.]), 'stress': 10, 'text': 'HAD', 'total': 10, 'mispronunciations': array([], dtype=object)}
 {'accuracy': 10, 'phones': array(['DH', 'EH0', 'R'], dtype=object), 'phones-accuracy': array([2., 2., 2.]), 'stress': 10, 'text': 'THEIR', 'total': 10, 'mispronunciations': array([], dtype=object)}
 {'accuracy': 10, 'phones': array(['CH', 'AE0', 'N', 'S'], dtype=object), 'phones-accuracy': array([2. , 1.8, 2. , 2. ]), 'stress': 10, 'text': 'CHANCE', 'total': 10, 'mispronunciations': array([], dtype=object)}
 {'accuracy': 10, 'phones': array(['F', 'AO0'], dtype=object), 'phones-accuracy': array([2., 2.]), 'stress': 10, 'text': 'FOR', 'total': 10, 'mispronunciations': array([], dtype=object)}
 {'accuracy': 10, 'phones': array(['M', 'AH0', 'N', 'TH', 'S'], dtype=object), 'phones-accuracy': array([2. , 2. , 1.8, 2. , 1.8]), 'stress': 10, 'text': 'MONTHS', 'total': 10, 'mispronunciations': array([], dtype=object)}]",2244,f,20,train,022440134,-47.86229845881462
022440134,163,AE1,1.190000057220459,1.2799999713897705,-41.07920837402344,had,,9,10.0,8,8,8,"[{'accuracy': 10, 'phones': array(['DH', 'EY0'], dtype=object), 'phones-accuracy': array([1.8, 2. ]), 'stress': 10, 'text': 'THEY', 'total': 10, 'mispronunciations': array([], dtype=object)}
 {'accuracy': 10, 'phones': array(['HH', 'AE0', 'V'], dtype=object), 'phones-accuracy': array([2., 2., 2.]), 'stress': 10, 'text': 'HAVE', 'total': 10, 'mispronunciations': array([], dtype=object)}
 {'accuracy': 10, 'phones': array(['HH', 'AE0', 'D'], dtype=object), 'phones-accuracy': array([2., 2., 2.]), 'stress': 10, 'text': 'HAD', 'total': 10, 'mispronunciations': array([], dtype=object)}
 {'accuracy': 10, 'phones': array(['DH', 'EH0', 'R'], dtype=object), 'phones-accuracy': array([2., 2., 2.]), 'stress': 10, 'text': 'THEIR', 'total': 10, 'mispronunciations': array([], dtype=object)}
 {'accuracy': 10, 'phones': array(['CH', 'AE0', 'N', 'S'], dtype=object), 'phones-accuracy': array([2. , 1.8, 2. , 2. ]), 'stress': 10, 'text': 'CHANCE', 'total': 10, 'mispronunciations': array([], dtype=object)}
 {'accuracy': 10, 'phones': array(['F', 'AO0'], dtype=object), 'phones-accuracy': array([2., 2.]), 'stress': 10, 'text': 'FOR', 'total': 10, 'mispronunciations': array([], dtype=object)}
 {'accuracy': 10, 'phones': array(['M', 'AH0', 'N', 'TH', 'S'], dtype=object), 'phones-accuracy': array([2. , 2. , 1.8, 2. , 1.8]), 'stress': 10, 'text': 'MONTHS', 'total': 10, 'mispronunciations': array([], dtype=object)}]",2244,f,20,train,022440134,-40.93645520508289
022440134,164,D,1.2799999713897705,1.4199999570846558,-60.220829010009766,had,2.0,9,10.0,8,8,8,"[{'accuracy': 10, 'phones': array(['DH', 'EY0'], dtype=object), 'phones-accuracy': array([1.8, 2. ]), 'stress': 10, 'text': 'THEY', 'total': 10, 'mispronunciations': array([], dtype=object)}
 {'accuracy': 10, 'phones': array(['HH', 'AE0', 'V'], dtype=object), 'phones-accuracy': array([2., 2., 2.]), 'stress': 10, 'text': 'HAVE', 'total': 10, 'mispronunciations': array([], dtype=object)}
 {'accuracy': 10, 'phones': array(['HH', 'AE0', 'D'], dtype=object), 'phones-accuracy': array([2., 2., 2.]), 'stress': 10, 'text': 'HAD', 'total': 10, 'mispronunciations': array([], dtype=object)}
 {'accuracy': 10, 'phones': array(['DH', 'EH0', 'R'], dtype=object), 'phones-accuracy': array([2., 2., 2.]), 'stress': 10, 'text': 'THEIR', 'total': 10, 'mispronunciations': array([], dtype=object)}
 {'accuracy': 10, 'phones': array(['CH', 'AE0', 'N', 'S'], dtype=object), 'phones-accuracy': array([2. , 1.8, 2. , 2. ]), 'stress': 10, 'text': 'CHANCE', 'total': 10, 'mispronunciations': array([], dtype=object)}
 {'accuracy': 10, 'phones': array(['F', 'AO0'], dtype=object), 'phones-accuracy': array([2., 2.]), 'stress': 10, 'text': 'FOR', 'total': 10, 'mispronunciations': array([], dtype=object)}
 {'accuracy': 10, 'phones': array(['M', 'AH0', 'N', 'TH', 'S'], dtype=object), 'phones-accuracy': array([2. , 2. , 1.8, 2. , 1.8]), 'stress': 10, 'text': 'MONTHS', 'total': 10, 'mispronunciations': array([], dtype=object)}]",2244,f,20,train,022440134,-60.07468540966511
022440134,165,DH,1.4199999570846558,1.4500000476837158,-57.33203125,their,1.8,9,10.0,8,8,8,"[{'accuracy': 10, 'phones': array(['DH', 'EY0'], dtype=object), 'phones-accuracy': array([1.8, 2. ]), 'stress': 10, 'text': 'THEY', 'total': 10, 'mispronunciations': array([], dtype=object)}
 {'accuracy': 10, 'phones': array(['HH', 'AE0', 'V'], dtype=object), 'phones-accuracy': array([2., 2., 2.]), 'stress': 10, 'text': 'HAVE', 'total': 10, 'mispronunciations': array([], dtype=object)}
 {'accuracy': 10, 'phones': array(['HH', 'AE0', 'D'], dtype=object), 'phones-accuracy': array([2., 2., 2.]), 'stress': 10, 'text': 'HAD', 'total': 10, 'mispronunciations': array([], dtype=object)}
 {'accuracy': 10, 'phones': array(['DH', 'EH0', 'R'], dtype=object), 'phones-accuracy': array([2., 2., 2.]), 'stress': 10, 'text': 'THEIR', 'total': 10, 'mispronunciations': array([], dtype=object)}
 {'accuracy': 10, 'phones': array(['CH', 'AE0', 'N', 'S'], dtype=object), 'phones-accuracy': array([2. , 1.8, 2. , 2. ]), 'stress': 10, 'text': 'CHANCE', 'total': 10, 'mispronunciations': array([], dtype=object)}
 {'accuracy': 10, 'phones': array(['F', 'AO0'], dtype=object), 'phones-accuracy': array([2., 2.]), 'stress': 10, 'text': 'FOR', 'total': 10, 'mispronunciations': array([], dtype=object)}
 {'accuracy': 10, 'phones': array(['M', 'AH0', 'N', 'TH', 'S'], dtype=object), 'phones-accuracy': array([2. , 2. , 1.8, 2. , 1.8]), 'stress': 10, 'text': 'MONTHS', 'total': 10, 'mispronunciations': array([], dtype=object)}]",2244,f,20,train,022440134,-57.168310940265656
022440134,166,EH1,1.4500000476837158,1.5499999523162842,-33.14420318603516,their,,9,10.0,8,8,8,"[{'accuracy': 10, 'phones': array(['DH', 'EY0'], dtype=object), 'phones-accuracy': array([1.8, 2. ]), 'stress': 10, 'text': 'THEY', 'total': 10, 'mispronunciations': array([], dtype=object)}
 {'accuracy': 10, 'phones': array(['HH', 'AE0', 'V'], dtype=object), 'phones-accuracy': array([2., 2., 2.]), 'stress': 10, 'text': 'HAVE', 'total': 10, 'mispronunciations': array([], dtype=object)}
 {'accuracy': 10, 'phones': array(['HH', 'AE0', 'D'], dtype=object), 'phones-accuracy': array([2., 2., 2.]), 'stress': 10, 'text': 'HAD', 'total': 10, 'mispronunciations': array([], dtype=object)}
 {'accuracy': 10, 'phones': array(['DH', 'EH0', 'R'], dtype=object), 'phones-accuracy': array([2., 2., 2.]), 'stress': 10, 'text': 'THEIR', 'total': 10, 'mispronunciations': array([], dtype=object)}
 {'accuracy': 10, 'phones': array(['CH', 'AE0', 'N', 'S'], dtype=object), 'phones-accuracy': array([2. , 1.8, 2. , 2. ]), 'stress': 10, 'text': 'CHANCE', 'total': 10, 'mispronunciations': array([], dtype=object)}
 {'accuracy': 10, 'phones': array(['F', 'AO0'], dtype=object), 'phones-accuracy': array([2., 2.]), 'stress': 10, 'text': 'FOR', 'total': 10, 'mispronunciations': array([], dtype=object)}
 {'accuracy': 10, 'phones': array(['M', 'AH0', 'N', 'TH', 'S'], dtype=object), 'phones-accuracy': array([2. , 2. , 1.8, 2. , 1.8]), 'stress': 10, 'text': 'MONTHS', 'total': 10, 'mispronunciations': array([], dtype=object)}]",2244,f,20,train,022440134,-32.79483482241631
022440134,167,R,1.5499999523162842,1.5800000429153442,-42.58380889892578,their,2.0,9,10.0,8,8,8,"[{'accuracy': 10, 'phones': array(['DH', 'EY0'], dtype=object), 'phones-accuracy': array([1.8, 2. ]), 'stress': 10, 'text': 'THEY', 'total': 10, 'mispronunciations': array([], dtype=object)}
 {'accuracy': 10, 'phones': array(['HH', 'AE0', 'V'], dtype=object), 'phones-accuracy': array([2., 2., 2.]), 'stress': 10, 'text': 'HAVE', 'total': 10, 'mispronunciations': array([], dtype=object)}
 {'accuracy': 10, 'phones': array(['HH', 'AE0', 'D'], dtype=object), 'phones-accuracy': array([2., 2., 2.]), 'stress': 10, 'text': 'HAD', 'total': 10, 'mispronunciations': array([], dtype=object)}
 {'accuracy': 10, 'phones': array(['DH', 'EH0', 'R'], dtype=object), 'phones-accuracy': array([2., 2., 2.]), 'stress': 10, 'text': 'THEIR', 'total': 10, 'mispronunciations': array([], dtype=object)}
 {'accuracy': 10, 'phones': array(['CH', 'AE0', 'N', 'S'], dtype=object), 'phones-accuracy': array([2. , 1.8, 2. , 2. ]), 'stress': 10, 'text': 'CHANCE', 'total': 10, 'mispronunciations': array([], dtype=object)}
 {'accuracy': 10, 'phones': array(['F', 'AO0'], dtype=object), 'phones-accuracy': array([2., 2.]), 'stress': 10, 'text': 'FOR', 'total': 10, 'mispronunciations': array([], dtype=object)}
 {'accuracy': 10, 'phones': array(['M', 'AH0', 'N', 'TH', 'S'], dtype=object), 'phones-accuracy': array([2. , 2. , 1.8, 2. , 1.8]), 'stress': 10, 'text': 'MONTHS', 'total': 10, 'mispronunciations': array([], dtype=object)}]",2244,f,20,train,022440134,-42.3400639295578
022440134,168,CH,1.5800000429153442,1.7699999809265137,-58.23336791992188,chance,2.0,9,10.0,8,8,8,"[{'accuracy': 10, 'phones': array(['DH', 'EY0'], dtype=object), 'phones-accuracy': array([1.8, 2. ]), 'stress': 10, 'text': 'THEY', 'total': 10, 'mispronunciations': array([], dtype=object)}
 {'accuracy': 10, 'phones': array(['HH', 'AE0', 'V'], dtype=object), 'phones-accuracy': array([2., 2., 2.]), 'stress': 10, 'text': 'HAVE', 'total': 10, 'mispronunciations': array([], dtype=object)}
 {'accuracy': 10, 'phones': array(['HH', 'AE0', 'D'], dtype=object), 'phones-accuracy': array([2., 2., 2.]), 'stress': 10, 'text': 'HAD', 'total': 10, 'mispronunciations': array([], dtype=object)}
 {'accuracy': 10, 'phones': array(['DH', 'EH0', 'R'], dtype=object), 'phones-accuracy': array([2., 2., 2.]), 'stress': 10, 'text': 'THEIR', 'total': 10, 'mispronunciations': array([], dtype=object)}
 {'accuracy': 10, 'phones': array(['CH', 'AE0', 'N', 'S'], dtype=object), 'phones-accuracy': array([2. , 1.8, 2. , 2. ]), 'stress': 10, 'text': 'CHANCE', 'total': 10, 'mispronunciations': array([], dtype=object)}
 {'accuracy': 10, 'phones': array(['F', 'AO0'], dtype=object), 'phones-accuracy': array([2., 2.]), 'stress': 10, 'text': 'FOR', 'total': 10, 'mispronunciations': array([], dtype=object)}
 {'accuracy': 10, 'phones': array(['M', 'AH0', 'N', 'TH', 'S'], dtype=object), 'phones-accuracy': array([2. , 2. , 1.8, 2. , 1.8]), 'stress': 10, 'text': 'MONTHS', 'total': 10, 'mispronunciations': array([], dtype=object)}]",2244,f,20,train,022440134,-57.897500097751625
022440134,169,AE1,1.7699999809265137,1.919999957084656,-50.48477554321289,chance,,9,10.0,8,8,8,"[{'accuracy': 10, 'phones': array(['DH', 'EY0'], dtype=object), 'phones-accuracy': array([1.8, 2. ]), 'stress': 10, 'text': 'THEY', 'total': 10, 'mispronunciations': array([], dtype=object)}
 {'accuracy': 10, 'phones': array(['HH', 'AE0', 'V'], dtype=object), 'phones-accuracy': array([2., 2., 2.]), 'stress': 10, 'text': 'HAVE', 'total': 10, 'mispronunciations': array([], dtype=object)}
 {'accuracy': 10, 'phones': array(['HH', 'AE0', 'D'], dtype=object), 'phones-accuracy': array([2., 2., 2.]), 'stress': 10, 'text': 'HAD', 'total': 10, 'mispronunciations': array([], dtype=object)}
 {'accuracy': 10, 'phones': array(['DH', 'EH0', 'R'], dtype=object), 'phones-accuracy': array([2., 2., 2.]), 'stress': 10, 'text': 'THEIR', 'total': 10, 'mispronunciations': array([], dtype=object)}
 {'accuracy': 10, 'phones': array(['CH', 'AE0', 'N', 'S'], dtype=object), 'phones-accuracy': array([2. , 1.8, 2. , 2. ]), 'stress': 10, 'text': 'CHANCE', 'total': 10, 'mispronunciations': array([], dtype=object)}
 {'accuracy': 10, 'phones': array(['F', 'AO0'], dtype=object), 'phones-accuracy': array([2., 2.]), 'stress': 10, 'text': 'FOR', 'total': 10, 'mispronunciations': array([], dtype=object)}
 {'accuracy': 10, 'phones': array(['M', 'AH0', 'N', 'TH', 'S'], dtype=object), 'phones-accuracy': array([2. , 2. , 1.8, 2. , 1.8]), 'stress': 10, 'text': 'MONTHS', 'total': 10, 'mispronunciations': array([], dtype=object)}]",2244,f,20,train,022440134,-50.350280076265335
022440134,170,N,1.919999957084656,1.950000047683716,-51.67375564575195,chance,2.0,9,10.0,8,8,8,"[{'accuracy': 10, 'phones': array(['DH', 'EY0'], dtype=object), 'phones-accuracy': array([1.8, 2. ]), 'stress': 10, 'text': 'THEY', 'total': 10, 'mispronunciations': array([], dtype=object)}
 {'accuracy': 10, 'phones': array(['HH', 'AE0', 'V'], dtype=object), 'phones-accuracy': array([2., 2., 2.]), 'stress': 10, 'text': 'HAVE', 'total': 10, 'mispronunciations': array([], dtype=object)}
 {'accuracy': 10, 'phones': array(['HH', 'AE0', 'D'], dtype=object), 'phones-accuracy': array([2., 2., 2.]), 'stress': 10, 'text': 'HAD', 'total': 10, 'mispronunciations': array([], dtype=object)}
 {'accuracy': 10, 'phones': array(['DH', 'EH0', 'R'], dtype=object), 'phones-accuracy': array([2., 2., 2.]), 'stress': 10, 'text': 'THEIR', 'total': 10, 'mispronunciations': array([], dtype=object)}
 {'accuracy': 10, 'phones': array(['CH', 'AE0', 'N', 'S'], dtype=object), 'phones-accuracy': array([2. , 1.8, 2. , 2. ]), 'stress': 10, 'text': 'CHANCE', 'total': 10, 'mispronunciations': array([], dtype=object)}
 {'accuracy': 10, 'phones': array(['F', 'AO0'], dtype=object), 'phones-accuracy': array([2., 2.]), 'stress': 10, 'text': 'FOR', 'total': 10, 'mispronunciations': array([], dtype=object)}
 {'accuracy': 10, 'phones': array(['M', 'AH0', 'N', 'TH', 'S'], dtype=object), 'phones-accuracy': array([2. , 2. , 1.8, 2. , 1.8]), 'stress': 10, 'text': 'MONTHS', 'total': 10, 'mispronunciations': array([], dtype=object)}]",2244,f,20,train,022440134,-51.42545931041241
022440134,171,S,1.950000047683716,2.0899999141693115,-50.75586318969727,chance,2.0,9,10.0,8,8,8,"[{'accuracy': 10, 'phones': array(['DH', 'EY0'], dtype=object), 'phones-accuracy': array([1.8, 2. ]), 'stress': 10, 'text': 'THEY', 'total': 10, 'mispronunciations': array([], dtype=object)}
 {'accuracy': 10, 'phones': array(['HH', 'AE0', 'V'], dtype=object), 'phones-accuracy': array([2., 2., 2.]), 'stress': 10, 'text': 'HAVE', 'total': 10, 'mispronunciations': array([], dtype=object)}
 {'accuracy': 10, 'phones': array(['HH', 'AE0', 'D'], dtype=object), 'phones-accuracy': array([2., 2., 2.]), 'stress': 10, 'text': 'HAD', 'total': 10, 'mispronunciations': array([], dtype=object)}
 {'accuracy': 10, 'phones': array(['DH', 'EH0', 'R'], dtype=object), 'phones-accuracy': array([2., 2., 2.]), 'stress': 10, 'text': 'THEIR', 'total': 10, 'mispronunciations': array([], dtype=object)}
 {'accuracy': 10, 'phones': array(['CH', 'AE0', 'N', 'S'], dtype=object), 'phones-accuracy': array([2. , 1.8, 2. , 2. ]), 'stress': 10, 'text': 'CHANCE', 'total': 10, 'mispronunciations': array([], dtype=object)}
 {'accuracy': 10, 'phones': array(['F', 'AO0'], dtype=object), 'phones-accuracy': array([2., 2.]), 'stress': 10, 'text': 'FOR', 'total': 10, 'mispronunciations': array([], dtype=object)}
 {'accuracy': 10, 'phones': array(['M', 'AH0', 'N', 'TH', 'S'], dtype=object), 'phones-accuracy': array([2. , 2. , 1.8, 2. , 1.8]), 'stress': 10, 'text': 'MONTHS', 'total': 10, 'mispronunciations': array([], dtype=object)}]",2244,f,20,train,022440134,-50.55278234183789
022440134,172,F,2.0899999141693115,2.200000047683716,-53.97817611694336,for,2.0,9,10.0,8,8,8,"[{'accuracy': 10, 'phones': array(['DH', 'EY0'], dtype=object), 'phones-accuracy': array([1.8, 2. ]), 'stress': 10, 'text': 'THEY', 'total': 10, 'mispronunciations': array([], dtype=object)}
 {'accuracy': 10, 'phones': array(['HH', 'AE0', 'V'], dtype=object), 'phones-accuracy': array([2., 2., 2.]), 'stress': 10, 'text': 'HAVE', 'total': 10, 'mispronunciations': array([], dtype=object)}
 {'accuracy': 10, 'phones': array(['HH', 'AE0', 'D'], dtype=object), 'phones-accuracy': array([2., 2., 2.]), 'stress': 10, 'text': 'HAD', 'total': 10, 'mispronunciations': array([], dtype=object)}
 {'accuracy': 10, 'phones': array(['DH', 'EH0', 'R'], dtype=object), 'phones-accuracy': array([2., 2., 2.]), 'stress': 10, 'text': 'THEIR', 'total': 10, 'mispronunciations': array([], dtype=object)}
 {'accuracy': 10, 'phones': array(['CH', 'AE0', 'N', 'S'], dtype=object), 'phones-accuracy': array([2. , 1.8, 2. , 2. ]), 'stress': 10, 'text': 'CHANCE', 'total': 10, 'mispronunciations': array([], dtype=object)}
 {'accuracy': 10, 'phones': array(['F', 'AO0'], dtype=object), 'phones-accuracy': array([2., 2.]), 'stress': 10, 'text': 'FOR', 'total': 10, 'mispronunciations': array([], dtype=object)}
 {'accuracy': 10, 'phones': array(['M', 'AH0', 'N', 'TH', 'S'], dtype=object), 'phones-accuracy': array([2. , 2. , 1.8, 2. , 1.8]), 'stress': 10, 'text': 'MONTHS', 'total': 10, 'mispronunciations': array([], dtype=object)}]",2244,f,20,train,022440134,-53.86024961620569
022440134,173,R,2.200000047683716,2.2300000190734863,-55.32618713378906,for,2.0,9,10.0,8,8,8,"[{'accuracy': 10, 'phones': array(['DH', 'EY0'], dtype=object), 'phones-accuracy': array([1.8, 2. ]), 'stress': 10, 'text': 'THEY', 'total': 10, 'mispronunciations': array([], dtype=object)}
 {'accuracy': 10, 'phones': array(['HH', 'AE0', 'V'], dtype=object), 'phones-accuracy': array([2., 2., 2.]), 'stress': 10, 'text': 'HAVE', 'total': 10, 'mispronunciations': array([], dtype=object)}
 {'accuracy': 10, 'phones': array(['HH', 'AE0', 'D'], dtype=object), 'phones-accuracy': array([2., 2., 2.]), 'stress': 10, 'text': 'HAD', 'total': 10, 'mispronunciations': array([], dtype=object)}
 {'accuracy': 10, 'phones': array(['DH', 'EH0', 'R'], dtype=object), 'phones-accuracy': array([2., 2., 2.]), 'stress': 10, 'text': 'THEIR', 'total': 10, 'mispronunciations': array([], dtype=object)}
 {'accuracy': 10, 'phones': array(['CH', 'AE0', 'N', 'S'], dtype=object), 'phones-accuracy': array([2. , 1.8, 2. , 2. ]), 'stress': 10, 'text': 'CHANCE', 'total': 10, 'mispronunciations': array([], dtype=object)}
 {'accuracy': 10, 'phones': array(['F', 'AO0'], dtype=object), 'phones-accuracy': array([2., 2.]), 'stress': 10, 'text': 'FOR', 'total': 10, 'mispronunciations': array([], dtype=object)}
 {'accuracy': 10, 'phones': array(['M', 'AH0', 'N', 'TH', 'S'], dtype=object), 'phones-accuracy': array([2. , 2. , 1.8, 2. , 1.8]), 'stress': 10, 'text': 'MONTHS', 'total': 10, 'mispronunciations': array([], dtype=object)}]",2244,f,20,train,022440134,-55.19333350658417
022440134,174,ER0,2.2300000190734863,2.2799999713897705,-41.090362548828125,for,,9,10.0,8,8,8,"[{'accuracy': 10, 'phones': array(['DH', 'EY0'], dtype=object), 'phones-accuracy': array([1.8, 2. ]), 'stress': 10, 'text': 'THEY', 'total': 10, 'mispronunciations': array([], dtype=object)}
 {'accuracy': 10, 'phones': array(['HH', 'AE0', 'V'], dtype=object), 'phones-accuracy': array([2., 2., 2.]), 'stress': 10, 'text': 'HAVE', 'total': 10, 'mispronunciations': array([], dtype=object)}
 {'accuracy': 10, 'phones': array(['HH', 'AE0', 'D'], dtype=object), 'phones-accuracy': array([2., 2., 2.]), 'stress': 10, 'text': 'HAD', 'total': 10, 'mispronunciations': array([], dtype=object)}
 {'accuracy': 10, 'phones': array(['DH', 'EH0', 'R'], dtype=object), 'phones-accuracy': array([2., 2., 2.]), 'stress': 10, 'text': 'THEIR', 'total': 10, 'mispronunciations': array([], dtype=object)}
 {'accuracy': 10, 'phones': array(['CH', 'AE0', 'N', 'S'], dtype=object), 'phones-accuracy': array([2. , 1.8, 2. , 2. ]), 'stress': 10, 'text': 'CHANCE', 'total': 10, 'mispronunciations': array([], dtype=object)}
 {'accuracy': 10, 'phones': array(['F', 'AO0'], dtype=object), 'phones-accuracy': array([2., 2.]), 'stress': 10, 'text': 'FOR', 'total': 10, 'mispronunciations': array([], dtype=object)}
 {'accuracy': 10, 'phones': array(['M', 'AH0', 'N', 'TH', 'S'], dtype=object), 'phones-accuracy': array([2. , 2. , 1.8, 2. , 1.8]), 'stress': 10, 'text': 'MONTHS', 'total': 10, 'mispronunciations': array([], dtype=object)}]",2244,f,20,train,022440134,-40.925035148859024
022440134,175,M,2.2799999713897705,2.380000114440918,-38.54713821411133,months,2.0,9,10.0,8,8,8,"[{'accuracy': 10, 'phones': array(['DH', 'EY0'], dtype=object), 'phones-accuracy': array([1.8, 2. ]), 'stress': 10, 'text': 'THEY', 'total': 10, 'mispronunciations': array([], dtype=object)}
 {'accuracy': 10, 'phones': array(['HH', 'AE0', 'V'], dtype=object), 'phones-accuracy': array([2., 2., 2.]), 'stress': 10, 'text': 'HAVE', 'total': 10, 'mispronunciations': array([], dtype=object)}
 {'accuracy': 10, 'phones': array(['HH', 'AE0', 'D'], dtype=object), 'phones-accuracy': array([2., 2., 2.]), 'stress': 10, 'text': 'HAD', 'total': 10, 'mispronunciations': array([], dtype=object)}
 {'accuracy': 10, 'phones': array(['DH', 'EH0', 'R'], dtype=object), 'phones-accuracy': array([2., 2., 2.]), 'stress': 10, 'text': 'THEIR', 'total': 10, 'mispronunciations': array([], dtype=object)}
 {'accuracy': 10, 'phones': array(['CH', 'AE0', 'N', 'S'], dtype=object), 'phones-accuracy': array([2. , 1.8, 2. , 2. ]), 'stress': 10, 'text': 'CHANCE', 'total': 10, 'mispronunciations': array([], dtype=object)}
 {'accuracy': 10, 'phones': array(['F', 'AO0'], dtype=object), 'phones-accuracy': array([2., 2.]), 'stress': 10, 'text': 'FOR', 'total': 10, 'mispronunciations': array([], dtype=object)}
 {'accuracy': 10, 'phones': array(['M', 'AH0', 'N', 'TH', 'S'], dtype=object), 'phones-accuracy': array([2. , 2. , 1.8, 2. , 1.8]), 'stress': 10, 'text': 'MONTHS', 'total': 10, 'mispronunciations': array([], dtype=object)}]",2244,f,20,train,022440134,-38.35321320593357
022440134,176,AH1,2.380000114440918,2.539999961853028,-47.53600311279297,months,,9,10.0,8,8,8,"[{'accuracy': 10, 'phones': array(['DH', 'EY0'], dtype=object), 'phones-accuracy': array([1.8, 2. ]), 'stress': 10, 'text': 'THEY', 'total': 10, 'mispronunciations': array([], dtype=object)}
 {'accuracy': 10, 'phones': array(['HH', 'AE0', 'V'], dtype=object), 'phones-accuracy': array([2., 2., 2.]), 'stress': 10, 'text': 'HAVE', 'total': 10, 'mispronunciations': array([], dtype=object)}
 {'accuracy': 10, 'phones': array(['HH', 'AE0', 'D'], dtype=object), 'phones-accuracy': array([2., 2., 2.]), 'stress': 10, 'text': 'HAD', 'total': 10, 'mispronunciations': array([], dtype=object)}
 {'accuracy': 10, 'phones': array(['DH', 'EH0', 'R'], dtype=object), 'phones-accuracy': array([2., 2., 2.]), 'stress': 10, 'text': 'THEIR', 'total': 10, 'mispronunciations': array([], dtype=object)}
 {'accuracy': 10, 'phones': array(['CH', 'AE0', 'N', 'S'], dtype=object), 'phones-accuracy': array([2. , 1.8, 2. , 2. ]), 'stress': 10, 'text': 'CHANCE', 'total': 10, 'mispronunciations': array([], dtype=object)}
 {'accuracy': 10, 'phones': array(['F', 'AO0'], dtype=object), 'phones-accuracy': array([2., 2.]), 'stress': 10, 'text': 'FOR', 'total': 10, 'mispronunciations': array([], dtype=object)}
 {'accuracy': 10, 'phones': array(['M', 'AH0', 'N', 'TH', 'S'], dtype=object), 'phones-accuracy': array([2. , 2. , 1.8, 2. , 1.8]), 'stress': 10, 'text': 'MONTHS', 'total': 10, 'mispronunciations': array([], dtype=object)}]",2244,f,20,train,022440134,-46.59335118532181
022440134,177,N,2.539999961853028,2.569999933242798,-61.334808349609375,months,2.0,9,10.0,8,8,8,"[{'accuracy': 10, 'phones': array(['DH', 'EY0'], dtype=object), 'phones-accuracy': array([1.8, 2. ]), 'stress': 10, 'text': 'THEY', 'total': 10, 'mispronunciations': array([], dtype=object)}
 {'accuracy': 10, 'phones': array(['HH', 'AE0', 'V'], dtype=object), 'phones-accuracy': array([2., 2., 2.]), 'stress': 10, 'text': 'HAVE', 'total': 10, 'mispronunciations': array([], dtype=object)}
 {'accuracy': 10, 'phones': array(['HH', 'AE0', 'D'], dtype=object), 'phones-accuracy': array([2., 2., 2.]), 'stress': 10, 'text': 'HAD', 'total': 10, 'mispronunciations': array([], dtype=object)}
 {'accuracy': 10, 'phones': array(['DH', 'EH0', 'R'], dtype=object), 'phones-accuracy': array([2., 2., 2.]), 'stress': 10, 'text': 'THEIR', 'total': 10, 'mispronunciations': array([], dtype=object)}
 {'accuracy': 10, 'phones': array(['CH', 'AE0', 'N', 'S'], dtype=object), 'phones-accuracy': array([2. , 1.8, 2. , 2. ]), 'stress': 10, 'text': 'CHANCE', 'total': 10, 'mispronunciations': array([], dtype=object)}
 {'accuracy': 10, 'phones': array(['F', 'AO0'], dtype=object), 'phones-accuracy': array([2., 2.]), 'stress': 10, 'text': 'FOR', 'total': 10, 'mispronunciations': array([], dtype=object)}
 {'accuracy': 10, 'phones': array(['M', 'AH0', 'N', 'TH', 'S'], dtype=object), 'phones-accuracy': array([2. , 2. , 1.8, 2. , 1.8]), 'stress': 10, 'text': 'MONTHS', 'total': 10, 'mispronunciations': array([], dtype=object)}]",2244,f,20,train,022440134,-61.11870628595352
022440134,178,TH,2.569999933242798,2.5999999046325684,-62.03261947631836,months,2.0,9,10.0,8,8,8,"[{'accuracy': 10, 'phones': array(['DH', 'EY0'], dtype=object), 'phones-accuracy': array([1.8, 2. ]), 'stress': 10, 'text': 'THEY', 'total': 10, 'mispronunciations': array([], dtype=object)}
 {'accuracy': 10, 'phones': array(['HH', 'AE0', 'V'], dtype=object), 'phones-accuracy': array([2., 2., 2.]), 'stress': 10, 'text': 'HAVE', 'total': 10, 'mispronunciations': array([], dtype=object)}
 {'accuracy': 10, 'phones': array(['HH', 'AE0', 'D'], dtype=object), 'phones-accuracy': array([2., 2., 2.]), 'stress': 10, 'text': 'HAD', 'total': 10, 'mispronunciations': array([], dtype=object)}
 {'accuracy': 10, 'phones': array(['DH', 'EH0', 'R'], dtype=object), 'phones-accuracy': array([2., 2., 2.]), 'stress': 10, 'text': 'THEIR', 'total': 10, 'mispronunciations': array([], dtype=object)}
 {'accuracy': 10, 'phones': array(['CH', 'AE0', 'N', 'S'], dtype=object), 'phones-accuracy': array([2. , 1.8, 2. , 2. ]), 'stress': 10, 'text': 'CHANCE', 'total': 10, 'mispronunciations': array([], dtype=object)}
 {'accuracy': 10, 'phones': array(['F', 'AO0'], dtype=object), 'phones-accuracy': array([2., 2.]), 'stress': 10, 'text': 'FOR', 'total': 10, 'mispronunciations': array([], dtype=object)}
 {'accuracy': 10, 'phones': array(['M', 'AH0', 'N', 'TH', 'S'], dtype=object), 'phones-accuracy': array([2. , 2. , 1.8, 2. , 1.8]), 'stress': 10, 'text': 'MONTHS', 'total': 10, 'mispronunciations': array([], dtype=object)}]",2244,f,20,train,022440134,-61.82010926306248
022440134,179,S,2.5999999046325684,2.880000114440918,-54.82256317138672,months,2.0,9,10.0,8,8,8,"[{'accuracy': 10, 'phones': array(['DH', 'EY0'], dtype=object), 'phones-accuracy': array([1.8, 2. ]), 'stress': 10, 'text': 'THEY', 'total': 10, 'mispronunciations': array([], dtype=object)}
 {'accuracy': 10, 'phones': array(['HH', 'AE0', 'V'], dtype=object), 'phones-accuracy': array([2., 2., 2.]), 'stress': 10, 'text': 'HAVE', 'total': 10, 'mispronunciations': array([], dtype=object)}
 {'accuracy': 10, 'phones': array(['HH', 'AE0', 'D'], dtype=object), 'phones-accuracy': array([2., 2., 2.]), 'stress': 10, 'text': 'HAD', 'total': 10, 'mispronunciations': array([], dtype=object)}
 {'accuracy': 10, 'phones': array(['DH', 'EH0', 'R'], dtype=object), 'phones-accuracy': array([2., 2., 2.]), 'stress': 10, 'text': 'THEIR', 'total': 10, 'mispronunciations': array([], dtype=object)}
 {'accuracy': 10, 'phones': array(['CH', 'AE0', 'N', 'S'], dtype=object), 'phones-accuracy': array([2. , 1.8, 2. , 2. ]), 'stress': 10, 'text': 'CHANCE', 'total': 10, 'mispronunciations': array([], dtype=object)}
 {'accuracy': 10, 'phones': array(['F', 'AO0'], dtype=object), 'phones-accuracy': array([2., 2.]), 'stress': 10, 'text': 'FOR', 'total': 10, 'mispronunciations': array([], dtype=object)}
 {'accuracy': 10, 'phones': array(['M', 'AH0', 'N', 'TH', 'S'], dtype=object), 'phones-accuracy': array([2. , 2. , 1.8, 2. , 1.8]), 'stress': 10, 'text': 'MONTHS', 'total': 10, 'mispronunciations': array([], dtype=object)}]",2244,f,20,train,022440134,-54.74508409947157
022440134,180,sil,2.880000114440918,3.686000108718872,-39.97946166992188,<eps>,,9,10.0,8,8,8,"[{'accuracy': 10, 'phones': array(['DH', 'EY0'], dtype=object), 'phones-accuracy': array([1.8, 2. ]), 'stress': 10, 'text': 'THEY', 'total': 10, 'mispronunciations': array([], dtype=object)}
 {'accuracy': 10, 'phones': array(['HH', 'AE0', 'V'], dtype=object), 'phones-accuracy': array([2., 2., 2.]), 'stress': 10, 'text': 'HAVE', 'total': 10, 'mispronunciations': array([], dtype=object)}
 {'accuracy': 10, 'phones': array(['HH', 'AE0', 'D'], dtype=object), 'phones-accuracy': array([2., 2., 2.]), 'stress': 10, 'text': 'HAD', 'total': 10, 'mispronunciations': array([], dtype=object)}
 {'accuracy': 10, 'phones': array(['DH', 'EH0', 'R'], dtype=object), 'phones-accuracy': array([2., 2., 2.]), 'stress': 10, 'text': 'THEIR', 'total': 10, 'mispronunciations': array([], dtype=object)}
 {'accuracy': 10, 'phones': array(['CH', 'AE0', 'N', 'S'], dtype=object), 'phones-accuracy': array([2. , 1.8, 2. , 2. ]), 'stress': 10, 'text': 'CHANCE', 'total': 10, 'mispronunciations': array([], dtype=object)}
 {'accuracy': 10, 'phones': array(['F', 'AO0'], dtype=object), 'phones-accuracy': array([2., 2.]), 'stress': 10, 'text': 'FOR', 'total': 10, 'mispronunciations': array([], dtype=object)}
 {'accuracy': 10, 'phones': array(['M', 'AH0', 'N', 'TH', 'S'], dtype=object), 'phones-accuracy': array([2. , 2. , 1.8, 2. , 1.8]), 'stress': 10, 'text': 'MONTHS', 'total': 10, 'mispronunciations': array([], dtype=object)}]",2244,f,20,train,022440134,-39.94429362192751
022440312,181,sil,0.0,0.5199999809265137,-45.00034713745117,<eps>,,8,10.0,9,8,8,"[{'accuracy': 10, 'phones': array(['IH0', 'T', 'S'], dtype=object), 'phones-accuracy': array([2., 2., 2.]), 'stress': 10, 'text': ""IT'S"", 'total': 10, 'mispronunciations': array([], dtype=object)}
 {'accuracy': 10, 'phones': array(['AE0', 'Z'], dtype=object), 'phones-accuracy': array([1.8, 2. ]), 'stress': 10, 'text': 'AS', 'total': 10, 'mispronunciations': array([], dtype=object)}
 {'accuracy': 5, 'phones': array(['S', 'T', 'EH1', 'D', 'IY0'], dtype=object), 'phones-accuracy': array([2. , 1.6, 0.4, 2. , 2. ]), 'stress': 10, 'text': 'STEADY', 'total': 6, 'mispronunciations': array([{'canonical-phone': 'EH', 'index': 2, 'pronounced-phone': 'EY'}],
       dtype=object)}
 {'accuracy': 10, 'phones': array(['AE0', 'Z'], dtype=object), 'phones-accuracy': array([1.8, 2. ]), 'stress': 10, 'text': 'AS', 'total': 10, 'mispronunciations': array([], dtype=object)}
 {'accuracy': 10, 'phones': array(['AH0'], dtype=object), 'phones-accuracy': array([2.]), 'stress': 10, 'text': 'A', 'total': 10, 'mispronunciations': array([], dtype=object)}
 {'accuracy': 10, 'phones': array(['R', 'AH0', 'K'], dtype=object), 'phones-accuracy': array([2. , 1.6, 2. ]), 'stress': 10, 'text': 'ROCK', 'total': 10, 'mispronunciations': array([], dtype=object)}]",2244,f,20,train,022440312,-44.95637561380863
022440312,182,IH1,0.5199999809265137,0.6399999856948853,-52.360748291015625,it's,,8,10.0,9,8,8,"[{'accuracy': 10, 'phones': array(['IH0', 'T', 'S'], dtype=object), 'phones-accuracy': array([2., 2., 2.]), 'stress': 10, 'text': ""IT'S"", 'total': 10, 'mispronunciations': array([], dtype=object)}
 {'accuracy': 10, 'phones': array(['AE0', 'Z'], dtype=object), 'phones-accuracy': array([1.8, 2. ]), 'stress': 10, 'text': 'AS', 'total': 10, 'mispronunciations': array([], dtype=object)}
 {'accuracy': 5, 'phones': array(['S', 'T', 'EH1', 'D', 'IY0'], dtype=object), 'phones-accuracy': array([2. , 1.6, 0.4, 2. , 2. ]), 'stress': 10, 'text': 'STEADY', 'total': 6, 'mispronunciations': array([{'canonical-phone': 'EH', 'index': 2, 'pronounced-phone': 'EY'}],
       dtype=object)}
 {'accuracy': 10, 'phones': array(['AE0', 'Z'], dtype=object), 'phones-accuracy': array([1.8, 2. ]), 'stress': 10, 'text': 'AS', 'total': 10, 'mispronunciations': array([], dtype=object)}
 {'accuracy': 10, 'phones': array(['AH0'], dtype=object), 'phones-accuracy': array([2.]), 'stress': 10, 'text': 'A', 'total': 10, 'mispronunciations': array([], dtype=object)}
 {'accuracy': 10, 'phones': array(['R', 'AH0', 'K'], dtype=object), 'phones-accuracy': array([2. , 1.6, 2. ]), 'stress': 10, 'text': 'ROCK', 'total': 10, 'mispronunciations': array([], dtype=object)}]",2244,f,20,train,022440312,-52.108393490314484
022440312,183,T,0.6399999856948853,0.6800000071525574,-54.82228469848633,it's,2.0,8,10.0,9,8,8,"[{'accuracy': 10, 'phones': array(['IH0', 'T', 'S'], dtype=object), 'phones-accuracy': array([2., 2., 2.]), 'stress': 10, 'text': ""IT'S"", 'total': 10, 'mispronunciations': array([], dtype=object)}
 {'accuracy': 10, 'phones': array(['AE0', 'Z'], dtype=object), 'phones-accuracy': array([1.8, 2. ]), 'stress': 10, 'text': 'AS', 'total': 10, 'mispronunciations': array([], dtype=object)}
 {'accuracy': 5, 'phones': array(['S', 'T', 'EH1', 'D', 'IY0'], dtype=object), 'phones-accuracy': array([2. , 1.6, 0.4, 2. , 2. ]), 'stress': 10, 'text': 'STEADY', 'total': 6, 'mispronunciations': array([{'canonical-phone': 'EH', 'index': 2, 'pronounced-phone': 'EY'}],
       dtype=object)}
 {'accuracy': 10, 'phones': array(['AE0', 'Z'], dtype=object), 'phones-accuracy': array([1.8, 2. ]), 'stress': 10, 'text': 'AS', 'total': 10, 'mispronunciations': array([], dtype=object)}
 {'accuracy': 10, 'phones': array(['AH0'], dtype=object), 'phones-accuracy': array([2.]), 'stress': 10, 'text': 'A', 'total': 10, 'mispronunciations': array([], dtype=object)}
 {'accuracy': 10, 'phones': array(['R', 'AH0', 'K'], dtype=object), 'phones-accuracy': array([2. , 1.6, 2. ]), 'stress': 10, 'text': 'ROCK', 'total': 10, 'mispronunciations': array([], dtype=object)}]",2244,f,20,train,022440312,-54.6853211671114
022440312,184,S,0.6800000071525574,0.75,-58.800724029541016,it's,2.0,8,10.0,9,8,8,"[{'accuracy': 10, 'phones': array(['IH0', 'T', 'S'], dtype=object), 'phones-accuracy': array([2., 2., 2.]), 'stress': 10, 'text': ""IT'S"", 'total': 10, 'mispronunciations': array([], dtype=object)}
 {'accuracy': 10, 'phones': array(['AE0', 'Z'], dtype=object), 'phones-accuracy': array([1.8, 2. ]), 'stress': 10, 'text': 'AS', 'total': 10, 'mispronunciations': array([], dtype=object)}
 {'accuracy': 5, 'phones': array(['S', 'T', 'EH1', 'D', 'IY0'], dtype=object), 'phones-accuracy': array([2. , 1.6, 0.4, 2. , 2. ]), 'stress': 10, 'text': 'STEADY', 'total': 6, 'mispronunciations': array([{'canonical-phone': 'EH', 'index': 2, 'pronounced-phone': 'EY'}],
       dtype=object)}
 {'accuracy': 10, 'phones': array(['AE0', 'Z'], dtype=object), 'phones-accuracy': array([1.8, 2. ]), 'stress': 10, 'text': 'AS', 'total': 10, 'mispronunciations': array([], dtype=object)}
 {'accuracy': 10, 'phones': array(['AH0'], dtype=object), 'phones-accuracy': array([2.]), 'stress': 10, 'text': 'A', 'total': 10, 'mispronunciations': array([], dtype=object)}
 {'accuracy': 10, 'phones': array(['R', 'AH0', 'K'], dtype=object), 'phones-accuracy': array([2. , 1.6, 2. ]), 'stress': 10, 'text': 'ROCK', 'total': 10, 'mispronunciations': array([], dtype=object)}]",2244,f,20,train,022440312,-58.469247579574585
022440312,185,sil,0.75,0.8299999833106995,-65.30070495605469,<eps>,,8,10.0,9,8,8,"[{'accuracy': 10, 'phones': array(['IH0', 'T', 'S'], dtype=object), 'phones-accuracy': array([2., 2., 2.]), 'stress': 10, 'text': ""IT'S"", 'total': 10, 'mispronunciations': array([], dtype=object)}
 {'accuracy': 10, 'phones': array(['AE0', 'Z'], dtype=object), 'phones-accuracy': array([1.8, 2. ]), 'stress': 10, 'text': 'AS', 'total': 10, 'mispronunciations': array([], dtype=object)}
 {'accuracy': 5, 'phones': array(['S', 'T', 'EH1', 'D', 'IY0'], dtype=object), 'phones-accuracy': array([2. , 1.6, 0.4, 2. , 2. ]), 'stress': 10, 'text': 'STEADY', 'total': 6, 'mispronunciations': array([{'canonical-phone': 'EH', 'index': 2, 'pronounced-phone': 'EY'}],
       dtype=object)}
 {'accuracy': 10, 'phones': array(['AE0', 'Z'], dtype=object), 'phones-accuracy': array([1.8, 2. ]), 'stress': 10, 'text': 'AS', 'total': 10, 'mispronunciations': array([], dtype=object)}
 {'accuracy': 10, 'phones': array(['AH0'], dtype=object), 'phones-accuracy': array([2.]), 'stress': 10, 'text': 'A', 'total': 10, 'mispronunciations': array([], dtype=object)}
 {'accuracy': 10, 'phones': array(['R', 'AH0', 'K'], dtype=object), 'phones-accuracy': array([2. , 1.6, 2. ]), 'stress': 10, 'text': 'ROCK', 'total': 10, 'mispronunciations': array([], dtype=object)}]",2244,f,20,train,022440312,-65.17974149435759
022440312,186,AE1,0.8299999833106995,0.9800000190734864,-42.25145721435547,as,,8,10.0,9,8,8,"[{'accuracy': 10, 'phones': array(['IH0', 'T', 'S'], dtype=object), 'phones-accuracy': array([2., 2., 2.]), 'stress': 10, 'text': ""IT'S"", 'total': 10, 'mispronunciations': array([], dtype=object)}
 {'accuracy': 10, 'phones': array(['AE0', 'Z'], dtype=object), 'phones-accuracy': array([1.8, 2. ]), 'stress': 10, 'text': 'AS', 'total': 10, 'mispronunciations': array([], dtype=object)}
 {'accuracy': 5, 'phones': array(['S', 'T', 'EH1', 'D', 'IY0'], dtype=object), 'phones-accuracy': array([2. , 1.6, 0.4, 2. , 2. ]), 'stress': 10, 'text': 'STEADY', 'total': 6, 'mispronunciations': array([{'canonical-phone': 'EH', 'index': 2, 'pronounced-phone': 'EY'}],
       dtype=object)}
 {'accuracy': 10, 'phones': array(['AE0', 'Z'], dtype=object), 'phones-accuracy': array([1.8, 2. ]), 'stress': 10, 'text': 'AS', 'total': 10, 'mispronunciations': array([], dtype=object)}
 {'accuracy': 10, 'phones': array(['AH0'], dtype=object), 'phones-accuracy': array([2.]), 'stress': 10, 'text': 'A', 'total': 10, 'mispronunciations': array([], dtype=object)}
 {'accuracy': 10, 'phones': array(['R', 'AH0', 'K'], dtype=object), 'phones-accuracy': array([2. , 1.6, 2. ]), 'stress': 10, 'text': 'ROCK', 'total': 10, 'mispronunciations': array([], dtype=object)}]",2244,f,20,train,022440312,-41.985279470682144
022440312,187,Z,0.9800000190734864,1.100000023841858,-62.32075881958008,as,2.0,8,10.0,9,8,8,"[{'accuracy': 10, 'phones': array(['IH0', 'T', 'S'], dtype=object), 'phones-accuracy': array([2., 2., 2.]), 'stress': 10, 'text': ""IT'S"", 'total': 10, 'mispronunciations': array([], dtype=object)}
 {'accuracy': 10, 'phones': array(['AE0', 'Z'], dtype=object), 'phones-accuracy': array([1.8, 2. ]), 'stress': 10, 'text': 'AS', 'total': 10, 'mispronunciations': array([], dtype=object)}
 {'accuracy': 5, 'phones': array(['S', 'T', 'EH1', 'D', 'IY0'], dtype=object), 'phones-accuracy': array([2. , 1.6, 0.4, 2. , 2. ]), 'stress': 10, 'text': 'STEADY', 'total': 6, 'mispronunciations': array([{'canonical-phone': 'EH', 'index': 2, 'pronounced-phone': 'EY'}],
       dtype=object)}
 {'accuracy': 10, 'phones': array(['AE0', 'Z'], dtype=object), 'phones-accuracy': array([1.8, 2. ]), 'stress': 10, 'text': 'AS', 'total': 10, 'mispronunciations': array([], dtype=object)}
 {'accuracy': 10, 'phones': array(['AH0'], dtype=object), 'phones-accuracy': array([2.]), 'stress': 10, 'text': 'A', 'total': 10, 'mispronunciations': array([], dtype=object)}
 {'accuracy': 10, 'phones': array(['R', 'AH0', 'K'], dtype=object), 'phones-accuracy': array([2. , 1.6, 2. ]), 'stress': 10, 'text': 'ROCK', 'total': 10, 'mispronunciations': array([], dtype=object)}]",2244,f,20,train,022440312,-62.18489643931389
022440312,188,S,1.100000023841858,1.1699999570846558,-52.45236587524414,steady,2.0,8,10.0,9,8,8,"[{'accuracy': 10, 'phones': array(['IH0', 'T', 'S'], dtype=object), 'phones-accuracy': array([2., 2., 2.]), 'stress': 10, 'text': ""IT'S"", 'total': 10, 'mispronunciations': array([], dtype=object)}
 {'accuracy': 10, 'phones': array(['AE0', 'Z'], dtype=object), 'phones-accuracy': array([1.8, 2. ]), 'stress': 10, 'text': 'AS', 'total': 10, 'mispronunciations': array([], dtype=object)}
 {'accuracy': 5, 'phones': array(['S', 'T', 'EH1', 'D', 'IY0'], dtype=object), 'phones-accuracy': array([2. , 1.6, 0.4, 2. , 2. ]), 'stress': 10, 'text': 'STEADY', 'total': 6, 'mispronunciations': array([{'canonical-phone': 'EH', 'index': 2, 'pronounced-phone': 'EY'}],
       dtype=object)}
 {'accuracy': 10, 'phones': array(['AE0', 'Z'], dtype=object), 'phones-accuracy': array([1.8, 2. ]), 'stress': 10, 'text': 'AS', 'total': 10, 'mispronunciations': array([], dtype=object)}
 {'accuracy': 10, 'phones': array(['AH0'], dtype=object), 'phones-accuracy': array([2.]), 'stress': 10, 'text': 'A', 'total': 10, 'mispronunciations': array([], dtype=object)}
 {'accuracy': 10, 'phones': array(['R', 'AH0', 'K'], dtype=object), 'phones-accuracy': array([2. , 1.6, 2. ]), 'stress': 10, 'text': 'ROCK', 'total': 10, 'mispronunciations': array([], dtype=object)}]",2244,f,20,train,022440312,-52.37140589952469
022440312,189,T,1.1699999570846558,1.2599999904632568,-55.01649856567383,steady,2.0,8,10.0,9,8,8,"[{'accuracy': 10, 'phones': array(['IH0', 'T', 'S'], dtype=object), 'phones-accuracy': array([2., 2., 2.]), 'stress': 10, 'text': ""IT'S"", 'total': 10, 'mispronunciations': array([], dtype=object)}
 {'accuracy': 10, 'phones': array(['AE0', 'Z'], dtype=object), 'phones-accuracy': array([1.8, 2. ]), 'stress': 10, 'text': 'AS', 'total': 10, 'mispronunciations': array([], dtype=object)}
 {'accuracy': 5, 'phones': array(['S', 'T', 'EH1', 'D', 'IY0'], dtype=object), 'phones-accuracy': array([2. , 1.6, 0.4, 2. , 2. ]), 'stress': 10, 'text': 'STEADY', 'total': 6, 'mispronunciations': array([{'canonical-phone': 'EH', 'index': 2, 'pronounced-phone': 'EY'}],
       dtype=object)}
 {'accuracy': 10, 'phones': array(['AE0', 'Z'], dtype=object), 'phones-accuracy': array([1.8, 2. ]), 'stress': 10, 'text': 'AS', 'total': 10, 'mispronunciations': array([], dtype=object)}
 {'accuracy': 10, 'phones': array(['AH0'], dtype=object), 'phones-accuracy': array([2.]), 'stress': 10, 'text': 'A', 'total': 10, 'mispronunciations': array([], dtype=object)}
 {'accuracy': 10, 'phones': array(['R', 'AH0', 'K'], dtype=object), 'phones-accuracy': array([2. , 1.6, 2. ]), 'stress': 10, 'text': 'ROCK', 'total': 10, 'mispronunciations': array([], dtype=object)}]",2244,f,20,train,022440312,-54.843955025076866
022440312,190,EH1,1.2599999904632568,1.4299999475479126,-41.110328674316406,steady,0.4,8,10.0,9,8,8,"[{'accuracy': 10, 'phones': array(['IH0', 'T', 'S'], dtype=object), 'phones-accuracy': array([2., 2., 2.]), 'stress': 10, 'text': ""IT'S"", 'total': 10, 'mispronunciations': array([], dtype=object)}
 {'accuracy': 10, 'phones': array(['AE0', 'Z'], dtype=object), 'phones-accuracy': array([1.8, 2. ]), 'stress': 10, 'text': 'AS', 'total': 10, 'mispronunciations': array([], dtype=object)}
 {'accuracy': 5, 'phones': array(['S', 'T', 'EH1', 'D', 'IY0'], dtype=object), 'phones-accuracy': array([2. , 1.6, 0.4, 2. , 2. ]), 'stress': 10, 'text': 'STEADY', 'total': 6, 'mispronunciations': array([{'canonical-phone': 'EH', 'index': 2, 'pronounced-phone': 'EY'}],
       dtype=object)}
 {'accuracy': 10, 'phones': array(['AE0', 'Z'], dtype=object), 'phones-accuracy': array([1.8, 2. ]), 'stress': 10, 'text': 'AS', 'total': 10, 'mispronunciations': array([], dtype=object)}
 {'accuracy': 10, 'phones': array(['AH0'], dtype=object), 'phones-accuracy': array([2.]), 'stress': 10, 'text': 'A', 'total': 10, 'mispronunciations': array([], dtype=object)}
 {'accuracy': 10, 'phones': array(['R', 'AH0', 'K'], dtype=object), 'phones-accuracy': array([2. , 1.6, 2. ]), 'stress': 10, 'text': 'ROCK', 'total': 10, 'mispronunciations': array([], dtype=object)}]",2244,f,20,train,022440312,-40.753414154052734
022440312,191,D,1.4299999475479126,1.4900000095367432,-56.2657356262207,steady,2.0,8,10.0,9,8,8,"[{'accuracy': 10, 'phones': array(['IH0', 'T', 'S'], dtype=object), 'phones-accuracy': array([2., 2., 2.]), 'stress': 10, 'text': ""IT'S"", 'total': 10, 'mispronunciations': array([], dtype=object)}
 {'accuracy': 10, 'phones': array(['AE0', 'Z'], dtype=object), 'phones-accuracy': array([1.8, 2. ]), 'stress': 10, 'text': 'AS', 'total': 10, 'mispronunciations': array([], dtype=object)}
 {'accuracy': 5, 'phones': array(['S', 'T', 'EH1', 'D', 'IY0'], dtype=object), 'phones-accuracy': array([2. , 1.6, 0.4, 2. , 2. ]), 'stress': 10, 'text': 'STEADY', 'total': 6, 'mispronunciations': array([{'canonical-phone': 'EH', 'index': 2, 'pronounced-phone': 'EY'}],
       dtype=object)}
 {'accuracy': 10, 'phones': array(['AE0', 'Z'], dtype=object), 'phones-accuracy': array([1.8, 2. ]), 'stress': 10, 'text': 'AS', 'total': 10, 'mispronunciations': array([], dtype=object)}
 {'accuracy': 10, 'phones': array(['AH0'], dtype=object), 'phones-accuracy': array([2.]), 'stress': 10, 'text': 'A', 'total': 10, 'mispronunciations': array([], dtype=object)}
 {'accuracy': 10, 'phones': array(['R', 'AH0', 'K'], dtype=object), 'phones-accuracy': array([2. , 1.6, 2. ]), 'stress': 10, 'text': 'ROCK', 'total': 10, 'mispronunciations': array([], dtype=object)}]",2244,f,20,train,022440312,-56.084344029426575
022440312,192,IY0,1.4900000095367432,1.649999976158142,-58.255470275878906,steady,2.0,8,10.0,9,8,8,"[{'accuracy': 10, 'phones': array(['IH0', 'T', 'S'], dtype=object), 'phones-accuracy': array([2., 2., 2.]), 'stress': 10, 'text': ""IT'S"", 'total': 10, 'mispronunciations': array([], dtype=object)}
 {'accuracy': 10, 'phones': array(['AE0', 'Z'], dtype=object), 'phones-accuracy': array([1.8, 2. ]), 'stress': 10, 'text': 'AS', 'total': 10, 'mispronunciations': array([], dtype=object)}
 {'accuracy': 5, 'phones': array(['S', 'T', 'EH1', 'D', 'IY0'], dtype=object), 'phones-accuracy': array([2. , 1.6, 0.4, 2. , 2. ]), 'stress': 10, 'text': 'STEADY', 'total': 6, 'mispronunciations': array([{'canonical-phone': 'EH', 'index': 2, 'pronounced-phone': 'EY'}],
       dtype=object)}
 {'accuracy': 10, 'phones': array(['AE0', 'Z'], dtype=object), 'phones-accuracy': array([1.8, 2. ]), 'stress': 10, 'text': 'AS', 'total': 10, 'mispronunciations': array([], dtype=object)}
 {'accuracy': 10, 'phones': array(['AH0'], dtype=object), 'phones-accuracy': array([2.]), 'stress': 10, 'text': 'A', 'total': 10, 'mispronunciations': array([], dtype=object)}
 {'accuracy': 10, 'phones': array(['R', 'AH0', 'K'], dtype=object), 'phones-accuracy': array([2. , 1.6, 2. ]), 'stress': 10, 'text': 'ROCK', 'total': 10, 'mispronunciations': array([], dtype=object)}]",2244,f,20,train,022440312,-58.04741087555885
022440312,193,AE1,1.649999976158142,1.7999999523162842,-51.90393829345703,as,,8,10.0,9,8,8,"[{'accuracy': 10, 'phones': array(['IH0', 'T', 'S'], dtype=object), 'phones-accuracy': array([2., 2., 2.]), 'stress': 10, 'text': ""IT'S"", 'total': 10, 'mispronunciations': array([], dtype=object)}
 {'accuracy': 10, 'phones': array(['AE0', 'Z'], dtype=object), 'phones-accuracy': array([1.8, 2. ]), 'stress': 10, 'text': 'AS', 'total': 10, 'mispronunciations': array([], dtype=object)}
 {'accuracy': 5, 'phones': array(['S', 'T', 'EH1', 'D', 'IY0'], dtype=object), 'phones-accuracy': array([2. , 1.6, 0.4, 2. , 2. ]), 'stress': 10, 'text': 'STEADY', 'total': 6, 'mispronunciations': array([{'canonical-phone': 'EH', 'index': 2, 'pronounced-phone': 'EY'}],
       dtype=object)}
 {'accuracy': 10, 'phones': array(['AE0', 'Z'], dtype=object), 'phones-accuracy': array([1.8, 2. ]), 'stress': 10, 'text': 'AS', 'total': 10, 'mispronunciations': array([], dtype=object)}
 {'accuracy': 10, 'phones': array(['AH0'], dtype=object), 'phones-accuracy': array([2.]), 'stress': 10, 'text': 'A', 'total': 10, 'mispronunciations': array([], dtype=object)}
 {'accuracy': 10, 'phones': array(['R', 'AH0', 'K'], dtype=object), 'phones-accuracy': array([2. , 1.6, 2. ]), 'stress': 10, 'text': 'ROCK', 'total': 10, 'mispronunciations': array([], dtype=object)}]",2244,f,20,train,022440312,-51.5746114552021
022440312,194,Z,1.7999999523162842,1.840000033378601,-64.45730590820312,as,2.0,8,10.0,9,8,8,"[{'accuracy': 10, 'phones': array(['IH0', 'T', 'S'], dtype=object), 'phones-accuracy': array([2., 2., 2.]), 'stress': 10, 'text': ""IT'S"", 'total': 10, 'mispronunciations': array([], dtype=object)}
 {'accuracy': 10, 'phones': array(['AE0', 'Z'], dtype=object), 'phones-accuracy': array([1.8, 2. ]), 'stress': 10, 'text': 'AS', 'total': 10, 'mispronunciations': array([], dtype=object)}
 {'accuracy': 5, 'phones': array(['S', 'T', 'EH1', 'D', 'IY0'], dtype=object), 'phones-accuracy': array([2. , 1.6, 0.4, 2. , 2. ]), 'stress': 10, 'text': 'STEADY', 'total': 6, 'mispronunciations': array([{'canonical-phone': 'EH', 'index': 2, 'pronounced-phone': 'EY'}],
       dtype=object)}
 {'accuracy': 10, 'phones': array(['AE0', 'Z'], dtype=object), 'phones-accuracy': array([1.8, 2. ]), 'stress': 10, 'text': 'AS', 'total': 10, 'mispronunciations': array([], dtype=object)}
 {'accuracy': 10, 'phones': array(['AH0'], dtype=object), 'phones-accuracy': array([2.]), 'stress': 10, 'text': 'A', 'total': 10, 'mispronunciations': array([], dtype=object)}
 {'accuracy': 10, 'phones': array(['R', 'AH0', 'K'], dtype=object), 'phones-accuracy': array([2. , 1.6, 2. ]), 'stress': 10, 'text': 'ROCK', 'total': 10, 'mispronunciations': array([], dtype=object)}]",2244,f,20,train,022440312,-64.34736583381891
022440312,195,AH0,1.840000033378601,1.950000047683716,-47.44428634643555,a,2.0,8,10.0,9,8,8,"[{'accuracy': 10, 'phones': array(['IH0', 'T', 'S'], dtype=object), 'phones-accuracy': array([2., 2., 2.]), 'stress': 10, 'text': ""IT'S"", 'total': 10, 'mispronunciations': array([], dtype=object)}
 {'accuracy': 10, 'phones': array(['AE0', 'Z'], dtype=object), 'phones-accuracy': array([1.8, 2. ]), 'stress': 10, 'text': 'AS', 'total': 10, 'mispronunciations': array([], dtype=object)}
 {'accuracy': 5, 'phones': array(['S', 'T', 'EH1', 'D', 'IY0'], dtype=object), 'phones-accuracy': array([2. , 1.6, 0.4, 2. , 2. ]), 'stress': 10, 'text': 'STEADY', 'total': 6, 'mispronunciations': array([{'canonical-phone': 'EH', 'index': 2, 'pronounced-phone': 'EY'}],
       dtype=object)}
 {'accuracy': 10, 'phones': array(['AE0', 'Z'], dtype=object), 'phones-accuracy': array([1.8, 2. ]), 'stress': 10, 'text': 'AS', 'total': 10, 'mispronunciations': array([], dtype=object)}
 {'accuracy': 10, 'phones': array(['AH0'], dtype=object), 'phones-accuracy': array([2.]), 'stress': 10, 'text': 'A', 'total': 10, 'mispronunciations': array([], dtype=object)}
 {'accuracy': 10, 'phones': array(['R', 'AH0', 'K'], dtype=object), 'phones-accuracy': array([2. , 1.6, 2. ]), 'stress': 10, 'text': 'ROCK', 'total': 10, 'mispronunciations': array([], dtype=object)}]",2244,f,20,train,022440312,-46.98872846364975
022440312,196,R,1.950000047683716,2.039999961853028,-37.954734802246094,rock,2.0,8,10.0,9,8,8,"[{'accuracy': 10, 'phones': array(['IH0', 'T', 'S'], dtype=object), 'phones-accuracy': array([2., 2., 2.]), 'stress': 10, 'text': ""IT'S"", 'total': 10, 'mispronunciations': array([], dtype=object)}
 {'accuracy': 10, 'phones': array(['AE0', 'Z'], dtype=object), 'phones-accuracy': array([1.8, 2. ]), 'stress': 10, 'text': 'AS', 'total': 10, 'mispronunciations': array([], dtype=object)}
 {'accuracy': 5, 'phones': array(['S', 'T', 'EH1', 'D', 'IY0'], dtype=object), 'phones-accuracy': array([2. , 1.6, 0.4, 2. , 2. ]), 'stress': 10, 'text': 'STEADY', 'total': 6, 'mispronunciations': array([{'canonical-phone': 'EH', 'index': 2, 'pronounced-phone': 'EY'}],
       dtype=object)}
 {'accuracy': 10, 'phones': array(['AE0', 'Z'], dtype=object), 'phones-accuracy': array([1.8, 2. ]), 'stress': 10, 'text': 'AS', 'total': 10, 'mispronunciations': array([], dtype=object)}
 {'accuracy': 10, 'phones': array(['AH0'], dtype=object), 'phones-accuracy': array([2.]), 'stress': 10, 'text': 'A', 'total': 10, 'mispronunciations': array([], dtype=object)}
 {'accuracy': 10, 'phones': array(['R', 'AH0', 'K'], dtype=object), 'phones-accuracy': array([2. , 1.6, 2. ]), 'stress': 10, 'text': 'ROCK', 'total': 10, 'mispronunciations': array([], dtype=object)}]",2244,f,20,train,022440312,-37.72486090660095
022440312,197,AA1,2.039999961853028,2.0999999046325684,-52.48920822143555,rock,,8,10.0,9,8,8,"[{'accuracy': 10, 'phones': array(['IH0', 'T', 'S'], dtype=object), 'phones-accuracy': array([2., 2., 2.]), 'stress': 10, 'text': ""IT'S"", 'total': 10, 'mispronunciations': array([], dtype=object)}
 {'accuracy': 10, 'phones': array(['AE0', 'Z'], dtype=object), 'phones-accuracy': array([1.8, 2. ]), 'stress': 10, 'text': 'AS', 'total': 10, 'mispronunciations': array([], dtype=object)}
 {'accuracy': 5, 'phones': array(['S', 'T', 'EH1', 'D', 'IY0'], dtype=object), 'phones-accuracy': array([2. , 1.6, 0.4, 2. , 2. ]), 'stress': 10, 'text': 'STEADY', 'total': 6, 'mispronunciations': array([{'canonical-phone': 'EH', 'index': 2, 'pronounced-phone': 'EY'}],
       dtype=object)}
 {'accuracy': 10, 'phones': array(['AE0', 'Z'], dtype=object), 'phones-accuracy': array([1.8, 2. ]), 'stress': 10, 'text': 'AS', 'total': 10, 'mispronunciations': array([], dtype=object)}
 {'accuracy': 10, 'phones': array(['AH0'], dtype=object), 'phones-accuracy': array([2.]), 'stress': 10, 'text': 'A', 'total': 10, 'mispronunciations': array([], dtype=object)}
 {'accuracy': 10, 'phones': array(['R', 'AH0', 'K'], dtype=object), 'phones-accuracy': array([2. , 1.6, 2. ]), 'stress': 10, 'text': 'ROCK', 'total': 10, 'mispronunciations': array([], dtype=object)}]",2244,f,20,train,022440312,-52.361960247159004
022440312,198,K,2.0999999046325684,2.2699999809265137,-55.19213104248047,rock,2.0,8,10.0,9,8,8,"[{'accuracy': 10, 'phones': array(['IH0', 'T', 'S'], dtype=object), 'phones-accuracy': array([2., 2., 2.]), 'stress': 10, 'text': ""IT'S"", 'total': 10, 'mispronunciations': array([], dtype=object)}
 {'accuracy': 10, 'phones': array(['AE0', 'Z'], dtype=object), 'phones-accuracy': array([1.8, 2. ]), 'stress': 10, 'text': 'AS', 'total': 10, 'mispronunciations': array([], dtype=object)}
 {'accuracy': 5, 'phones': array(['S', 'T', 'EH1', 'D', 'IY0'], dtype=object), 'phones-accuracy': array([2. , 1.6, 0.4, 2. , 2. ]), 'stress': 10, 'text': 'STEADY', 'total': 6, 'mispronunciations': array([{'canonical-phone': 'EH', 'index': 2, 'pronounced-phone': 'EY'}],
       dtype=object)}
 {'accuracy': 10, 'phones': array(['AE0', 'Z'], dtype=object), 'phones-accuracy': array([1.8, 2. ]), 'stress': 10, 'text': 'AS', 'total': 10, 'mispronunciations': array([], dtype=object)}
 {'accuracy': 10, 'phones': array(['AH0'], dtype=object), 'phones-accuracy': array([2.]), 'stress': 10, 'text': 'A', 'total': 10, 'mispronunciations': array([], dtype=object)}
 {'accuracy': 10, 'phones': array(['R', 'AH0', 'K'], dtype=object), 'phones-accuracy': array([2. , 1.6, 2. ]), 'stress': 10, 'text': 'ROCK', 'total': 10, 'mispronunciations': array([], dtype=object)}]",2244,f,20,train,022440312,-55.09495297074318
022440312,199,sil,2.2699999809265137,3.0480000972747803,-35.51892852783203,<eps>,,8,10.0,9,8,8,"[{'accuracy': 10, 'phones': array(['IH0', 'T', 'S'], dtype=object), 'phones-accuracy': array([2., 2., 2.]), 'stress': 10, 'text': ""IT'S"", 'total': 10, 'mispronunciations': array([], dtype=object)}
 {'accuracy': 10, 'phones': array(['AE0', 'Z'], dtype=object), 'phones-accuracy': array([1.8, 2. ]), 'stress': 10, 'text': 'AS', 'total': 10, 'mispronunciations': array([], dtype=object)}
 {'accuracy': 5, 'phones': array(['S', 'T', 'EH1', 'D', 'IY0'], dtype=object), 'phones-accuracy': array([2. , 1.6, 0.4, 2. , 2. ]), 'stress': 10, 'text': 'STEADY', 'total': 6, 'mispronunciations': array([{'canonical-phone': 'EH', 'index': 2, 'pronounced-phone': 'EY'}],
       dtype=object)}
 {'accuracy': 10, 'phones': array(['AE0', 'Z'], dtype=object), 'phones-accuracy': array([1.8, 2. ]), 'stress': 10, 'text': 'AS', 'total': 10, 'mispronunciations': array([], dtype=object)}
 {'accuracy': 10, 'phones': array(['AH0'], dtype=object), 'phones-accuracy': array([2.]), 'stress': 10, 'text': 'A', 'total': 10, 'mispronunciations': array([], dtype=object)}
 {'accuracy': 10, 'phones': array(['R', 'AH0', 'K'], dtype=object), 'phones-accuracy': array([2. , 1.6, 2. ]), 'stress': 10, 'text': 'ROCK', 'total': 10, 'mispronunciations': array([], dtype=object)}]",2244,f,20,train,022440312,-35.484487887471914
022440286,200,sil,0.0,0.5600000023841858,-48.46809768676758,<eps>,,8,10.0,8,8,7,"[{'accuracy': 10, 'phones': array(['W', 'AH0', 'T', 'S'], dtype=object), 'phones-accuracy': array([2., 2., 2., 2.]), 'stress': 10, 'text': ""WHAT'S"", 'total': 10, 'mispronunciations': array([], dtype=object)}
 {'accuracy': 10, 'phones': array(['DH', 'AH0'], dtype=object), 'phones-accuracy': array([2., 2.]), 'stress': 10, 'text': 'THE', 'total': 10, 'mispronunciations': array([], dtype=object)}
 {'accuracy': 10, 'phones': array(['B', 'EH0', 'S', 'T'], dtype=object), 'phones-accuracy': array([2., 2., 2., 2.]), 'stress': 10, 'text': 'BEST', 'total': 10, 'mispronunciations': array([], dtype=object)}
 {'accuracy': 10, 'phones': array(['W', 'EY0'], dtype=object), 'phones-accuracy': array([2., 2.]), 'stress': 10, 'text': 'WAY', 'total': 10, 'mispronunciations': array([], dtype=object)}
 {'accuracy': 10, 'phones': array(['T', 'UW0'], dtype=object), 'phones-accuracy': array([2., 2.]), 'stress': 10, 'text': 'TO', 'total': 10, 'mispronunciations': array([], dtype=object)}
 {'accuracy': 10, 'phones': array(['G', 'EH0', 'T'], dtype=object), 'phones-accuracy': array([2. , 1.2, 2. ]), 'stress': 10, 'text': 'GET', 'total': 10, 'mispronunciations': array([], dtype=object)}
 {'accuracy': 10, 'phones': array(['AH0'], dtype=object), 'phones-accuracy': array([2.]), 'stress': 10, 'text': 'A', 'total': 10, 'mispronunciations': array([], dtype=object)}
 {'accuracy': 5, 'phones': array(['HH', 'OW0', 'L', 'D'], dtype=object), 'phones-accuracy': array([2. , 1.6, 1.6, 0.6]), 'stress': 10, 'text': 'HOLD', 'total': 6, 'mispronunciations': array([], dtype=object)}
 {'accuracy': 10, 'phones': array(['AH0', 'V'], dtype=object), 'phones-accuracy': array([1.6, 2. ]), 'stress': 10, 'text': 'OF', 'total': 10, 'mispronunciations': array([], dtype=object)}
 {'accuracy': 10, 'phones': array(['Y', 'UW0'], dtype=object), 'phones-accuracy': array([2., 2.]), 'stress': 10, 'text': 'YOU', 'total': 10, 'mispronunciations': array([], dtype=object)}]",2244,f,20,train,022440286,-48.41714644059539
022440286,201,HH,0.5600000023841858,0.5899999737739563,-49.80644607543945,what's,2.0,8,10.0,8,8,7,"[{'accuracy': 10, 'phones': array(['W', 'AH0', 'T', 'S'], dtype=object), 'phones-accuracy': array([2., 2., 2., 2.]), 'stress': 10, 'text': ""WHAT'S"", 'total': 10, 'mispronunciations': array([], dtype=object)}
 {'accuracy': 10, 'phones': array(['DH', 'AH0'], dtype=object), 'phones-accuracy': array([2., 2.]), 'stress': 10, 'text': 'THE', 'total': 10, 'mispronunciations': array([], dtype=object)}
 {'accuracy': 10, 'phones': array(['B', 'EH0', 'S', 'T'], dtype=object), 'phones-accuracy': array([2., 2., 2., 2.]), 'stress': 10, 'text': 'BEST', 'total': 10, 'mispronunciations': array([], dtype=object)}
 {'accuracy': 10, 'phones': array(['W', 'EY0'], dtype=object), 'phones-accuracy': array([2., 2.]), 'stress': 10, 'text': 'WAY', 'total': 10, 'mispronunciations': array([], dtype=object)}
 {'accuracy': 10, 'phones': array(['T', 'UW0'], dtype=object), 'phones-accuracy': array([2., 2.]), 'stress': 10, 'text': 'TO', 'total': 10, 'mispronunciations': array([], dtype=object)}
 {'accuracy': 10, 'phones': array(['G', 'EH0', 'T'], dtype=object), 'phones-accuracy': array([2. , 1.2, 2. ]), 'stress': 10, 'text': 'GET', 'total': 10, 'mispronunciations': array([], dtype=object)}
 {'accuracy': 10, 'phones': array(['AH0'], dtype=object), 'phones-accuracy': array([2.]), 'stress': 10, 'text': 'A', 'total': 10, 'mispronunciations': array([], dtype=object)}
 {'accuracy': 5, 'phones': array(['HH', 'OW0', 'L', 'D'], dtype=object), 'phones-accuracy': array([2. , 1.6, 1.6, 0.6]), 'stress': 10, 'text': 'HOLD', 'total': 6, 'mispronunciations': array([], dtype=object)}
 {'accuracy': 10, 'phones': array(['AH0', 'V'], dtype=object), 'phones-accuracy': array([1.6, 2. ]), 'stress': 10, 'text': 'OF', 'total': 10, 'mispronunciations': array([], dtype=object)}
 {'accuracy': 10, 'phones': array(['Y', 'UW0'], dtype=object), 'phones-accuracy': array([2., 2.]), 'stress': 10, 'text': 'YOU', 'total': 10, 'mispronunciations': array([], dtype=object)}]",2244,f,20,train,022440286,-49.7107936963439
022440286,202,W,0.5899999737739563,0.6299999952316284,-51.69993591308594,what's,2.0,8,10.0,8,8,7,"[{'accuracy': 10, 'phones': array(['W', 'AH0', 'T', 'S'], dtype=object), 'phones-accuracy': array([2., 2., 2., 2.]), 'stress': 10, 'text': ""WHAT'S"", 'total': 10, 'mispronunciations': array([], dtype=object)}
 {'accuracy': 10, 'phones': array(['DH', 'AH0'], dtype=object), 'phones-accuracy': array([2., 2.]), 'stress': 10, 'text': 'THE', 'total': 10, 'mispronunciations': array([], dtype=object)}
 {'accuracy': 10, 'phones': array(['B', 'EH0', 'S', 'T'], dtype=object), 'phones-accuracy': array([2., 2., 2., 2.]), 'stress': 10, 'text': 'BEST', 'total': 10, 'mispronunciations': array([], dtype=object)}
 {'accuracy': 10, 'phones': array(['W', 'EY0'], dtype=object), 'phones-accuracy': array([2., 2.]), 'stress': 10, 'text': 'WAY', 'total': 10, 'mispronunciations': array([], dtype=object)}
 {'accuracy': 10, 'phones': array(['T', 'UW0'], dtype=object), 'phones-accuracy': array([2., 2.]), 'stress': 10, 'text': 'TO', 'total': 10, 'mispronunciations': array([], dtype=object)}
 {'accuracy': 10, 'phones': array(['G', 'EH0', 'T'], dtype=object), 'phones-accuracy': array([2. , 1.2, 2. ]), 'stress': 10, 'text': 'GET', 'total': 10, 'mispronunciations': array([], dtype=object)}
 {'accuracy': 10, 'phones': array(['AH0'], dtype=object), 'phones-accuracy': array([2.]), 'stress': 10, 'text': 'A', 'total': 10, 'mispronunciations': array([], dtype=object)}
 {'accuracy': 5, 'phones': array(['HH', 'OW0', 'L', 'D'], dtype=object), 'phones-accuracy': array([2. , 1.6, 1.6, 0.6]), 'stress': 10, 'text': 'HOLD', 'total': 6, 'mispronunciations': array([], dtype=object)}
 {'accuracy': 10, 'phones': array(['AH0', 'V'], dtype=object), 'phones-accuracy': array([1.6, 2. ]), 'stress': 10, 'text': 'OF', 'total': 10, 'mispronunciations': array([], dtype=object)}
 {'accuracy': 10, 'phones': array(['Y', 'UW0'], dtype=object), 'phones-accuracy': array([2., 2.]), 'stress': 10, 'text': 'YOU', 'total': 10, 'mispronunciations': array([], dtype=object)}]",2244,f,20,train,022440286,-51.487972751259804
022440286,203,AH1,0.6299999952316284,0.7200000286102295,-44.42844009399414,what's,,8,10.0,8,8,7,"[{'accuracy': 10, 'phones': array(['W', 'AH0', 'T', 'S'], dtype=object), 'phones-accuracy': array([2., 2., 2., 2.]), 'stress': 10, 'text': ""WHAT'S"", 'total': 10, 'mispronunciations': array([], dtype=object)}
 {'accuracy': 10, 'phones': array(['DH', 'AH0'], dtype=object), 'phones-accuracy': array([2., 2.]), 'stress': 10, 'text': 'THE', 'total': 10, 'mispronunciations': array([], dtype=object)}
 {'accuracy': 10, 'phones': array(['B', 'EH0', 'S', 'T'], dtype=object), 'phones-accuracy': array([2., 2., 2., 2.]), 'stress': 10, 'text': 'BEST', 'total': 10, 'mispronunciations': array([], dtype=object)}
 {'accuracy': 10, 'phones': array(['W', 'EY0'], dtype=object), 'phones-accuracy': array([2., 2.]), 'stress': 10, 'text': 'WAY', 'total': 10, 'mispronunciations': array([], dtype=object)}
 {'accuracy': 10, 'phones': array(['T', 'UW0'], dtype=object), 'phones-accuracy': array([2., 2.]), 'stress': 10, 'text': 'TO', 'total': 10, 'mispronunciations': array([], dtype=object)}
 {'accuracy': 10, 'phones': array(['G', 'EH0', 'T'], dtype=object), 'phones-accuracy': array([2. , 1.2, 2. ]), 'stress': 10, 'text': 'GET', 'total': 10, 'mispronunciations': array([], dtype=object)}
 {'accuracy': 10, 'phones': array(['AH0'], dtype=object), 'phones-accuracy': array([2.]), 'stress': 10, 'text': 'A', 'total': 10, 'mispronunciations': array([], dtype=object)}
 {'accuracy': 5, 'phones': array(['HH', 'OW0', 'L', 'D'], dtype=object), 'phones-accuracy': array([2. , 1.6, 1.6, 0.6]), 'stress': 10, 'text': 'HOLD', 'total': 6, 'mispronunciations': array([], dtype=object)}
 {'accuracy': 10, 'phones': array(['AH0', 'V'], dtype=object), 'phones-accuracy': array([1.6, 2. ]), 'stress': 10, 'text': 'OF', 'total': 10, 'mispronunciations': array([], dtype=object)}
 {'accuracy': 10, 'phones': array(['Y', 'UW0'], dtype=object), 'phones-accuracy': array([2., 2.]), 'stress': 10, 'text': 'YOU', 'total': 10, 'mispronunciations': array([], dtype=object)}]",2244,f,20,train,022440286,-44.027036279439926
022440286,204,T,0.7200000286102295,0.75,-59.89300155639648,what's,2.0,8,10.0,8,8,7,"[{'accuracy': 10, 'phones': array(['W', 'AH0', 'T', 'S'], dtype=object), 'phones-accuracy': array([2., 2., 2., 2.]), 'stress': 10, 'text': ""WHAT'S"", 'total': 10, 'mispronunciations': array([], dtype=object)}
 {'accuracy': 10, 'phones': array(['DH', 'AH0'], dtype=object), 'phones-accuracy': array([2., 2.]), 'stress': 10, 'text': 'THE', 'total': 10, 'mispronunciations': array([], dtype=object)}
 {'accuracy': 10, 'phones': array(['B', 'EH0', 'S', 'T'], dtype=object), 'phones-accuracy': array([2., 2., 2., 2.]), 'stress': 10, 'text': 'BEST', 'total': 10, 'mispronunciations': array([], dtype=object)}
 {'accuracy': 10, 'phones': array(['W', 'EY0'], dtype=object), 'phones-accuracy': array([2., 2.]), 'stress': 10, 'text': 'WAY', 'total': 10, 'mispronunciations': array([], dtype=object)}
 {'accuracy': 10, 'phones': array(['T', 'UW0'], dtype=object), 'phones-accuracy': array([2., 2.]), 'stress': 10, 'text': 'TO', 'total': 10, 'mispronunciations': array([], dtype=object)}
 {'accuracy': 10, 'phones': array(['G', 'EH0', 'T'], dtype=object), 'phones-accuracy': array([2. , 1.2, 2. ]), 'stress': 10, 'text': 'GET', 'total': 10, 'mispronunciations': array([], dtype=object)}
 {'accuracy': 10, 'phones': array(['AH0'], dtype=object), 'phones-accuracy': array([2.]), 'stress': 10, 'text': 'A', 'total': 10, 'mispronunciations': array([], dtype=object)}
 {'accuracy': 5, 'phones': array(['HH', 'OW0', 'L', 'D'], dtype=object), 'phones-accuracy': array([2. , 1.6, 1.6, 0.6]), 'stress': 10, 'text': 'HOLD', 'total': 6, 'mispronunciations': array([], dtype=object)}
 {'accuracy': 10, 'phones': array(['AH0', 'V'], dtype=object), 'phones-accuracy': array([1.6, 2. ]), 'stress': 10, 'text': 'OF', 'total': 10, 'mispronunciations': array([], dtype=object)}
 {'accuracy': 10, 'phones': array(['Y', 'UW0'], dtype=object), 'phones-accuracy': array([2., 2.]), 'stress': 10, 'text': 'YOU', 'total': 10, 'mispronunciations': array([], dtype=object)}]",2244,f,20,train,022440286,-59.73944750428199
022440286,205,S,0.75,0.7799999713897705,-56.36763381958008,what's,2.0,8,10.0,8,8,7,"[{'accuracy': 10, 'phones': array(['W', 'AH0', 'T', 'S'], dtype=object), 'phones-accuracy': array([2., 2., 2., 2.]), 'stress': 10, 'text': ""WHAT'S"", 'total': 10, 'mispronunciations': array([], dtype=object)}
 {'accuracy': 10, 'phones': array(['DH', 'AH0'], dtype=object), 'phones-accuracy': array([2., 2.]), 'stress': 10, 'text': 'THE', 'total': 10, 'mispronunciations': array([], dtype=object)}
 {'accuracy': 10, 'phones': array(['B', 'EH0', 'S', 'T'], dtype=object), 'phones-accuracy': array([2., 2., 2., 2.]), 'stress': 10, 'text': 'BEST', 'total': 10, 'mispronunciations': array([], dtype=object)}
 {'accuracy': 10, 'phones': array(['W', 'EY0'], dtype=object), 'phones-accuracy': array([2., 2.]), 'stress': 10, 'text': 'WAY', 'total': 10, 'mispronunciations': array([], dtype=object)}
 {'accuracy': 10, 'phones': array(['T', 'UW0'], dtype=object), 'phones-accuracy': array([2., 2.]), 'stress': 10, 'text': 'TO', 'total': 10, 'mispronunciations': array([], dtype=object)}
 {'accuracy': 10, 'phones': array(['G', 'EH0', 'T'], dtype=object), 'phones-accuracy': array([2. , 1.2, 2. ]), 'stress': 10, 'text': 'GET', 'total': 10, 'mispronunciations': array([], dtype=object)}
 {'accuracy': 10, 'phones': array(['AH0'], dtype=object), 'phones-accuracy': array([2.]), 'stress': 10, 'text': 'A', 'total': 10, 'mispronunciations': array([], dtype=object)}
 {'accuracy': 5, 'phones': array(['HH', 'OW0', 'L', 'D'], dtype=object), 'phones-accuracy': array([2. , 1.6, 1.6, 0.6]), 'stress': 10, 'text': 'HOLD', 'total': 6, 'mispronunciations': array([], dtype=object)}
 {'accuracy': 10, 'phones': array(['AH0', 'V'], dtype=object), 'phones-accuracy': array([1.6, 2. ]), 'stress': 10, 'text': 'OF', 'total': 10, 'mispronunciations': array([], dtype=object)}
 {'accuracy': 10, 'phones': array(['Y', 'UW0'], dtype=object), 'phones-accuracy': array([2., 2.]), 'stress': 10, 'text': 'YOU', 'total': 10, 'mispronunciations': array([], dtype=object)}]",2244,f,20,train,022440286,-56.23613229393959
022440286,206,DH,0.7799999713897705,0.8500000238418579,-61.33362579345703,the,2.0,8,10.0,8,8,7,"[{'accuracy': 10, 'phones': array(['W', 'AH0', 'T', 'S'], dtype=object), 'phones-accuracy': array([2., 2., 2., 2.]), 'stress': 10, 'text': ""WHAT'S"", 'total': 10, 'mispronunciations': array([], dtype=object)}
 {'accuracy': 10, 'phones': array(['DH', 'AH0'], dtype=object), 'phones-accuracy': array([2., 2.]), 'stress': 10, 'text': 'THE', 'total': 10, 'mispronunciations': array([], dtype=object)}
 {'accuracy': 10, 'phones': array(['B', 'EH0', 'S', 'T'], dtype=object), 'phones-accuracy': array([2., 2., 2., 2.]), 'stress': 10, 'text': 'BEST', 'total': 10, 'mispronunciations': array([], dtype=object)}
 {'accuracy': 10, 'phones': array(['W', 'EY0'], dtype=object), 'phones-accuracy': array([2., 2.]), 'stress': 10, 'text': 'WAY', 'total': 10, 'mispronunciations': array([], dtype=object)}
 {'accuracy': 10, 'phones': array(['T', 'UW0'], dtype=object), 'phones-accuracy': array([2., 2.]), 'stress': 10, 'text': 'TO', 'total': 10, 'mispronunciations': array([], dtype=object)}
 {'accuracy': 10, 'phones': array(['G', 'EH0', 'T'], dtype=object), 'phones-accuracy': array([2. , 1.2, 2. ]), 'stress': 10, 'text': 'GET', 'total': 10, 'mispronunciations': array([], dtype=object)}
 {'accuracy': 10, 'phones': array(['AH0'], dtype=object), 'phones-accuracy': array([2.]), 'stress': 10, 'text': 'A', 'total': 10, 'mispronunciations': array([], dtype=object)}
 {'accuracy': 5, 'phones': array(['HH', 'OW0', 'L', 'D'], dtype=object), 'phones-accuracy': array([2. , 1.6, 1.6, 0.6]), 'stress': 10, 'text': 'HOLD', 'total': 6, 'mispronunciations': array([], dtype=object)}
 {'accuracy': 10, 'phones': array(['AH0', 'V'], dtype=object), 'phones-accuracy': array([1.6, 2. ]), 'stress': 10, 'text': 'OF', 'total': 10, 'mispronunciations': array([], dtype=object)}
 {'accuracy': 10, 'phones': array(['Y', 'UW0'], dtype=object), 'phones-accuracy': array([2., 2.]), 'stress': 10, 'text': 'YOU', 'total': 10, 'mispronunciations': array([], dtype=object)}]",2244,f,20,train,022440286,-61.22943291813135
022440286,207,AH0,0.8500000238418579,0.8899999856948853,-58.10634231567383,the,2.0,8,10.0,8,8,7,"[{'accuracy': 10, 'phones': array(['W', 'AH0', 'T', 'S'], dtype=object), 'phones-accuracy': array([2., 2., 2., 2.]), 'stress': 10, 'text': ""WHAT'S"", 'total': 10, 'mispronunciations': array([], dtype=object)}
 {'accuracy': 10, 'phones': array(['DH', 'AH0'], dtype=object), 'phones-accuracy': array([2., 2.]), 'stress': 10, 'text': 'THE', 'total': 10, 'mispronunciations': array([], dtype=object)}
 {'accuracy': 10, 'phones': array(['B', 'EH0', 'S', 'T'], dtype=object), 'phones-accuracy': array([2., 2., 2., 2.]), 'stress': 10, 'text': 'BEST', 'total': 10, 'mispronunciations': array([], dtype=object)}
 {'accuracy': 10, 'phones': array(['W', 'EY0'], dtype=object), 'phones-accuracy': array([2., 2.]), 'stress': 10, 'text': 'WAY', 'total': 10, 'mispronunciations': array([], dtype=object)}
 {'accuracy': 10, 'phones': array(['T', 'UW0'], dtype=object), 'phones-accuracy': array([2., 2.]), 'stress': 10, 'text': 'TO', 'total': 10, 'mispronunciations': array([], dtype=object)}
 {'accuracy': 10, 'phones': array(['G', 'EH0', 'T'], dtype=object), 'phones-accuracy': array([2. , 1.2, 2. ]), 'stress': 10, 'text': 'GET', 'total': 10, 'mispronunciations': array([], dtype=object)}
 {'accuracy': 10, 'phones': array(['AH0'], dtype=object), 'phones-accuracy': array([2.]), 'stress': 10, 'text': 'A', 'total': 10, 'mispronunciations': array([], dtype=object)}
 {'accuracy': 5, 'phones': array(['HH', 'OW0', 'L', 'D'], dtype=object), 'phones-accuracy': array([2. , 1.6, 1.6, 0.6]), 'stress': 10, 'text': 'HOLD', 'total': 6, 'mispronunciations': array([], dtype=object)}
 {'accuracy': 10, 'phones': array(['AH0', 'V'], dtype=object), 'phones-accuracy': array([1.6, 2. ]), 'stress': 10, 'text': 'OF', 'total': 10, 'mispronunciations': array([], dtype=object)}
 {'accuracy': 10, 'phones': array(['Y', 'UW0'], dtype=object), 'phones-accuracy': array([2., 2.]), 'stress': 10, 'text': 'YOU', 'total': 10, 'mispronunciations': array([], dtype=object)}]",2244,f,20,train,022440286,-57.882235541939735
022440286,208,B,0.8899999856948853,0.9800000190734864,-57.09159469604492,best,2.0,8,10.0,8,8,7,"[{'accuracy': 10, 'phones': array(['W', 'AH0', 'T', 'S'], dtype=object), 'phones-accuracy': array([2., 2., 2., 2.]), 'stress': 10, 'text': ""WHAT'S"", 'total': 10, 'mispronunciations': array([], dtype=object)}
 {'accuracy': 10, 'phones': array(['DH', 'AH0'], dtype=object), 'phones-accuracy': array([2., 2.]), 'stress': 10, 'text': 'THE', 'total': 10, 'mispronunciations': array([], dtype=object)}
 {'accuracy': 10, 'phones': array(['B', 'EH0', 'S', 'T'], dtype=object), 'phones-accuracy': array([2., 2., 2., 2.]), 'stress': 10, 'text': 'BEST', 'total': 10, 'mispronunciations': array([], dtype=object)}
 {'accuracy': 10, 'phones': array(['W', 'EY0'], dtype=object), 'phones-accuracy': array([2., 2.]), 'stress': 10, 'text': 'WAY', 'total': 10, 'mispronunciations': array([], dtype=object)}
 {'accuracy': 10, 'phones': array(['T', 'UW0'], dtype=object), 'phones-accuracy': array([2., 2.]), 'stress': 10, 'text': 'TO', 'total': 10, 'mispronunciations': array([], dtype=object)}
 {'accuracy': 10, 'phones': array(['G', 'EH0', 'T'], dtype=object), 'phones-accuracy': array([2. , 1.2, 2. ]), 'stress': 10, 'text': 'GET', 'total': 10, 'mispronunciations': array([], dtype=object)}
 {'accuracy': 10, 'phones': array(['AH0'], dtype=object), 'phones-accuracy': array([2.]), 'stress': 10, 'text': 'A', 'total': 10, 'mispronunciations': array([], dtype=object)}
 {'accuracy': 5, 'phones': array(['HH', 'OW0', 'L', 'D'], dtype=object), 'phones-accuracy': array([2. , 1.6, 1.6, 0.6]), 'stress': 10, 'text': 'HOLD', 'total': 6, 'mispronunciations': array([], dtype=object)}
 {'accuracy': 10, 'phones': array(['AH0', 'V'], dtype=object), 'phones-accuracy': array([1.6, 2. ]), 'stress': 10, 'text': 'OF', 'total': 10, 'mispronunciations': array([], dtype=object)}
 {'accuracy': 10, 'phones': array(['Y', 'UW0'], dtype=object), 'phones-accuracy': array([2., 2.]), 'stress': 10, 'text': 'YOU', 'total': 10, 'mispronunciations': array([], dtype=object)}]",2244,f,20,train,022440286,-56.965331107378006
022440286,209,EH1,0.9800000190734864,1.090000033378601,-39.82240295410156,best,,8,10.0,8,8,7,"[{'accuracy': 10, 'phones': array(['W', 'AH0', 'T', 'S'], dtype=object), 'phones-accuracy': array([2., 2., 2., 2.]), 'stress': 10, 'text': ""WHAT'S"", 'total': 10, 'mispronunciations': array([], dtype=object)}
 {'accuracy': 10, 'phones': array(['DH', 'AH0'], dtype=object), 'phones-accuracy': array([2., 2.]), 'stress': 10, 'text': 'THE', 'total': 10, 'mispronunciations': array([], dtype=object)}
 {'accuracy': 10, 'phones': array(['B', 'EH0', 'S', 'T'], dtype=object), 'phones-accuracy': array([2., 2., 2., 2.]), 'stress': 10, 'text': 'BEST', 'total': 10, 'mispronunciations': array([], dtype=object)}
 {'accuracy': 10, 'phones': array(['W', 'EY0'], dtype=object), 'phones-accuracy': array([2., 2.]), 'stress': 10, 'text': 'WAY', 'total': 10, 'mispronunciations': array([], dtype=object)}
 {'accuracy': 10, 'phones': array(['T', 'UW0'], dtype=object), 'phones-accuracy': array([2., 2.]), 'stress': 10, 'text': 'TO', 'total': 10, 'mispronunciations': array([], dtype=object)}
 {'accuracy': 10, 'phones': array(['G', 'EH0', 'T'], dtype=object), 'phones-accuracy': array([2. , 1.2, 2. ]), 'stress': 10, 'text': 'GET', 'total': 10, 'mispronunciations': array([], dtype=object)}
 {'accuracy': 10, 'phones': array(['AH0'], dtype=object), 'phones-accuracy': array([2.]), 'stress': 10, 'text': 'A', 'total': 10, 'mispronunciations': array([], dtype=object)}
 {'accuracy': 5, 'phones': array(['HH', 'OW0', 'L', 'D'], dtype=object), 'phones-accuracy': array([2. , 1.6, 1.6, 0.6]), 'stress': 10, 'text': 'HOLD', 'total': 6, 'mispronunciations': array([], dtype=object)}
 {'accuracy': 10, 'phones': array(['AH0', 'V'], dtype=object), 'phones-accuracy': array([1.6, 2. ]), 'stress': 10, 'text': 'OF', 'total': 10, 'mispronunciations': array([], dtype=object)}
 {'accuracy': 10, 'phones': array(['Y', 'UW0'], dtype=object), 'phones-accuracy': array([2., 2.]), 'stress': 10, 'text': 'YOU', 'total': 10, 'mispronunciations': array([], dtype=object)}]",2244,f,20,train,022440286,-39.50989127159119
022440286,210,S,1.090000033378601,1.149999976158142,-53.8017692565918,best,2.0,8,10.0,8,8,7,"[{'accuracy': 10, 'phones': array(['W', 'AH0', 'T', 'S'], dtype=object), 'phones-accuracy': array([2., 2., 2., 2.]), 'stress': 10, 'text': ""WHAT'S"", 'total': 10, 'mispronunciations': array([], dtype=object)}
 {'accuracy': 10, 'phones': array(['DH', 'AH0'], dtype=object), 'phones-accuracy': array([2., 2.]), 'stress': 10, 'text': 'THE', 'total': 10, 'mispronunciations': array([], dtype=object)}
 {'accuracy': 10, 'phones': array(['B', 'EH0', 'S', 'T'], dtype=object), 'phones-accuracy': array([2., 2., 2., 2.]), 'stress': 10, 'text': 'BEST', 'total': 10, 'mispronunciations': array([], dtype=object)}
 {'accuracy': 10, 'phones': array(['W', 'EY0'], dtype=object), 'phones-accuracy': array([2., 2.]), 'stress': 10, 'text': 'WAY', 'total': 10, 'mispronunciations': array([], dtype=object)}
 {'accuracy': 10, 'phones': array(['T', 'UW0'], dtype=object), 'phones-accuracy': array([2., 2.]), 'stress': 10, 'text': 'TO', 'total': 10, 'mispronunciations': array([], dtype=object)}
 {'accuracy': 10, 'phones': array(['G', 'EH0', 'T'], dtype=object), 'phones-accuracy': array([2. , 1.2, 2. ]), 'stress': 10, 'text': 'GET', 'total': 10, 'mispronunciations': array([], dtype=object)}
 {'accuracy': 10, 'phones': array(['AH0'], dtype=object), 'phones-accuracy': array([2.]), 'stress': 10, 'text': 'A', 'total': 10, 'mispronunciations': array([], dtype=object)}
 {'accuracy': 5, 'phones': array(['HH', 'OW0', 'L', 'D'], dtype=object), 'phones-accuracy': array([2. , 1.6, 1.6, 0.6]), 'stress': 10, 'text': 'HOLD', 'total': 6, 'mispronunciations': array([], dtype=object)}
 {'accuracy': 10, 'phones': array(['AH0', 'V'], dtype=object), 'phones-accuracy': array([1.6, 2. ]), 'stress': 10, 'text': 'OF', 'total': 10, 'mispronunciations': array([], dtype=object)}
 {'accuracy': 10, 'phones': array(['Y', 'UW0'], dtype=object), 'phones-accuracy': array([2., 2.]), 'stress': 10, 'text': 'YOU', 'total': 10, 'mispronunciations': array([], dtype=object)}]",2244,f,20,train,022440286,-53.62913542985916
022440286,211,T,1.149999976158142,1.2100000381469729,-66.03791046142578,best,2.0,8,10.0,8,8,7,"[{'accuracy': 10, 'phones': array(['W', 'AH0', 'T', 'S'], dtype=object), 'phones-accuracy': array([2., 2., 2., 2.]), 'stress': 10, 'text': ""WHAT'S"", 'total': 10, 'mispronunciations': array([], dtype=object)}
 {'accuracy': 10, 'phones': array(['DH', 'AH0'], dtype=object), 'phones-accuracy': array([2., 2.]), 'stress': 10, 'text': 'THE', 'total': 10, 'mispronunciations': array([], dtype=object)}
 {'accuracy': 10, 'phones': array(['B', 'EH0', 'S', 'T'], dtype=object), 'phones-accuracy': array([2., 2., 2., 2.]), 'stress': 10, 'text': 'BEST', 'total': 10, 'mispronunciations': array([], dtype=object)}
 {'accuracy': 10, 'phones': array(['W', 'EY0'], dtype=object), 'phones-accuracy': array([2., 2.]), 'stress': 10, 'text': 'WAY', 'total': 10, 'mispronunciations': array([], dtype=object)}
 {'accuracy': 10, 'phones': array(['T', 'UW0'], dtype=object), 'phones-accuracy': array([2., 2.]), 'stress': 10, 'text': 'TO', 'total': 10, 'mispronunciations': array([], dtype=object)}
 {'accuracy': 10, 'phones': array(['G', 'EH0', 'T'], dtype=object), 'phones-accuracy': array([2. , 1.2, 2. ]), 'stress': 10, 'text': 'GET', 'total': 10, 'mispronunciations': array([], dtype=object)}
 {'accuracy': 10, 'phones': array(['AH0'], dtype=object), 'phones-accuracy': array([2.]), 'stress': 10, 'text': 'A', 'total': 10, 'mispronunciations': array([], dtype=object)}
 {'accuracy': 5, 'phones': array(['HH', 'OW0', 'L', 'D'], dtype=object), 'phones-accuracy': array([2. , 1.6, 1.6, 0.6]), 'stress': 10, 'text': 'HOLD', 'total': 6, 'mispronunciations': array([], dtype=object)}
 {'accuracy': 10, 'phones': array(['AH0', 'V'], dtype=object), 'phones-accuracy': array([1.6, 2. ]), 'stress': 10, 'text': 'OF', 'total': 10, 'mispronunciations': array([], dtype=object)}
 {'accuracy': 10, 'phones': array(['Y', 'UW0'], dtype=object), 'phones-accuracy': array([2., 2.]), 'stress': 10, 'text': 'YOU', 'total': 10, 'mispronunciations': array([], dtype=object)}]",2244,f,20,train,022440286,-65.87966102361679
022440286,212,W,1.2100000381469729,1.350000023841858,-52.27194213867188,way,2.0,8,10.0,8,8,7,"[{'accuracy': 10, 'phones': array(['W', 'AH0', 'T', 'S'], dtype=object), 'phones-accuracy': array([2., 2., 2., 2.]), 'stress': 10, 'text': ""WHAT'S"", 'total': 10, 'mispronunciations': array([], dtype=object)}
 {'accuracy': 10, 'phones': array(['DH', 'AH0'], dtype=object), 'phones-accuracy': array([2., 2.]), 'stress': 10, 'text': 'THE', 'total': 10, 'mispronunciations': array([], dtype=object)}
 {'accuracy': 10, 'phones': array(['B', 'EH0', 'S', 'T'], dtype=object), 'phones-accuracy': array([2., 2., 2., 2.]), 'stress': 10, 'text': 'BEST', 'total': 10, 'mispronunciations': array([], dtype=object)}
 {'accuracy': 10, 'phones': array(['W', 'EY0'], dtype=object), 'phones-accuracy': array([2., 2.]), 'stress': 10, 'text': 'WAY', 'total': 10, 'mispronunciations': array([], dtype=object)}
 {'accuracy': 10, 'phones': array(['T', 'UW0'], dtype=object), 'phones-accuracy': array([2., 2.]), 'stress': 10, 'text': 'TO', 'total': 10, 'mispronunciations': array([], dtype=object)}
 {'accuracy': 10, 'phones': array(['G', 'EH0', 'T'], dtype=object), 'phones-accuracy': array([2. , 1.2, 2. ]), 'stress': 10, 'text': 'GET', 'total': 10, 'mispronunciations': array([], dtype=object)}
 {'accuracy': 10, 'phones': array(['AH0'], dtype=object), 'phones-accuracy': array([2.]), 'stress': 10, 'text': 'A', 'total': 10, 'mispronunciations': array([], dtype=object)}
 {'accuracy': 5, 'phones': array(['HH', 'OW0', 'L', 'D'], dtype=object), 'phones-accuracy': array([2. , 1.6, 1.6, 0.6]), 'stress': 10, 'text': 'HOLD', 'total': 6, 'mispronunciations': array([], dtype=object)}
 {'accuracy': 10, 'phones': array(['AH0', 'V'], dtype=object), 'phones-accuracy': array([1.6, 2. ]), 'stress': 10, 'text': 'OF', 'total': 10, 'mispronunciations': array([], dtype=object)}
 {'accuracy': 10, 'phones': array(['Y', 'UW0'], dtype=object), 'phones-accuracy': array([2., 2.]), 'stress': 10, 'text': 'YOU', 'total': 10, 'mispronunciations': array([], dtype=object)}]",2244,f,20,train,022440286,-51.92048785090447
022440286,213,EY1,1.350000023841858,1.4800000190734863,-39.77745056152344,way,,8,10.0,8,8,7,"[{'accuracy': 10, 'phones': array(['W', 'AH0', 'T', 'S'], dtype=object), 'phones-accuracy': array([2., 2., 2., 2.]), 'stress': 10, 'text': ""WHAT'S"", 'total': 10, 'mispronunciations': array([], dtype=object)}
 {'accuracy': 10, 'phones': array(['DH', 'AH0'], dtype=object), 'phones-accuracy': array([2., 2.]), 'stress': 10, 'text': 'THE', 'total': 10, 'mispronunciations': array([], dtype=object)}
 {'accuracy': 10, 'phones': array(['B', 'EH0', 'S', 'T'], dtype=object), 'phones-accuracy': array([2., 2., 2., 2.]), 'stress': 10, 'text': 'BEST', 'total': 10, 'mispronunciations': array([], dtype=object)}
 {'accuracy': 10, 'phones': array(['W', 'EY0'], dtype=object), 'phones-accuracy': array([2., 2.]), 'stress': 10, 'text': 'WAY', 'total': 10, 'mispronunciations': array([], dtype=object)}
 {'accuracy': 10, 'phones': array(['T', 'UW0'], dtype=object), 'phones-accuracy': array([2., 2.]), 'stress': 10, 'text': 'TO', 'total': 10, 'mispronunciations': array([], dtype=object)}
 {'accuracy': 10, 'phones': array(['G', 'EH0', 'T'], dtype=object), 'phones-accuracy': array([2. , 1.2, 2. ]), 'stress': 10, 'text': 'GET', 'total': 10, 'mispronunciations': array([], dtype=object)}
 {'accuracy': 10, 'phones': array(['AH0'], dtype=object), 'phones-accuracy': array([2.]), 'stress': 10, 'text': 'A', 'total': 10, 'mispronunciations': array([], dtype=object)}
 {'accuracy': 5, 'phones': array(['HH', 'OW0', 'L', 'D'], dtype=object), 'phones-accuracy': array([2. , 1.6, 1.6, 0.6]), 'stress': 10, 'text': 'HOLD', 'total': 6, 'mispronunciations': array([], dtype=object)}
 {'accuracy': 10, 'phones': array(['AH0', 'V'], dtype=object), 'phones-accuracy': array([1.6, 2. ]), 'stress': 10, 'text': 'OF', 'total': 10, 'mispronunciations': array([], dtype=object)}
 {'accuracy': 10, 'phones': array(['Y', 'UW0'], dtype=object), 'phones-accuracy': array([2., 2.]), 'stress': 10, 'text': 'YOU', 'total': 10, 'mispronunciations': array([], dtype=object)}]",2244,f,20,train,022440286,-39.59230101108551
022440286,214,T,1.4800000190734863,1.590000033378601,-55.3425178527832,to,2.0,8,10.0,8,8,7,"[{'accuracy': 10, 'phones': array(['W', 'AH0', 'T', 'S'], dtype=object), 'phones-accuracy': array([2., 2., 2., 2.]), 'stress': 10, 'text': ""WHAT'S"", 'total': 10, 'mispronunciations': array([], dtype=object)}
 {'accuracy': 10, 'phones': array(['DH', 'AH0'], dtype=object), 'phones-accuracy': array([2., 2.]), 'stress': 10, 'text': 'THE', 'total': 10, 'mispronunciations': array([], dtype=object)}
 {'accuracy': 10, 'phones': array(['B', 'EH0', 'S', 'T'], dtype=object), 'phones-accuracy': array([2., 2., 2., 2.]), 'stress': 10, 'text': 'BEST', 'total': 10, 'mispronunciations': array([], dtype=object)}
 {'accuracy': 10, 'phones': array(['W', 'EY0'], dtype=object), 'phones-accuracy': array([2., 2.]), 'stress': 10, 'text': 'WAY', 'total': 10, 'mispronunciations': array([], dtype=object)}
 {'accuracy': 10, 'phones': array(['T', 'UW0'], dtype=object), 'phones-accuracy': array([2., 2.]), 'stress': 10, 'text': 'TO', 'total': 10, 'mispronunciations': array([], dtype=object)}
 {'accuracy': 10, 'phones': array(['G', 'EH0', 'T'], dtype=object), 'phones-accuracy': array([2. , 1.2, 2. ]), 'stress': 10, 'text': 'GET', 'total': 10, 'mispronunciations': array([], dtype=object)}
 {'accuracy': 10, 'phones': array(['AH0'], dtype=object), 'phones-accuracy': array([2.]), 'stress': 10, 'text': 'A', 'total': 10, 'mispronunciations': array([], dtype=object)}
 {'accuracy': 5, 'phones': array(['HH', 'OW0', 'L', 'D'], dtype=object), 'phones-accuracy': array([2. , 1.6, 1.6, 0.6]), 'stress': 10, 'text': 'HOLD', 'total': 6, 'mispronunciations': array([], dtype=object)}
 {'accuracy': 10, 'phones': array(['AH0', 'V'], dtype=object), 'phones-accuracy': array([1.6, 2. ]), 'stress': 10, 'text': 'OF', 'total': 10, 'mispronunciations': array([], dtype=object)}
 {'accuracy': 10, 'phones': array(['Y', 'UW0'], dtype=object), 'phones-accuracy': array([2., 2.]), 'stress': 10, 'text': 'YOU', 'total': 10, 'mispronunciations': array([], dtype=object)}]",2244,f,20,train,022440286,-55.2650990486145
022440286,215,AH0,1.590000033378601,1.6200000047683716,-57.08418655395508,to,2.0,8,10.0,8,8,7,"[{'accuracy': 10, 'phones': array(['W', 'AH0', 'T', 'S'], dtype=object), 'phones-accuracy': array([2., 2., 2., 2.]), 'stress': 10, 'text': ""WHAT'S"", 'total': 10, 'mispronunciations': array([], dtype=object)}
 {'accuracy': 10, 'phones': array(['DH', 'AH0'], dtype=object), 'phones-accuracy': array([2., 2.]), 'stress': 10, 'text': 'THE', 'total': 10, 'mispronunciations': array([], dtype=object)}
 {'accuracy': 10, 'phones': array(['B', 'EH0', 'S', 'T'], dtype=object), 'phones-accuracy': array([2., 2., 2., 2.]), 'stress': 10, 'text': 'BEST', 'total': 10, 'mispronunciations': array([], dtype=object)}
 {'accuracy': 10, 'phones': array(['W', 'EY0'], dtype=object), 'phones-accuracy': array([2., 2.]), 'stress': 10, 'text': 'WAY', 'total': 10, 'mispronunciations': array([], dtype=object)}
 {'accuracy': 10, 'phones': array(['T', 'UW0'], dtype=object), 'phones-accuracy': array([2., 2.]), 'stress': 10, 'text': 'TO', 'total': 10, 'mispronunciations': array([], dtype=object)}
 {'accuracy': 10, 'phones': array(['G', 'EH0', 'T'], dtype=object), 'phones-accuracy': array([2. , 1.2, 2. ]), 'stress': 10, 'text': 'GET', 'total': 10, 'mispronunciations': array([], dtype=object)}
 {'accuracy': 10, 'phones': array(['AH0'], dtype=object), 'phones-accuracy': array([2.]), 'stress': 10, 'text': 'A', 'total': 10, 'mispronunciations': array([], dtype=object)}
 {'accuracy': 5, 'phones': array(['HH', 'OW0', 'L', 'D'], dtype=object), 'phones-accuracy': array([2. , 1.6, 1.6, 0.6]), 'stress': 10, 'text': 'HOLD', 'total': 6, 'mispronunciations': array([], dtype=object)}
 {'accuracy': 10, 'phones': array(['AH0', 'V'], dtype=object), 'phones-accuracy': array([1.6, 2. ]), 'stress': 10, 'text': 'OF', 'total': 10, 'mispronunciations': array([], dtype=object)}
 {'accuracy': 10, 'phones': array(['Y', 'UW0'], dtype=object), 'phones-accuracy': array([2., 2.]), 'stress': 10, 'text': 'YOU', 'total': 10, 'mispronunciations': array([], dtype=object)}]",2244,f,20,train,022440286,-56.8834088742733
022440286,216,G,1.6200000047683716,1.75,-52.24676513671875,get,2.0,8,10.0,8,8,7,"[{'accuracy': 10, 'phones': array(['W', 'AH0', 'T', 'S'], dtype=object), 'phones-accuracy': array([2., 2., 2., 2.]), 'stress': 10, 'text': ""WHAT'S"", 'total': 10, 'mispronunciations': array([], dtype=object)}
 {'accuracy': 10, 'phones': array(['DH', 'AH0'], dtype=object), 'phones-accuracy': array([2., 2.]), 'stress': 10, 'text': 'THE', 'total': 10, 'mispronunciations': array([], dtype=object)}
 {'accuracy': 10, 'phones': array(['B', 'EH0', 'S', 'T'], dtype=object), 'phones-accuracy': array([2., 2., 2., 2.]), 'stress': 10, 'text': 'BEST', 'total': 10, 'mispronunciations': array([], dtype=object)}
 {'accuracy': 10, 'phones': array(['W', 'EY0'], dtype=object), 'phones-accuracy': array([2., 2.]), 'stress': 10, 'text': 'WAY', 'total': 10, 'mispronunciations': array([], dtype=object)}
 {'accuracy': 10, 'phones': array(['T', 'UW0'], dtype=object), 'phones-accuracy': array([2., 2.]), 'stress': 10, 'text': 'TO', 'total': 10, 'mispronunciations': array([], dtype=object)}
 {'accuracy': 10, 'phones': array(['G', 'EH0', 'T'], dtype=object), 'phones-accuracy': array([2. , 1.2, 2. ]), 'stress': 10, 'text': 'GET', 'total': 10, 'mispronunciations': array([], dtype=object)}
 {'accuracy': 10, 'phones': array(['AH0'], dtype=object), 'phones-accuracy': array([2.]), 'stress': 10, 'text': 'A', 'total': 10, 'mispronunciations': array([], dtype=object)}
 {'accuracy': 5, 'phones': array(['HH', 'OW0', 'L', 'D'], dtype=object), 'phones-accuracy': array([2. , 1.6, 1.6, 0.6]), 'stress': 10, 'text': 'HOLD', 'total': 6, 'mispronunciations': array([], dtype=object)}
 {'accuracy': 10, 'phones': array(['AH0', 'V'], dtype=object), 'phones-accuracy': array([1.6, 2. ]), 'stress': 10, 'text': 'OF', 'total': 10, 'mispronunciations': array([], dtype=object)}
 {'accuracy': 10, 'phones': array(['Y', 'UW0'], dtype=object), 'phones-accuracy': array([2., 2.]), 'stress': 10, 'text': 'YOU', 'total': 10, 'mispronunciations': array([], dtype=object)}]",2244,f,20,train,022440286,-52.038378074765205
022440286,217,IH1,1.75,1.850000023841858,-40.33059310913086,get,,8,10.0,8,8,7,"[{'accuracy': 10, 'phones': array(['W', 'AH0', 'T', 'S'], dtype=object), 'phones-accuracy': array([2., 2., 2., 2.]), 'stress': 10, 'text': ""WHAT'S"", 'total': 10, 'mispronunciations': array([], dtype=object)}
 {'accuracy': 10, 'phones': array(['DH', 'AH0'], dtype=object), 'phones-accuracy': array([2., 2.]), 'stress': 10, 'text': 'THE', 'total': 10, 'mispronunciations': array([], dtype=object)}
 {'accuracy': 10, 'phones': array(['B', 'EH0', 'S', 'T'], dtype=object), 'phones-accuracy': array([2., 2., 2., 2.]), 'stress': 10, 'text': 'BEST', 'total': 10, 'mispronunciations': array([], dtype=object)}
 {'accuracy': 10, 'phones': array(['W', 'EY0'], dtype=object), 'phones-accuracy': array([2., 2.]), 'stress': 10, 'text': 'WAY', 'total': 10, 'mispronunciations': array([], dtype=object)}
 {'accuracy': 10, 'phones': array(['T', 'UW0'], dtype=object), 'phones-accuracy': array([2., 2.]), 'stress': 10, 'text': 'TO', 'total': 10, 'mispronunciations': array([], dtype=object)}
 {'accuracy': 10, 'phones': array(['G', 'EH0', 'T'], dtype=object), 'phones-accuracy': array([2. , 1.2, 2. ]), 'stress': 10, 'text': 'GET', 'total': 10, 'mispronunciations': array([], dtype=object)}
 {'accuracy': 10, 'phones': array(['AH0'], dtype=object), 'phones-accuracy': array([2.]), 'stress': 10, 'text': 'A', 'total': 10, 'mispronunciations': array([], dtype=object)}
 {'accuracy': 5, 'phones': array(['HH', 'OW0', 'L', 'D'], dtype=object), 'phones-accuracy': array([2. , 1.6, 1.6, 0.6]), 'stress': 10, 'text': 'HOLD', 'total': 6, 'mispronunciations': array([], dtype=object)}
 {'accuracy': 10, 'phones': array(['AH0', 'V'], dtype=object), 'phones-accuracy': array([1.6, 2. ]), 'stress': 10, 'text': 'OF', 'total': 10, 'mispronunciations': array([], dtype=object)}
 {'accuracy': 10, 'phones': array(['Y', 'UW0'], dtype=object), 'phones-accuracy': array([2., 2.]), 'stress': 10, 'text': 'YOU', 'total': 10, 'mispronunciations': array([], dtype=object)}]",2244,f,20,train,022440286,-40.06939187645912
022440286,218,T,1.850000023841858,1.919999957084656,-61.94889450073242,get,2.0,8,10.0,8,8,7,"[{'accuracy': 10, 'phones': array(['W', 'AH0', 'T', 'S'], dtype=object), 'phones-accuracy': array([2., 2., 2., 2.]), 'stress': 10, 'text': ""WHAT'S"", 'total': 10, 'mispronunciations': array([], dtype=object)}
 {'accuracy': 10, 'phones': array(['DH', 'AH0'], dtype=object), 'phones-accuracy': array([2., 2.]), 'stress': 10, 'text': 'THE', 'total': 10, 'mispronunciations': array([], dtype=object)}
 {'accuracy': 10, 'phones': array(['B', 'EH0', 'S', 'T'], dtype=object), 'phones-accuracy': array([2., 2., 2., 2.]), 'stress': 10, 'text': 'BEST', 'total': 10, 'mispronunciations': array([], dtype=object)}
 {'accuracy': 10, 'phones': array(['W', 'EY0'], dtype=object), 'phones-accuracy': array([2., 2.]), 'stress': 10, 'text': 'WAY', 'total': 10, 'mispronunciations': array([], dtype=object)}
 {'accuracy': 10, 'phones': array(['T', 'UW0'], dtype=object), 'phones-accuracy': array([2., 2.]), 'stress': 10, 'text': 'TO', 'total': 10, 'mispronunciations': array([], dtype=object)}
 {'accuracy': 10, 'phones': array(['G', 'EH0', 'T'], dtype=object), 'phones-accuracy': array([2. , 1.2, 2. ]), 'stress': 10, 'text': 'GET', 'total': 10, 'mispronunciations': array([], dtype=object)}
 {'accuracy': 10, 'phones': array(['AH0'], dtype=object), 'phones-accuracy': array([2.]), 'stress': 10, 'text': 'A', 'total': 10, 'mispronunciations': array([], dtype=object)}
 {'accuracy': 5, 'phones': array(['HH', 'OW0', 'L', 'D'], dtype=object), 'phones-accuracy': array([2. , 1.6, 1.6, 0.6]), 'stress': 10, 'text': 'HOLD', 'total': 6, 'mispronunciations': array([], dtype=object)}
 {'accuracy': 10, 'phones': array(['AH0', 'V'], dtype=object), 'phones-accuracy': array([1.6, 2. ]), 'stress': 10, 'text': 'OF', 'total': 10, 'mispronunciations': array([], dtype=object)}
 {'accuracy': 10, 'phones': array(['Y', 'UW0'], dtype=object), 'phones-accuracy': array([2., 2.]), 'stress': 10, 'text': 'YOU', 'total': 10, 'mispronunciations': array([], dtype=object)}]",2244,f,20,train,022440286,-61.70404629409313
022440286,219,AH0,1.919999957084656,2.0199999809265137,-52.5582389831543,a,2.0,8,10.0,8,8,7,"[{'accuracy': 10, 'phones': array(['W', 'AH0', 'T', 'S'], dtype=object), 'phones-accuracy': array([2., 2., 2., 2.]), 'stress': 10, 'text': ""WHAT'S"", 'total': 10, 'mispronunciations': array([], dtype=object)}
 {'accuracy': 10, 'phones': array(['DH', 'AH0'], dtype=object), 'phones-accuracy': array([2., 2.]), 'stress': 10, 'text': 'THE', 'total': 10, 'mispronunciations': array([], dtype=object)}
 {'accuracy': 10, 'phones': array(['B', 'EH0', 'S', 'T'], dtype=object), 'phones-accuracy': array([2., 2., 2., 2.]), 'stress': 10, 'text': 'BEST', 'total': 10, 'mispronunciations': array([], dtype=object)}
 {'accuracy': 10, 'phones': array(['W', 'EY0'], dtype=object), 'phones-accuracy': array([2., 2.]), 'stress': 10, 'text': 'WAY', 'total': 10, 'mispronunciations': array([], dtype=object)}
 {'accuracy': 10, 'phones': array(['T', 'UW0'], dtype=object), 'phones-accuracy': array([2., 2.]), 'stress': 10, 'text': 'TO', 'total': 10, 'mispronunciations': array([], dtype=object)}
 {'accuracy': 10, 'phones': array(['G', 'EH0', 'T'], dtype=object), 'phones-accuracy': array([2. , 1.2, 2. ]), 'stress': 10, 'text': 'GET', 'total': 10, 'mispronunciations': array([], dtype=object)}
 {'accuracy': 10, 'phones': array(['AH0'], dtype=object), 'phones-accuracy': array([2.]), 'stress': 10, 'text': 'A', 'total': 10, 'mispronunciations': array([], dtype=object)}
 {'accuracy': 5, 'phones': array(['HH', 'OW0', 'L', 'D'], dtype=object), 'phones-accuracy': array([2. , 1.6, 1.6, 0.6]), 'stress': 10, 'text': 'HOLD', 'total': 6, 'mispronunciations': array([], dtype=object)}
 {'accuracy': 10, 'phones': array(['AH0', 'V'], dtype=object), 'phones-accuracy': array([1.6, 2. ]), 'stress': 10, 'text': 'OF', 'total': 10, 'mispronunciations': array([], dtype=object)}
 {'accuracy': 10, 'phones': array(['Y', 'UW0'], dtype=object), 'phones-accuracy': array([2., 2.]), 'stress': 10, 'text': 'YOU', 'total': 10, 'mispronunciations': array([], dtype=object)}]",2244,f,20,train,022440286,-52.41204775869846
022440286,220,HH,2.0199999809265137,2.150000095367432,-47.14316177368164,hold,2.0,8,10.0,8,8,7,"[{'accuracy': 10, 'phones': array(['W', 'AH0', 'T', 'S'], dtype=object), 'phones-accuracy': array([2., 2., 2., 2.]), 'stress': 10, 'text': ""WHAT'S"", 'total': 10, 'mispronunciations': array([], dtype=object)}
 {'accuracy': 10, 'phones': array(['DH', 'AH0'], dtype=object), 'phones-accuracy': array([2., 2.]), 'stress': 10, 'text': 'THE', 'total': 10, 'mispronunciations': array([], dtype=object)}
 {'accuracy': 10, 'phones': array(['B', 'EH0', 'S', 'T'], dtype=object), 'phones-accuracy': array([2., 2., 2., 2.]), 'stress': 10, 'text': 'BEST', 'total': 10, 'mispronunciations': array([], dtype=object)}
 {'accuracy': 10, 'phones': array(['W', 'EY0'], dtype=object), 'phones-accuracy': array([2., 2.]), 'stress': 10, 'text': 'WAY', 'total': 10, 'mispronunciations': array([], dtype=object)}
 {'accuracy': 10, 'phones': array(['T', 'UW0'], dtype=object), 'phones-accuracy': array([2., 2.]), 'stress': 10, 'text': 'TO', 'total': 10, 'mispronunciations': array([], dtype=object)}
 {'accuracy': 10, 'phones': array(['G', 'EH0', 'T'], dtype=object), 'phones-accuracy': array([2. , 1.2, 2. ]), 'stress': 10, 'text': 'GET', 'total': 10, 'mispronunciations': array([], dtype=object)}
 {'accuracy': 10, 'phones': array(['AH0'], dtype=object), 'phones-accuracy': array([2.]), 'stress': 10, 'text': 'A', 'total': 10, 'mispronunciations': array([], dtype=object)}
 {'accuracy': 5, 'phones': array(['HH', 'OW0', 'L', 'D'], dtype=object), 'phones-accuracy': array([2. , 1.6, 1.6, 0.6]), 'stress': 10, 'text': 'HOLD', 'total': 6, 'mispronunciations': array([], dtype=object)}
 {'accuracy': 10, 'phones': array(['AH0', 'V'], dtype=object), 'phones-accuracy': array([1.6, 2. ]), 'stress': 10, 'text': 'OF', 'total': 10, 'mispronunciations': array([], dtype=object)}
 {'accuracy': 10, 'phones': array(['Y', 'UW0'], dtype=object), 'phones-accuracy': array([2., 2.]), 'stress': 10, 'text': 'YOU', 'total': 10, 'mispronunciations': array([], dtype=object)}]",2244,f,20,train,022440286,-47.08351626992226
022440286,221,OW1,2.150000095367432,2.299999952316284,-35.44114303588867,hold,,8,10.0,8,8,7,"[{'accuracy': 10, 'phones': array(['W', 'AH0', 'T', 'S'], dtype=object), 'phones-accuracy': array([2., 2., 2., 2.]), 'stress': 10, 'text': ""WHAT'S"", 'total': 10, 'mispronunciations': array([], dtype=object)}
 {'accuracy': 10, 'phones': array(['DH', 'AH0'], dtype=object), 'phones-accuracy': array([2., 2.]), 'stress': 10, 'text': 'THE', 'total': 10, 'mispronunciations': array([], dtype=object)}
 {'accuracy': 10, 'phones': array(['B', 'EH0', 'S', 'T'], dtype=object), 'phones-accuracy': array([2., 2., 2., 2.]), 'stress': 10, 'text': 'BEST', 'total': 10, 'mispronunciations': array([], dtype=object)}
 {'accuracy': 10, 'phones': array(['W', 'EY0'], dtype=object), 'phones-accuracy': array([2., 2.]), 'stress': 10, 'text': 'WAY', 'total': 10, 'mispronunciations': array([], dtype=object)}
 {'accuracy': 10, 'phones': array(['T', 'UW0'], dtype=object), 'phones-accuracy': array([2., 2.]), 'stress': 10, 'text': 'TO', 'total': 10, 'mispronunciations': array([], dtype=object)}
 {'accuracy': 10, 'phones': array(['G', 'EH0', 'T'], dtype=object), 'phones-accuracy': array([2. , 1.2, 2. ]), 'stress': 10, 'text': 'GET', 'total': 10, 'mispronunciations': array([], dtype=object)}
 {'accuracy': 10, 'phones': array(['AH0'], dtype=object), 'phones-accuracy': array([2.]), 'stress': 10, 'text': 'A', 'total': 10, 'mispronunciations': array([], dtype=object)}
 {'accuracy': 5, 'phones': array(['HH', 'OW0', 'L', 'D'], dtype=object), 'phones-accuracy': array([2. , 1.6, 1.6, 0.6]), 'stress': 10, 'text': 'HOLD', 'total': 6, 'mispronunciations': array([], dtype=object)}
 {'accuracy': 10, 'phones': array(['AH0', 'V'], dtype=object), 'phones-accuracy': array([1.6, 2. ]), 'stress': 10, 'text': 'OF', 'total': 10, 'mispronunciations': array([], dtype=object)}
 {'accuracy': 10, 'phones': array(['Y', 'UW0'], dtype=object), 'phones-accuracy': array([2., 2.]), 'stress': 10, 'text': 'YOU', 'total': 10, 'mispronunciations': array([], dtype=object)}]",2244,f,20,train,022440286,-35.22239778935909
022440286,222,L,2.299999952316284,2.3299999237060547,-46.54642105102539,hold,1.6,8,10.0,8,8,7,"[{'accuracy': 10, 'phones': array(['W', 'AH0', 'T', 'S'], dtype=object), 'phones-accuracy': array([2., 2., 2., 2.]), 'stress': 10, 'text': ""WHAT'S"", 'total': 10, 'mispronunciations': array([], dtype=object)}
 {'accuracy': 10, 'phones': array(['DH', 'AH0'], dtype=object), 'phones-accuracy': array([2., 2.]), 'stress': 10, 'text': 'THE', 'total': 10, 'mispronunciations': array([], dtype=object)}
 {'accuracy': 10, 'phones': array(['B', 'EH0', 'S', 'T'], dtype=object), 'phones-accuracy': array([2., 2., 2., 2.]), 'stress': 10, 'text': 'BEST', 'total': 10, 'mispronunciations': array([], dtype=object)}
 {'accuracy': 10, 'phones': array(['W', 'EY0'], dtype=object), 'phones-accuracy': array([2., 2.]), 'stress': 10, 'text': 'WAY', 'total': 10, 'mispronunciations': array([], dtype=object)}
 {'accuracy': 10, 'phones': array(['T', 'UW0'], dtype=object), 'phones-accuracy': array([2., 2.]), 'stress': 10, 'text': 'TO', 'total': 10, 'mispronunciations': array([], dtype=object)}
 {'accuracy': 10, 'phones': array(['G', 'EH0', 'T'], dtype=object), 'phones-accuracy': array([2. , 1.2, 2. ]), 'stress': 10, 'text': 'GET', 'total': 10, 'mispronunciations': array([], dtype=object)}
 {'accuracy': 10, 'phones': array(['AH0'], dtype=object), 'phones-accuracy': array([2.]), 'stress': 10, 'text': 'A', 'total': 10, 'mispronunciations': array([], dtype=object)}
 {'accuracy': 5, 'phones': array(['HH', 'OW0', 'L', 'D'], dtype=object), 'phones-accuracy': array([2. , 1.6, 1.6, 0.6]), 'stress': 10, 'text': 'HOLD', 'total': 6, 'mispronunciations': array([], dtype=object)}
 {'accuracy': 10, 'phones': array(['AH0', 'V'], dtype=object), 'phones-accuracy': array([1.6, 2. ]), 'stress': 10, 'text': 'OF', 'total': 10, 'mispronunciations': array([], dtype=object)}
 {'accuracy': 10, 'phones': array(['Y', 'UW0'], dtype=object), 'phones-accuracy': array([2., 2.]), 'stress': 10, 'text': 'YOU', 'total': 10, 'mispronunciations': array([], dtype=object)}]",2244,f,20,train,022440286,-46.407684341073036
022440286,223,D,2.3299999237060547,2.359999895095825,-55.9123420715332,hold,0.6,8,10.0,8,8,7,"[{'accuracy': 10, 'phones': array(['W', 'AH0', 'T', 'S'], dtype=object), 'phones-accuracy': array([2., 2., 2., 2.]), 'stress': 10, 'text': ""WHAT'S"", 'total': 10, 'mispronunciations': array([], dtype=object)}
 {'accuracy': 10, 'phones': array(['DH', 'AH0'], dtype=object), 'phones-accuracy': array([2., 2.]), 'stress': 10, 'text': 'THE', 'total': 10, 'mispronunciations': array([], dtype=object)}
 {'accuracy': 10, 'phones': array(['B', 'EH0', 'S', 'T'], dtype=object), 'phones-accuracy': array([2., 2., 2., 2.]), 'stress': 10, 'text': 'BEST', 'total': 10, 'mispronunciations': array([], dtype=object)}
 {'accuracy': 10, 'phones': array(['W', 'EY0'], dtype=object), 'phones-accuracy': array([2., 2.]), 'stress': 10, 'text': 'WAY', 'total': 10, 'mispronunciations': array([], dtype=object)}
 {'accuracy': 10, 'phones': array(['T', 'UW0'], dtype=object), 'phones-accuracy': array([2., 2.]), 'stress': 10, 'text': 'TO', 'total': 10, 'mispronunciations': array([], dtype=object)}
 {'accuracy': 10, 'phones': array(['G', 'EH0', 'T'], dtype=object), 'phones-accuracy': array([2. , 1.2, 2. ]), 'stress': 10, 'text': 'GET', 'total': 10, 'mispronunciations': array([], dtype=object)}
 {'accuracy': 10, 'phones': array(['AH0'], dtype=object), 'phones-accuracy': array([2.]), 'stress': 10, 'text': 'A', 'total': 10, 'mispronunciations': array([], dtype=object)}
 {'accuracy': 5, 'phones': array(['HH', 'OW0', 'L', 'D'], dtype=object), 'phones-accuracy': array([2. , 1.6, 1.6, 0.6]), 'stress': 10, 'text': 'HOLD', 'total': 6, 'mispronunciations': array([], dtype=object)}
 {'accuracy': 10, 'phones': array(['AH0', 'V'], dtype=object), 'phones-accuracy': array([1.6, 2. ]), 'stress': 10, 'text': 'OF', 'total': 10, 'mispronunciations': array([], dtype=object)}
 {'accuracy': 10, 'phones': array(['Y', 'UW0'], dtype=object), 'phones-accuracy': array([2., 2.]), 'stress': 10, 'text': 'YOU', 'total': 10, 'mispronunciations': array([], dtype=object)}]",2244,f,20,train,022440286,-55.7957416549325
022440286,224,AH1,2.359999895095825,2.440000057220459,-49.435821533203125,of,,8,10.0,8,8,7,"[{'accuracy': 10, 'phones': array(['W', 'AH0', 'T', 'S'], dtype=object), 'phones-accuracy': array([2., 2., 2., 2.]), 'stress': 10, 'text': ""WHAT'S"", 'total': 10, 'mispronunciations': array([], dtype=object)}
 {'accuracy': 10, 'phones': array(['DH', 'AH0'], dtype=object), 'phones-accuracy': array([2., 2.]), 'stress': 10, 'text': 'THE', 'total': 10, 'mispronunciations': array([], dtype=object)}
 {'accuracy': 10, 'phones': array(['B', 'EH0', 'S', 'T'], dtype=object), 'phones-accuracy': array([2., 2., 2., 2.]), 'stress': 10, 'text': 'BEST', 'total': 10, 'mispronunciations': array([], dtype=object)}
 {'accuracy': 10, 'phones': array(['W', 'EY0'], dtype=object), 'phones-accuracy': array([2., 2.]), 'stress': 10, 'text': 'WAY', 'total': 10, 'mispronunciations': array([], dtype=object)}
 {'accuracy': 10, 'phones': array(['T', 'UW0'], dtype=object), 'phones-accuracy': array([2., 2.]), 'stress': 10, 'text': 'TO', 'total': 10, 'mispronunciations': array([], dtype=object)}
 {'accuracy': 10, 'phones': array(['G', 'EH0', 'T'], dtype=object), 'phones-accuracy': array([2. , 1.2, 2. ]), 'stress': 10, 'text': 'GET', 'total': 10, 'mispronunciations': array([], dtype=object)}
 {'accuracy': 10, 'phones': array(['AH0'], dtype=object), 'phones-accuracy': array([2.]), 'stress': 10, 'text': 'A', 'total': 10, 'mispronunciations': array([], dtype=object)}
 {'accuracy': 5, 'phones': array(['HH', 'OW0', 'L', 'D'], dtype=object), 'phones-accuracy': array([2. , 1.6, 1.6, 0.6]), 'stress': 10, 'text': 'HOLD', 'total': 6, 'mispronunciations': array([], dtype=object)}
 {'accuracy': 10, 'phones': array(['AH0', 'V'], dtype=object), 'phones-accuracy': array([1.6, 2. ]), 'stress': 10, 'text': 'OF', 'total': 10, 'mispronunciations': array([], dtype=object)}
 {'accuracy': 10, 'phones': array(['Y', 'UW0'], dtype=object), 'phones-accuracy': array([2., 2.]), 'stress': 10, 'text': 'YOU', 'total': 10, 'mispronunciations': array([], dtype=object)}]",2244,f,20,train,022440286,-49.22341626882553
022440286,225,V,2.440000057220459,2.5199999809265137,-56.467472076416016,of,2.0,8,10.0,8,8,7,"[{'accuracy': 10, 'phones': array(['W', 'AH0', 'T', 'S'], dtype=object), 'phones-accuracy': array([2., 2., 2., 2.]), 'stress': 10, 'text': ""WHAT'S"", 'total': 10, 'mispronunciations': array([], dtype=object)}
 {'accuracy': 10, 'phones': array(['DH', 'AH0'], dtype=object), 'phones-accuracy': array([2., 2.]), 'stress': 10, 'text': 'THE', 'total': 10, 'mispronunciations': array([], dtype=object)}
 {'accuracy': 10, 'phones': array(['B', 'EH0', 'S', 'T'], dtype=object), 'phones-accuracy': array([2., 2., 2., 2.]), 'stress': 10, 'text': 'BEST', 'total': 10, 'mispronunciations': array([], dtype=object)}
 {'accuracy': 10, 'phones': array(['W', 'EY0'], dtype=object), 'phones-accuracy': array([2., 2.]), 'stress': 10, 'text': 'WAY', 'total': 10, 'mispronunciations': array([], dtype=object)}
 {'accuracy': 10, 'phones': array(['T', 'UW0'], dtype=object), 'phones-accuracy': array([2., 2.]), 'stress': 10, 'text': 'TO', 'total': 10, 'mispronunciations': array([], dtype=object)}
 {'accuracy': 10, 'phones': array(['G', 'EH0', 'T'], dtype=object), 'phones-accuracy': array([2. , 1.2, 2. ]), 'stress': 10, 'text': 'GET', 'total': 10, 'mispronunciations': array([], dtype=object)}
 {'accuracy': 10, 'phones': array(['AH0'], dtype=object), 'phones-accuracy': array([2.]), 'stress': 10, 'text': 'A', 'total': 10, 'mispronunciations': array([], dtype=object)}
 {'accuracy': 5, 'phones': array(['HH', 'OW0', 'L', 'D'], dtype=object), 'phones-accuracy': array([2. , 1.6, 1.6, 0.6]), 'stress': 10, 'text': 'HOLD', 'total': 6, 'mispronunciations': array([], dtype=object)}
 {'accuracy': 10, 'phones': array(['AH0', 'V'], dtype=object), 'phones-accuracy': array([1.6, 2. ]), 'stress': 10, 'text': 'OF', 'total': 10, 'mispronunciations': array([], dtype=object)}
 {'accuracy': 10, 'phones': array(['Y', 'UW0'], dtype=object), 'phones-accuracy': array([2., 2.]), 'stress': 10, 'text': 'YOU', 'total': 10, 'mispronunciations': array([], dtype=object)}]",2244,f,20,train,022440286,-56.291121795773506
022440286,226,Y,2.5199999809265137,2.700000047683716,-49.35136413574219,you,2.0,8,10.0,8,8,7,"[{'accuracy': 10, 'phones': array(['W', 'AH0', 'T', 'S'], dtype=object), 'phones-accuracy': array([2., 2., 2., 2.]), 'stress': 10, 'text': ""WHAT'S"", 'total': 10, 'mispronunciations': array([], dtype=object)}
 {'accuracy': 10, 'phones': array(['DH', 'AH0'], dtype=object), 'phones-accuracy': array([2., 2.]), 'stress': 10, 'text': 'THE', 'total': 10, 'mispronunciations': array([], dtype=object)}
 {'accuracy': 10, 'phones': array(['B', 'EH0', 'S', 'T'], dtype=object), 'phones-accuracy': array([2., 2., 2., 2.]), 'stress': 10, 'text': 'BEST', 'total': 10, 'mispronunciations': array([], dtype=object)}
 {'accuracy': 10, 'phones': array(['W', 'EY0'], dtype=object), 'phones-accuracy': array([2., 2.]), 'stress': 10, 'text': 'WAY', 'total': 10, 'mispronunciations': array([], dtype=object)}
 {'accuracy': 10, 'phones': array(['T', 'UW0'], dtype=object), 'phones-accuracy': array([2., 2.]), 'stress': 10, 'text': 'TO', 'total': 10, 'mispronunciations': array([], dtype=object)}
 {'accuracy': 10, 'phones': array(['G', 'EH0', 'T'], dtype=object), 'phones-accuracy': array([2. , 1.2, 2. ]), 'stress': 10, 'text': 'GET', 'total': 10, 'mispronunciations': array([], dtype=object)}
 {'accuracy': 10, 'phones': array(['AH0'], dtype=object), 'phones-accuracy': array([2.]), 'stress': 10, 'text': 'A', 'total': 10, 'mispronunciations': array([], dtype=object)}
 {'accuracy': 5, 'phones': array(['HH', 'OW0', 'L', 'D'], dtype=object), 'phones-accuracy': array([2. , 1.6, 1.6, 0.6]), 'stress': 10, 'text': 'HOLD', 'total': 6, 'mispronunciations': array([], dtype=object)}
 {'accuracy': 10, 'phones': array(['AH0', 'V'], dtype=object), 'phones-accuracy': array([1.6, 2. ]), 'stress': 10, 'text': 'OF', 'total': 10, 'mispronunciations': array([], dtype=object)}
 {'accuracy': 10, 'phones': array(['Y', 'UW0'], dtype=object), 'phones-accuracy': array([2., 2.]), 'stress': 10, 'text': 'YOU', 'total': 10, 'mispronunciations': array([], dtype=object)}]",2244,f,20,train,022440286,-49.149988546967506
022440286,227,UW1,2.700000047683716,2.9800000190734863,-41.8328971862793,you,,8,10.0,8,8,7,"[{'accuracy': 10, 'phones': array(['W', 'AH0', 'T', 'S'], dtype=object), 'phones-accuracy': array([2., 2., 2., 2.]), 'stress': 10, 'text': ""WHAT'S"", 'total': 10, 'mispronunciations': array([], dtype=object)}
 {'accuracy': 10, 'phones': array(['DH', 'AH0'], dtype=object), 'phones-accuracy': array([2., 2.]), 'stress': 10, 'text': 'THE', 'total': 10, 'mispronunciations': array([], dtype=object)}
 {'accuracy': 10, 'phones': array(['B', 'EH0', 'S', 'T'], dtype=object), 'phones-accuracy': array([2., 2., 2., 2.]), 'stress': 10, 'text': 'BEST', 'total': 10, 'mispronunciations': array([], dtype=object)}
 {'accuracy': 10, 'phones': array(['W', 'EY0'], dtype=object), 'phones-accuracy': array([2., 2.]), 'stress': 10, 'text': 'WAY', 'total': 10, 'mispronunciations': array([], dtype=object)}
 {'accuracy': 10, 'phones': array(['T', 'UW0'], dtype=object), 'phones-accuracy': array([2., 2.]), 'stress': 10, 'text': 'TO', 'total': 10, 'mispronunciations': array([], dtype=object)}
 {'accuracy': 10, 'phones': array(['G', 'EH0', 'T'], dtype=object), 'phones-accuracy': array([2. , 1.2, 2. ]), 'stress': 10, 'text': 'GET', 'total': 10, 'mispronunciations': array([], dtype=object)}
 {'accuracy': 10, 'phones': array(['AH0'], dtype=object), 'phones-accuracy': array([2.]), 'stress': 10, 'text': 'A', 'total': 10, 'mispronunciations': array([], dtype=object)}
 {'accuracy': 5, 'phones': array(['HH', 'OW0', 'L', 'D'], dtype=object), 'phones-accuracy': array([2. , 1.6, 1.6, 0.6]), 'stress': 10, 'text': 'HOLD', 'total': 6, 'mispronunciations': array([], dtype=object)}
 {'accuracy': 10, 'phones': array(['AH0', 'V'], dtype=object), 'phones-accuracy': array([1.6, 2. ]), 'stress': 10, 'text': 'OF', 'total': 10, 'mispronunciations': array([], dtype=object)}
 {'accuracy': 10, 'phones': array(['Y', 'UW0'], dtype=object), 'phones-accuracy': array([2., 2.]), 'stress': 10, 'text': 'YOU', 'total': 10, 'mispronunciations': array([], dtype=object)}]",2244,f,20,train,022440286,-41.73425857722759
022440286,228,sil,2.9800000190734863,3.630000114440918,-40.04188537597656,<eps>,,8,10.0,8,8,7,"[{'accuracy': 10, 'phones': array(['W', 'AH0', 'T', 'S'], dtype=object), 'phones-accuracy': array([2., 2., 2., 2.]), 'stress': 10, 'text': ""WHAT'S"", 'total': 10, 'mispronunciations': array([], dtype=object)}
 {'accuracy': 10, 'phones': array(['DH', 'AH0'], dtype=object), 'phones-accuracy': array([2., 2.]), 'stress': 10, 'text': 'THE', 'total': 10, 'mispronunciations': array([], dtype=object)}
 {'accuracy': 10, 'phones': array(['B', 'EH0', 'S', 'T'], dtype=object), 'phones-accuracy': array([2., 2., 2., 2.]), 'stress': 10, 'text': 'BEST', 'total': 10, 'mispronunciations': array([], dtype=object)}
 {'accuracy': 10, 'phones': array(['W', 'EY0'], dtype=object), 'phones-accuracy': array([2., 2.]), 'stress': 10, 'text': 'WAY', 'total': 10, 'mispronunciations': array([], dtype=object)}
 {'accuracy': 10, 'phones': array(['T', 'UW0'], dtype=object), 'phones-accuracy': array([2., 2.]), 'stress': 10, 'text': 'TO', 'total': 10, 'mispronunciations': array([], dtype=object)}
 {'accuracy': 10, 'phones': array(['G', 'EH0', 'T'], dtype=object), 'phones-accuracy': array([2. , 1.2, 2. ]), 'stress': 10, 'text': 'GET', 'total': 10, 'mispronunciations': array([], dtype=object)}
 {'accuracy': 10, 'phones': array(['AH0'], dtype=object), 'phones-accuracy': array([2.]), 'stress': 10, 'text': 'A', 'total': 10, 'mispronunciations': array([], dtype=object)}
 {'accuracy': 5, 'phones': array(['HH', 'OW0', 'L', 'D'], dtype=object), 'phones-accuracy': array([2. , 1.6, 1.6, 0.6]), 'stress': 10, 'text': 'HOLD', 'total': 6, 'mispronunciations': array([], dtype=object)}
 {'accuracy': 10, 'phones': array(['AH0', 'V'], dtype=object), 'phones-accuracy': array([1.6, 2. ]), 'stress': 10, 'text': 'OF', 'total': 10, 'mispronunciations': array([], dtype=object)}
 {'accuracy': 10, 'phones': array(['Y', 'UW0'], dtype=object), 'phones-accuracy': array([2., 2.]), 'stress': 10, 'text': 'YOU', 'total': 10, 'mispronunciations': array([], dtype=object)}]",2244,f,20,train,022440286,-39.984822638332844
022440073,229,sil,0.0,0.5299999713897705,-41.835899353027344,<eps>,,9,10.0,9,8,8,"[{'accuracy': 10, 'phones': array(['DH', 'AH0'], dtype=object), 'phones-accuracy': array([1.8, 2. ]), 'stress': 10, 'text': 'THE', 'total': 10, 'mispronunciations': array([], dtype=object)}
 {'accuracy': 10, 'phones': array(['D', 'EY1', 'N', 'JH', 'ER0', 'Z'], dtype=object), 'phones-accuracy': array([2. , 2. , 2. , 2. , 2. , 1.6]), 'stress': 10, 'text': 'DANGERS', 'total': 10, 'mispronunciations': array([], dtype=object)}
 {'accuracy': 10, 'phones': array(['AH0', 'V'], dtype=object), 'phones-accuracy': array([2., 2.]), 'stress': 10, 'text': 'OF', 'total': 10, 'mispronunciations': array([], dtype=object)}
 {'accuracy': 10, 'phones': array(['HH', 'AE1', 'NG', 'IH0', 'NG'], dtype=object), 'phones-accuracy': array([2., 2., 2., 2., 2.]), 'stress': 10, 'text': 'HANGING', 'total': 10, 'mispronunciations': array([], dtype=object)}
 {'accuracy': 10, 'phones': array(['AW0', 'T'], dtype=object), 'phones-accuracy': array([2., 2.]), 'stress': 10, 'text': 'OUT', 'total': 10, 'mispronunciations': array([], dtype=object)}
 {'accuracy': 10, 'phones': array(['IH0', 'N'], dtype=object), 'phones-accuracy': array([2., 2.]), 'stress': 10, 'text': 'IN', 'total': 10, 'mispronunciations': array([], dtype=object)}
 {'accuracy': 10, 'phones': array(['P', 'AH1', 'B', 'L', 'IH0', 'K'], dtype=object), 'phones-accuracy': array([2., 2., 2., 2., 2., 2.]), 'stress': 10, 'text': 'PUBLIC', 'total': 10, 'mispronunciations': array([], dtype=object)}
 {'accuracy': 10, 'phones': array(['P', 'L', 'EY1', 'S', 'IH0', 'Z'], dtype=object), 'phones-accuracy': array([2. , 2. , 2. , 2. , 2. , 1.6]), 'stress': 10, 'text': 'PLACES', 'total': 10, 'mispronunciations': array([], dtype=object)}]",2244,f,20,train,022440073,-41.80163411423564
022440073,230,DH,0.5299999713897705,0.5899999737739563,-67.24504852294922,the,1.8,9,10.0,9,8,8,"[{'accuracy': 10, 'phones': array(['DH', 'AH0'], dtype=object), 'phones-accuracy': array([1.8, 2. ]), 'stress': 10, 'text': 'THE', 'total': 10, 'mispronunciations': array([], dtype=object)}
 {'accuracy': 10, 'phones': array(['D', 'EY1', 'N', 'JH', 'ER0', 'Z'], dtype=object), 'phones-accuracy': array([2. , 2. , 2. , 2. , 2. , 1.6]), 'stress': 10, 'text': 'DANGERS', 'total': 10, 'mispronunciations': array([], dtype=object)}
 {'accuracy': 10, 'phones': array(['AH0', 'V'], dtype=object), 'phones-accuracy': array([2., 2.]), 'stress': 10, 'text': 'OF', 'total': 10, 'mispronunciations': array([], dtype=object)}
 {'accuracy': 10, 'phones': array(['HH', 'AE1', 'NG', 'IH0', 'NG'], dtype=object), 'phones-accuracy': array([2., 2., 2., 2., 2.]), 'stress': 10, 'text': 'HANGING', 'total': 10, 'mispronunciations': array([], dtype=object)}
 {'accuracy': 10, 'phones': array(['AW0', 'T'], dtype=object), 'phones-accuracy': array([2., 2.]), 'stress': 10, 'text': 'OUT', 'total': 10, 'mispronunciations': array([], dtype=object)}
 {'accuracy': 10, 'phones': array(['IH0', 'N'], dtype=object), 'phones-accuracy': array([2., 2.]), 'stress': 10, 'text': 'IN', 'total': 10, 'mispronunciations': array([], dtype=object)}
 {'accuracy': 10, 'phones': array(['P', 'AH1', 'B', 'L', 'IH0', 'K'], dtype=object), 'phones-accuracy': array([2., 2., 2., 2., 2., 2.]), 'stress': 10, 'text': 'PUBLIC', 'total': 10, 'mispronunciations': array([], dtype=object)}
 {'accuracy': 10, 'phones': array(['P', 'L', 'EY1', 'S', 'IH0', 'Z'], dtype=object), 'phones-accuracy': array([2. , 2. , 2. , 2. , 2. , 1.6]), 'stress': 10, 'text': 'PLACES', 'total': 10, 'mispronunciations': array([], dtype=object)}]",2244,f,20,train,022440073,-67.16449751704931
022440073,231,AH0,0.5899999737739563,0.6200000047683716,-63.66896438598633,the,2.0,9,10.0,9,8,8,"[{'accuracy': 10, 'phones': array(['DH', 'AH0'], dtype=object), 'phones-accuracy': array([1.8, 2. ]), 'stress': 10, 'text': 'THE', 'total': 10, 'mispronunciations': array([], dtype=object)}
 {'accuracy': 10, 'phones': array(['D', 'EY1', 'N', 'JH', 'ER0', 'Z'], dtype=object), 'phones-accuracy': array([2. , 2. , 2. , 2. , 2. , 1.6]), 'stress': 10, 'text': 'DANGERS', 'total': 10, 'mispronunciations': array([], dtype=object)}
 {'accuracy': 10, 'phones': array(['AH0', 'V'], dtype=object), 'phones-accuracy': array([2., 2.]), 'stress': 10, 'text': 'OF', 'total': 10, 'mispronunciations': array([], dtype=object)}
 {'accuracy': 10, 'phones': array(['HH', 'AE1', 'NG', 'IH0', 'NG'], dtype=object), 'phones-accuracy': array([2., 2., 2., 2., 2.]), 'stress': 10, 'text': 'HANGING', 'total': 10, 'mispronunciations': array([], dtype=object)}
 {'accuracy': 10, 'phones': array(['AW0', 'T'], dtype=object), 'phones-accuracy': array([2., 2.]), 'stress': 10, 'text': 'OUT', 'total': 10, 'mispronunciations': array([], dtype=object)}
 {'accuracy': 10, 'phones': array(['IH0', 'N'], dtype=object), 'phones-accuracy': array([2., 2.]), 'stress': 10, 'text': 'IN', 'total': 10, 'mispronunciations': array([], dtype=object)}
 {'accuracy': 10, 'phones': array(['P', 'AH1', 'B', 'L', 'IH0', 'K'], dtype=object), 'phones-accuracy': array([2., 2., 2., 2., 2., 2.]), 'stress': 10, 'text': 'PUBLIC', 'total': 10, 'mispronunciations': array([], dtype=object)}
 {'accuracy': 10, 'phones': array(['P', 'L', 'EY1', 'S', 'IH0', 'Z'], dtype=object), 'phones-accuracy': array([2. , 2. , 2. , 2. , 2. , 1.6]), 'stress': 10, 'text': 'PLACES', 'total': 10, 'mispronunciations': array([], dtype=object)}]",2244,f,20,train,022440073,-63.558881640434265
022440073,232,D,0.6200000047683716,0.7400000095367432,-49.72930908203125,dangers,2.0,9,10.0,9,8,8,"[{'accuracy': 10, 'phones': array(['DH', 'AH0'], dtype=object), 'phones-accuracy': array([1.8, 2. ]), 'stress': 10, 'text': 'THE', 'total': 10, 'mispronunciations': array([], dtype=object)}
 {'accuracy': 10, 'phones': array(['D', 'EY1', 'N', 'JH', 'ER0', 'Z'], dtype=object), 'phones-accuracy': array([2. , 2. , 2. , 2. , 2. , 1.6]), 'stress': 10, 'text': 'DANGERS', 'total': 10, 'mispronunciations': array([], dtype=object)}
 {'accuracy': 10, 'phones': array(['AH0', 'V'], dtype=object), 'phones-accuracy': array([2., 2.]), 'stress': 10, 'text': 'OF', 'total': 10, 'mispronunciations': array([], dtype=object)}
 {'accuracy': 10, 'phones': array(['HH', 'AE1', 'NG', 'IH0', 'NG'], dtype=object), 'phones-accuracy': array([2., 2., 2., 2., 2.]), 'stress': 10, 'text': 'HANGING', 'total': 10, 'mispronunciations': array([], dtype=object)}
 {'accuracy': 10, 'phones': array(['AW0', 'T'], dtype=object), 'phones-accuracy': array([2., 2.]), 'stress': 10, 'text': 'OUT', 'total': 10, 'mispronunciations': array([], dtype=object)}
 {'accuracy': 10, 'phones': array(['IH0', 'N'], dtype=object), 'phones-accuracy': array([2., 2.]), 'stress': 10, 'text': 'IN', 'total': 10, 'mispronunciations': array([], dtype=object)}
 {'accuracy': 10, 'phones': array(['P', 'AH1', 'B', 'L', 'IH0', 'K'], dtype=object), 'phones-accuracy': array([2., 2., 2., 2., 2., 2.]), 'stress': 10, 'text': 'PUBLIC', 'total': 10, 'mispronunciations': array([], dtype=object)}
 {'accuracy': 10, 'phones': array(['P', 'L', 'EY1', 'S', 'IH0', 'Z'], dtype=object), 'phones-accuracy': array([2. , 2. , 2. , 2. , 2. , 1.6]), 'stress': 10, 'text': 'PLACES', 'total': 10, 'mispronunciations': array([], dtype=object)}]",2244,f,20,train,022440073,-49.69242836534977
022440073,233,EY1,0.7400000095367432,0.8600000143051147,-54.06759262084961,dangers,2.0,9,10.0,9,8,8,"[{'accuracy': 10, 'phones': array(['DH', 'AH0'], dtype=object), 'phones-accuracy': array([1.8, 2. ]), 'stress': 10, 'text': 'THE', 'total': 10, 'mispronunciations': array([], dtype=object)}
 {'accuracy': 10, 'phones': array(['D', 'EY1', 'N', 'JH', 'ER0', 'Z'], dtype=object), 'phones-accuracy': array([2. , 2. , 2. , 2. , 2. , 1.6]), 'stress': 10, 'text': 'DANGERS', 'total': 10, 'mispronunciations': array([], dtype=object)}
 {'accuracy': 10, 'phones': array(['AH0', 'V'], dtype=object), 'phones-accuracy': array([2., 2.]), 'stress': 10, 'text': 'OF', 'total': 10, 'mispronunciations': array([], dtype=object)}
 {'accuracy': 10, 'phones': array(['HH', 'AE1', 'NG', 'IH0', 'NG'], dtype=object), 'phones-accuracy': array([2., 2., 2., 2., 2.]), 'stress': 10, 'text': 'HANGING', 'total': 10, 'mispronunciations': array([], dtype=object)}
 {'accuracy': 10, 'phones': array(['AW0', 'T'], dtype=object), 'phones-accuracy': array([2., 2.]), 'stress': 10, 'text': 'OUT', 'total': 10, 'mispronunciations': array([], dtype=object)}
 {'accuracy': 10, 'phones': array(['IH0', 'N'], dtype=object), 'phones-accuracy': array([2., 2.]), 'stress': 10, 'text': 'IN', 'total': 10, 'mispronunciations': array([], dtype=object)}
 {'accuracy': 10, 'phones': array(['P', 'AH1', 'B', 'L', 'IH0', 'K'], dtype=object), 'phones-accuracy': array([2., 2., 2., 2., 2., 2.]), 'stress': 10, 'text': 'PUBLIC', 'total': 10, 'mispronunciations': array([], dtype=object)}
 {'accuracy': 10, 'phones': array(['P', 'L', 'EY1', 'S', 'IH0', 'Z'], dtype=object), 'phones-accuracy': array([2. , 2. , 2. , 2. , 2. , 1.6]), 'stress': 10, 'text': 'PLACES', 'total': 10, 'mispronunciations': array([], dtype=object)}]",2244,f,20,train,022440073,-53.8071026802063
022440073,234,N,0.8600000143051147,0.9900000095367432,-57.94779968261719,dangers,2.0,9,10.0,9,8,8,"[{'accuracy': 10, 'phones': array(['DH', 'AH0'], dtype=object), 'phones-accuracy': array([1.8, 2. ]), 'stress': 10, 'text': 'THE', 'total': 10, 'mispronunciations': array([], dtype=object)}
 {'accuracy': 10, 'phones': array(['D', 'EY1', 'N', 'JH', 'ER0', 'Z'], dtype=object), 'phones-accuracy': array([2. , 2. , 2. , 2. , 2. , 1.6]), 'stress': 10, 'text': 'DANGERS', 'total': 10, 'mispronunciations': array([], dtype=object)}
 {'accuracy': 10, 'phones': array(['AH0', 'V'], dtype=object), 'phones-accuracy': array([2., 2.]), 'stress': 10, 'text': 'OF', 'total': 10, 'mispronunciations': array([], dtype=object)}
 {'accuracy': 10, 'phones': array(['HH', 'AE1', 'NG', 'IH0', 'NG'], dtype=object), 'phones-accuracy': array([2., 2., 2., 2., 2.]), 'stress': 10, 'text': 'HANGING', 'total': 10, 'mispronunciations': array([], dtype=object)}
 {'accuracy': 10, 'phones': array(['AW0', 'T'], dtype=object), 'phones-accuracy': array([2., 2.]), 'stress': 10, 'text': 'OUT', 'total': 10, 'mispronunciations': array([], dtype=object)}
 {'accuracy': 10, 'phones': array(['IH0', 'N'], dtype=object), 'phones-accuracy': array([2., 2.]), 'stress': 10, 'text': 'IN', 'total': 10, 'mispronunciations': array([], dtype=object)}
 {'accuracy': 10, 'phones': array(['P', 'AH1', 'B', 'L', 'IH0', 'K'], dtype=object), 'phones-accuracy': array([2., 2., 2., 2., 2., 2.]), 'stress': 10, 'text': 'PUBLIC', 'total': 10, 'mispronunciations': array([], dtype=object)}
 {'accuracy': 10, 'phones': array(['P', 'L', 'EY1', 'S', 'IH0', 'Z'], dtype=object), 'phones-accuracy': array([2. , 2. , 2. , 2. , 2. , 1.6]), 'stress': 10, 'text': 'PLACES', 'total': 10, 'mispronunciations': array([], dtype=object)}]",2244,f,20,train,022440073,-57.83025970309973
022440073,235,JH,0.9900000095367432,1.0399999618530271,-57.9044189453125,dangers,2.0,9,10.0,9,8,8,"[{'accuracy': 10, 'phones': array(['DH', 'AH0'], dtype=object), 'phones-accuracy': array([1.8, 2. ]), 'stress': 10, 'text': 'THE', 'total': 10, 'mispronunciations': array([], dtype=object)}
 {'accuracy': 10, 'phones': array(['D', 'EY1', 'N', 'JH', 'ER0', 'Z'], dtype=object), 'phones-accuracy': array([2. , 2. , 2. , 2. , 2. , 1.6]), 'stress': 10, 'text': 'DANGERS', 'total': 10, 'mispronunciations': array([], dtype=object)}
 {'accuracy': 10, 'phones': array(['AH0', 'V'], dtype=object), 'phones-accuracy': array([2., 2.]), 'stress': 10, 'text': 'OF', 'total': 10, 'mispronunciations': array([], dtype=object)}
 {'accuracy': 10, 'phones': array(['HH', 'AE1', 'NG', 'IH0', 'NG'], dtype=object), 'phones-accuracy': array([2., 2., 2., 2., 2.]), 'stress': 10, 'text': 'HANGING', 'total': 10, 'mispronunciations': array([], dtype=object)}
 {'accuracy': 10, 'phones': array(['AW0', 'T'], dtype=object), 'phones-accuracy': array([2., 2.]), 'stress': 10, 'text': 'OUT', 'total': 10, 'mispronunciations': array([], dtype=object)}
 {'accuracy': 10, 'phones': array(['IH0', 'N'], dtype=object), 'phones-accuracy': array([2., 2.]), 'stress': 10, 'text': 'IN', 'total': 10, 'mispronunciations': array([], dtype=object)}
 {'accuracy': 10, 'phones': array(['P', 'AH1', 'B', 'L', 'IH0', 'K'], dtype=object), 'phones-accuracy': array([2., 2., 2., 2., 2., 2.]), 'stress': 10, 'text': 'PUBLIC', 'total': 10, 'mispronunciations': array([], dtype=object)}
 {'accuracy': 10, 'phones': array(['P', 'L', 'EY1', 'S', 'IH0', 'Z'], dtype=object), 'phones-accuracy': array([2. , 2. , 2. , 2. , 2. , 1.6]), 'stress': 10, 'text': 'PLACES', 'total': 10, 'mispronunciations': array([], dtype=object)}]",2244,f,20,train,022440073,-57.66668041050434
022440073,236,ER0,1.0399999618530271,1.2200000286102295,-44.27948760986328,dangers,2.0,9,10.0,9,8,8,"[{'accuracy': 10, 'phones': array(['DH', 'AH0'], dtype=object), 'phones-accuracy': array([1.8, 2. ]), 'stress': 10, 'text': 'THE', 'total': 10, 'mispronunciations': array([], dtype=object)}
 {'accuracy': 10, 'phones': array(['D', 'EY1', 'N', 'JH', 'ER0', 'Z'], dtype=object), 'phones-accuracy': array([2. , 2. , 2. , 2. , 2. , 1.6]), 'stress': 10, 'text': 'DANGERS', 'total': 10, 'mispronunciations': array([], dtype=object)}
 {'accuracy': 10, 'phones': array(['AH0', 'V'], dtype=object), 'phones-accuracy': array([2., 2.]), 'stress': 10, 'text': 'OF', 'total': 10, 'mispronunciations': array([], dtype=object)}
 {'accuracy': 10, 'phones': array(['HH', 'AE1', 'NG', 'IH0', 'NG'], dtype=object), 'phones-accuracy': array([2., 2., 2., 2., 2.]), 'stress': 10, 'text': 'HANGING', 'total': 10, 'mispronunciations': array([], dtype=object)}
 {'accuracy': 10, 'phones': array(['AW0', 'T'], dtype=object), 'phones-accuracy': array([2., 2.]), 'stress': 10, 'text': 'OUT', 'total': 10, 'mispronunciations': array([], dtype=object)}
 {'accuracy': 10, 'phones': array(['IH0', 'N'], dtype=object), 'phones-accuracy': array([2., 2.]), 'stress': 10, 'text': 'IN', 'total': 10, 'mispronunciations': array([], dtype=object)}
 {'accuracy': 10, 'phones': array(['P', 'AH1', 'B', 'L', 'IH0', 'K'], dtype=object), 'phones-accuracy': array([2., 2., 2., 2., 2., 2.]), 'stress': 10, 'text': 'PUBLIC', 'total': 10, 'mispronunciations': array([], dtype=object)}
 {'accuracy': 10, 'phones': array(['P', 'L', 'EY1', 'S', 'IH0', 'Z'], dtype=object), 'phones-accuracy': array([2. , 2. , 2. , 2. , 2. , 1.6]), 'stress': 10, 'text': 'PLACES', 'total': 10, 'mispronunciations': array([], dtype=object)}]",2244,f,20,train,022440073,-43.99616959691048
022440073,237,Z,1.2200000286102295,1.309999942779541,-58.30984878540039,dangers,1.6,9,10.0,9,8,8,"[{'accuracy': 10, 'phones': array(['DH', 'AH0'], dtype=object), 'phones-accuracy': array([1.8, 2. ]), 'stress': 10, 'text': 'THE', 'total': 10, 'mispronunciations': array([], dtype=object)}
 {'accuracy': 10, 'phones': array(['D', 'EY1', 'N', 'JH', 'ER0', 'Z'], dtype=object), 'phones-accuracy': array([2. , 2. , 2. , 2. , 2. , 1.6]), 'stress': 10, 'text': 'DANGERS', 'total': 10, 'mispronunciations': array([], dtype=object)}
 {'accuracy': 10, 'phones': array(['AH0', 'V'], dtype=object), 'phones-accuracy': array([2., 2.]), 'stress': 10, 'text': 'OF', 'total': 10, 'mispronunciations': array([], dtype=object)}
 {'accuracy': 10, 'phones': array(['HH', 'AE1', 'NG', 'IH0', 'NG'], dtype=object), 'phones-accuracy': array([2., 2., 2., 2., 2.]), 'stress': 10, 'text': 'HANGING', 'total': 10, 'mispronunciations': array([], dtype=object)}
 {'accuracy': 10, 'phones': array(['AW0', 'T'], dtype=object), 'phones-accuracy': array([2., 2.]), 'stress': 10, 'text': 'OUT', 'total': 10, 'mispronunciations': array([], dtype=object)}
 {'accuracy': 10, 'phones': array(['IH0', 'N'], dtype=object), 'phones-accuracy': array([2., 2.]), 'stress': 10, 'text': 'IN', 'total': 10, 'mispronunciations': array([], dtype=object)}
 {'accuracy': 10, 'phones': array(['P', 'AH1', 'B', 'L', 'IH0', 'K'], dtype=object), 'phones-accuracy': array([2., 2., 2., 2., 2., 2.]), 'stress': 10, 'text': 'PUBLIC', 'total': 10, 'mispronunciations': array([], dtype=object)}
 {'accuracy': 10, 'phones': array(['P', 'L', 'EY1', 'S', 'IH0', 'Z'], dtype=object), 'phones-accuracy': array([2. , 2. , 2. , 2. , 2. , 1.6]), 'stress': 10, 'text': 'PLACES', 'total': 10, 'mispronunciations': array([], dtype=object)}]",2244,f,20,train,022440073,-58.02693244814873
022440073,238,AH1,1.309999942779541,1.4800000190734863,-58.33929443359375,of,2.0,9,10.0,9,8,8,"[{'accuracy': 10, 'phones': array(['DH', 'AH0'], dtype=object), 'phones-accuracy': array([1.8, 2. ]), 'stress': 10, 'text': 'THE', 'total': 10, 'mispronunciations': array([], dtype=object)}
 {'accuracy': 10, 'phones': array(['D', 'EY1', 'N', 'JH', 'ER0', 'Z'], dtype=object), 'phones-accuracy': array([2. , 2. , 2. , 2. , 2. , 1.6]), 'stress': 10, 'text': 'DANGERS', 'total': 10, 'mispronunciations': array([], dtype=object)}
 {'accuracy': 10, 'phones': array(['AH0', 'V'], dtype=object), 'phones-accuracy': array([2., 2.]), 'stress': 10, 'text': 'OF', 'total': 10, 'mispronunciations': array([], dtype=object)}
 {'accuracy': 10, 'phones': array(['HH', 'AE1', 'NG', 'IH0', 'NG'], dtype=object), 'phones-accuracy': array([2., 2., 2., 2., 2.]), 'stress': 10, 'text': 'HANGING', 'total': 10, 'mispronunciations': array([], dtype=object)}
 {'accuracy': 10, 'phones': array(['AW0', 'T'], dtype=object), 'phones-accuracy': array([2., 2.]), 'stress': 10, 'text': 'OUT', 'total': 10, 'mispronunciations': array([], dtype=object)}
 {'accuracy': 10, 'phones': array(['IH0', 'N'], dtype=object), 'phones-accuracy': array([2., 2.]), 'stress': 10, 'text': 'IN', 'total': 10, 'mispronunciations': array([], dtype=object)}
 {'accuracy': 10, 'phones': array(['P', 'AH1', 'B', 'L', 'IH0', 'K'], dtype=object), 'phones-accuracy': array([2., 2., 2., 2., 2., 2.]), 'stress': 10, 'text': 'PUBLIC', 'total': 10, 'mispronunciations': array([], dtype=object)}
 {'accuracy': 10, 'phones': array(['P', 'L', 'EY1', 'S', 'IH0', 'Z'], dtype=object), 'phones-accuracy': array([2. , 2. , 2. , 2. , 2. , 1.6]), 'stress': 10, 'text': 'PLACES', 'total': 10, 'mispronunciations': array([], dtype=object)}]",2244,f,20,train,022440073,-58.12073487043381
022440073,239,V,1.4800000190734863,1.559999942779541,-57.228851318359375,of,2.0,9,10.0,9,8,8,"[{'accuracy': 10, 'phones': array(['DH', 'AH0'], dtype=object), 'phones-accuracy': array([1.8, 2. ]), 'stress': 10, 'text': 'THE', 'total': 10, 'mispronunciations': array([], dtype=object)}
 {'accuracy': 10, 'phones': array(['D', 'EY1', 'N', 'JH', 'ER0', 'Z'], dtype=object), 'phones-accuracy': array([2. , 2. , 2. , 2. , 2. , 1.6]), 'stress': 10, 'text': 'DANGERS', 'total': 10, 'mispronunciations': array([], dtype=object)}
 {'accuracy': 10, 'phones': array(['AH0', 'V'], dtype=object), 'phones-accuracy': array([2., 2.]), 'stress': 10, 'text': 'OF', 'total': 10, 'mispronunciations': array([], dtype=object)}
 {'accuracy': 10, 'phones': array(['HH', 'AE1', 'NG', 'IH0', 'NG'], dtype=object), 'phones-accuracy': array([2., 2., 2., 2., 2.]), 'stress': 10, 'text': 'HANGING', 'total': 10, 'mispronunciations': array([], dtype=object)}
 {'accuracy': 10, 'phones': array(['AW0', 'T'], dtype=object), 'phones-accuracy': array([2., 2.]), 'stress': 10, 'text': 'OUT', 'total': 10, 'mispronunciations': array([], dtype=object)}
 {'accuracy': 10, 'phones': array(['IH0', 'N'], dtype=object), 'phones-accuracy': array([2., 2.]), 'stress': 10, 'text': 'IN', 'total': 10, 'mispronunciations': array([], dtype=object)}
 {'accuracy': 10, 'phones': array(['P', 'AH1', 'B', 'L', 'IH0', 'K'], dtype=object), 'phones-accuracy': array([2., 2., 2., 2., 2., 2.]), 'stress': 10, 'text': 'PUBLIC', 'total': 10, 'mispronunciations': array([], dtype=object)}
 {'accuracy': 10, 'phones': array(['P', 'L', 'EY1', 'S', 'IH0', 'Z'], dtype=object), 'phones-accuracy': array([2. , 2. , 2. , 2. , 2. , 1.6]), 'stress': 10, 'text': 'PLACES', 'total': 10, 'mispronunciations': array([], dtype=object)}]",2244,f,20,train,022440073,-57.0161484926939
022440073,240,HH,1.559999942779541,1.7200000286102295,-54.218841552734375,hanging,2.0,9,10.0,9,8,8,"[{'accuracy': 10, 'phones': array(['DH', 'AH0'], dtype=object), 'phones-accuracy': array([1.8, 2. ]), 'stress': 10, 'text': 'THE', 'total': 10, 'mispronunciations': array([], dtype=object)}
 {'accuracy': 10, 'phones': array(['D', 'EY1', 'N', 'JH', 'ER0', 'Z'], dtype=object), 'phones-accuracy': array([2. , 2. , 2. , 2. , 2. , 1.6]), 'stress': 10, 'text': 'DANGERS', 'total': 10, 'mispronunciations': array([], dtype=object)}
 {'accuracy': 10, 'phones': array(['AH0', 'V'], dtype=object), 'phones-accuracy': array([2., 2.]), 'stress': 10, 'text': 'OF', 'total': 10, 'mispronunciations': array([], dtype=object)}
 {'accuracy': 10, 'phones': array(['HH', 'AE1', 'NG', 'IH0', 'NG'], dtype=object), 'phones-accuracy': array([2., 2., 2., 2., 2.]), 'stress': 10, 'text': 'HANGING', 'total': 10, 'mispronunciations': array([], dtype=object)}
 {'accuracy': 10, 'phones': array(['AW0', 'T'], dtype=object), 'phones-accuracy': array([2., 2.]), 'stress': 10, 'text': 'OUT', 'total': 10, 'mispronunciations': array([], dtype=object)}
 {'accuracy': 10, 'phones': array(['IH0', 'N'], dtype=object), 'phones-accuracy': array([2., 2.]), 'stress': 10, 'text': 'IN', 'total': 10, 'mispronunciations': array([], dtype=object)}
 {'accuracy': 10, 'phones': array(['P', 'AH1', 'B', 'L', 'IH0', 'K'], dtype=object), 'phones-accuracy': array([2., 2., 2., 2., 2., 2.]), 'stress': 10, 'text': 'PUBLIC', 'total': 10, 'mispronunciations': array([], dtype=object)}
 {'accuracy': 10, 'phones': array(['P', 'L', 'EY1', 'S', 'IH0', 'Z'], dtype=object), 'phones-accuracy': array([2. , 2. , 2. , 2. , 2. , 1.6]), 'stress': 10, 'text': 'PLACES', 'total': 10, 'mispronunciations': array([], dtype=object)}]",2244,f,20,train,022440073,-54.09320178627968
022440073,241,AE1,1.7200000286102295,1.8600000143051147,-43.0743293762207,hanging,2.0,9,10.0,9,8,8,"[{'accuracy': 10, 'phones': array(['DH', 'AH0'], dtype=object), 'phones-accuracy': array([1.8, 2. ]), 'stress': 10, 'text': 'THE', 'total': 10, 'mispronunciations': array([], dtype=object)}
 {'accuracy': 10, 'phones': array(['D', 'EY1', 'N', 'JH', 'ER0', 'Z'], dtype=object), 'phones-accuracy': array([2. , 2. , 2. , 2. , 2. , 1.6]), 'stress': 10, 'text': 'DANGERS', 'total': 10, 'mispronunciations': array([], dtype=object)}
 {'accuracy': 10, 'phones': array(['AH0', 'V'], dtype=object), 'phones-accuracy': array([2., 2.]), 'stress': 10, 'text': 'OF', 'total': 10, 'mispronunciations': array([], dtype=object)}
 {'accuracy': 10, 'phones': array(['HH', 'AE1', 'NG', 'IH0', 'NG'], dtype=object), 'phones-accuracy': array([2., 2., 2., 2., 2.]), 'stress': 10, 'text': 'HANGING', 'total': 10, 'mispronunciations': array([], dtype=object)}
 {'accuracy': 10, 'phones': array(['AW0', 'T'], dtype=object), 'phones-accuracy': array([2., 2.]), 'stress': 10, 'text': 'OUT', 'total': 10, 'mispronunciations': array([], dtype=object)}
 {'accuracy': 10, 'phones': array(['IH0', 'N'], dtype=object), 'phones-accuracy': array([2., 2.]), 'stress': 10, 'text': 'IN', 'total': 10, 'mispronunciations': array([], dtype=object)}
 {'accuracy': 10, 'phones': array(['P', 'AH1', 'B', 'L', 'IH0', 'K'], dtype=object), 'phones-accuracy': array([2., 2., 2., 2., 2., 2.]), 'stress': 10, 'text': 'PUBLIC', 'total': 10, 'mispronunciations': array([], dtype=object)}
 {'accuracy': 10, 'phones': array(['P', 'L', 'EY1', 'S', 'IH0', 'Z'], dtype=object), 'phones-accuracy': array([2. , 2. , 2. , 2. , 2. , 1.6]), 'stress': 10, 'text': 'PLACES', 'total': 10, 'mispronunciations': array([], dtype=object)}]",2244,f,20,train,022440073,-42.89815728366375
022440073,242,NG,1.8600000143051147,1.899999976158142,-38.53770065307617,hanging,2.0,9,10.0,9,8,8,"[{'accuracy': 10, 'phones': array(['DH', 'AH0'], dtype=object), 'phones-accuracy': array([1.8, 2. ]), 'stress': 10, 'text': 'THE', 'total': 10, 'mispronunciations': array([], dtype=object)}
 {'accuracy': 10, 'phones': array(['D', 'EY1', 'N', 'JH', 'ER0', 'Z'], dtype=object), 'phones-accuracy': array([2. , 2. , 2. , 2. , 2. , 1.6]), 'stress': 10, 'text': 'DANGERS', 'total': 10, 'mispronunciations': array([], dtype=object)}
 {'accuracy': 10, 'phones': array(['AH0', 'V'], dtype=object), 'phones-accuracy': array([2., 2.]), 'stress': 10, 'text': 'OF', 'total': 10, 'mispronunciations': array([], dtype=object)}
 {'accuracy': 10, 'phones': array(['HH', 'AE1', 'NG', 'IH0', 'NG'], dtype=object), 'phones-accuracy': array([2., 2., 2., 2., 2.]), 'stress': 10, 'text': 'HANGING', 'total': 10, 'mispronunciations': array([], dtype=object)}
 {'accuracy': 10, 'phones': array(['AW0', 'T'], dtype=object), 'phones-accuracy': array([2., 2.]), 'stress': 10, 'text': 'OUT', 'total': 10, 'mispronunciations': array([], dtype=object)}
 {'accuracy': 10, 'phones': array(['IH0', 'N'], dtype=object), 'phones-accuracy': array([2., 2.]), 'stress': 10, 'text': 'IN', 'total': 10, 'mispronunciations': array([], dtype=object)}
 {'accuracy': 10, 'phones': array(['P', 'AH1', 'B', 'L', 'IH0', 'K'], dtype=object), 'phones-accuracy': array([2., 2., 2., 2., 2., 2.]), 'stress': 10, 'text': 'PUBLIC', 'total': 10, 'mispronunciations': array([], dtype=object)}
 {'accuracy': 10, 'phones': array(['P', 'L', 'EY1', 'S', 'IH0', 'Z'], dtype=object), 'phones-accuracy': array([2. , 2. , 2. , 2. , 2. , 1.6]), 'stress': 10, 'text': 'PLACES', 'total': 10, 'mispronunciations': array([], dtype=object)}]",2244,f,20,train,022440073,-38.474588468670845
022440073,243,IH0,1.899999976158142,1.9600000381469729,-33.41876602172852,hanging,2.0,9,10.0,9,8,8,"[{'accuracy': 10, 'phones': array(['DH', 'AH0'], dtype=object), 'phones-accuracy': array([1.8, 2. ]), 'stress': 10, 'text': 'THE', 'total': 10, 'mispronunciations': array([], dtype=object)}
 {'accuracy': 10, 'phones': array(['D', 'EY1', 'N', 'JH', 'ER0', 'Z'], dtype=object), 'phones-accuracy': array([2. , 2. , 2. , 2. , 2. , 1.6]), 'stress': 10, 'text': 'DANGERS', 'total': 10, 'mispronunciations': array([], dtype=object)}
 {'accuracy': 10, 'phones': array(['AH0', 'V'], dtype=object), 'phones-accuracy': array([2., 2.]), 'stress': 10, 'text': 'OF', 'total': 10, 'mispronunciations': array([], dtype=object)}
 {'accuracy': 10, 'phones': array(['HH', 'AE1', 'NG', 'IH0', 'NG'], dtype=object), 'phones-accuracy': array([2., 2., 2., 2., 2.]), 'stress': 10, 'text': 'HANGING', 'total': 10, 'mispronunciations': array([], dtype=object)}
 {'accuracy': 10, 'phones': array(['AW0', 'T'], dtype=object), 'phones-accuracy': array([2., 2.]), 'stress': 10, 'text': 'OUT', 'total': 10, 'mispronunciations': array([], dtype=object)}
 {'accuracy': 10, 'phones': array(['IH0', 'N'], dtype=object), 'phones-accuracy': array([2., 2.]), 'stress': 10, 'text': 'IN', 'total': 10, 'mispronunciations': array([], dtype=object)}
 {'accuracy': 10, 'phones': array(['P', 'AH1', 'B', 'L', 'IH0', 'K'], dtype=object), 'phones-accuracy': array([2., 2., 2., 2., 2., 2.]), 'stress': 10, 'text': 'PUBLIC', 'total': 10, 'mispronunciations': array([], dtype=object)}
 {'accuracy': 10, 'phones': array(['P', 'L', 'EY1', 'S', 'IH0', 'Z'], dtype=object), 'phones-accuracy': array([2. , 2. , 2. , 2. , 2. , 1.6]), 'stress': 10, 'text': 'PLACES', 'total': 10, 'mispronunciations': array([], dtype=object)}]",2244,f,20,train,022440073,-33.32006873190404
022440073,244,NG,1.9600000381469729,2.0799999237060547,-50.93199157714844,hanging,2.0,9,10.0,9,8,8,"[{'accuracy': 10, 'phones': array(['DH', 'AH0'], dtype=object), 'phones-accuracy': array([1.8, 2. ]), 'stress': 10, 'text': 'THE', 'total': 10, 'mispronunciations': array([], dtype=object)}
 {'accuracy': 10, 'phones': array(['D', 'EY1', 'N', 'JH', 'ER0', 'Z'], dtype=object), 'phones-accuracy': array([2. , 2. , 2. , 2. , 2. , 1.6]), 'stress': 10, 'text': 'DANGERS', 'total': 10, 'mispronunciations': array([], dtype=object)}
 {'accuracy': 10, 'phones': array(['AH0', 'V'], dtype=object), 'phones-accuracy': array([2., 2.]), 'stress': 10, 'text': 'OF', 'total': 10, 'mispronunciations': array([], dtype=object)}
 {'accuracy': 10, 'phones': array(['HH', 'AE1', 'NG', 'IH0', 'NG'], dtype=object), 'phones-accuracy': array([2., 2., 2., 2., 2.]), 'stress': 10, 'text': 'HANGING', 'total': 10, 'mispronunciations': array([], dtype=object)}
 {'accuracy': 10, 'phones': array(['AW0', 'T'], dtype=object), 'phones-accuracy': array([2., 2.]), 'stress': 10, 'text': 'OUT', 'total': 10, 'mispronunciations': array([], dtype=object)}
 {'accuracy': 10, 'phones': array(['IH0', 'N'], dtype=object), 'phones-accuracy': array([2., 2.]), 'stress': 10, 'text': 'IN', 'total': 10, 'mispronunciations': array([], dtype=object)}
 {'accuracy': 10, 'phones': array(['P', 'AH1', 'B', 'L', 'IH0', 'K'], dtype=object), 'phones-accuracy': array([2., 2., 2., 2., 2., 2.]), 'stress': 10, 'text': 'PUBLIC', 'total': 10, 'mispronunciations': array([], dtype=object)}
 {'accuracy': 10, 'phones': array(['P', 'L', 'EY1', 'S', 'IH0', 'Z'], dtype=object), 'phones-accuracy': array([2. , 2. , 2. , 2. , 2. , 1.6]), 'stress': 10, 'text': 'PLACES', 'total': 10, 'mispronunciations': array([], dtype=object)}]",2244,f,20,train,022440073,-50.758194744586945
022440073,245,AW1,2.0799999237060547,2.309999942779541,-51.07455825805664,out,,9,10.0,9,8,8,"[{'accuracy': 10, 'phones': array(['DH', 'AH0'], dtype=object), 'phones-accuracy': array([1.8, 2. ]), 'stress': 10, 'text': 'THE', 'total': 10, 'mispronunciations': array([], dtype=object)}
 {'accuracy': 10, 'phones': array(['D', 'EY1', 'N', 'JH', 'ER0', 'Z'], dtype=object), 'phones-accuracy': array([2. , 2. , 2. , 2. , 2. , 1.6]), 'stress': 10, 'text': 'DANGERS', 'total': 10, 'mispronunciations': array([], dtype=object)}
 {'accuracy': 10, 'phones': array(['AH0', 'V'], dtype=object), 'phones-accuracy': array([2., 2.]), 'stress': 10, 'text': 'OF', 'total': 10, 'mispronunciations': array([], dtype=object)}
 {'accuracy': 10, 'phones': array(['HH', 'AE1', 'NG', 'IH0', 'NG'], dtype=object), 'phones-accuracy': array([2., 2., 2., 2., 2.]), 'stress': 10, 'text': 'HANGING', 'total': 10, 'mispronunciations': array([], dtype=object)}
 {'accuracy': 10, 'phones': array(['AW0', 'T'], dtype=object), 'phones-accuracy': array([2., 2.]), 'stress': 10, 'text': 'OUT', 'total': 10, 'mispronunciations': array([], dtype=object)}
 {'accuracy': 10, 'phones': array(['IH0', 'N'], dtype=object), 'phones-accuracy': array([2., 2.]), 'stress': 10, 'text': 'IN', 'total': 10, 'mispronunciations': array([], dtype=object)}
 {'accuracy': 10, 'phones': array(['P', 'AH1', 'B', 'L', 'IH0', 'K'], dtype=object), 'phones-accuracy': array([2., 2., 2., 2., 2., 2.]), 'stress': 10, 'text': 'PUBLIC', 'total': 10, 'mispronunciations': array([], dtype=object)}
 {'accuracy': 10, 'phones': array(['P', 'L', 'EY1', 'S', 'IH0', 'Z'], dtype=object), 'phones-accuracy': array([2. , 2. , 2. , 2. , 2. , 1.6]), 'stress': 10, 'text': 'PLACES', 'total': 10, 'mispronunciations': array([], dtype=object)}]",2244,f,20,train,022440073,-50.86982484161854
022440073,246,T,2.309999942779541,2.490000009536743,-61.07506561279297,out,2.0,9,10.0,9,8,8,"[{'accuracy': 10, 'phones': array(['DH', 'AH0'], dtype=object), 'phones-accuracy': array([1.8, 2. ]), 'stress': 10, 'text': 'THE', 'total': 10, 'mispronunciations': array([], dtype=object)}
 {'accuracy': 10, 'phones': array(['D', 'EY1', 'N', 'JH', 'ER0', 'Z'], dtype=object), 'phones-accuracy': array([2. , 2. , 2. , 2. , 2. , 1.6]), 'stress': 10, 'text': 'DANGERS', 'total': 10, 'mispronunciations': array([], dtype=object)}
 {'accuracy': 10, 'phones': array(['AH0', 'V'], dtype=object), 'phones-accuracy': array([2., 2.]), 'stress': 10, 'text': 'OF', 'total': 10, 'mispronunciations': array([], dtype=object)}
 {'accuracy': 10, 'phones': array(['HH', 'AE1', 'NG', 'IH0', 'NG'], dtype=object), 'phones-accuracy': array([2., 2., 2., 2., 2.]), 'stress': 10, 'text': 'HANGING', 'total': 10, 'mispronunciations': array([], dtype=object)}
 {'accuracy': 10, 'phones': array(['AW0', 'T'], dtype=object), 'phones-accuracy': array([2., 2.]), 'stress': 10, 'text': 'OUT', 'total': 10, 'mispronunciations': array([], dtype=object)}
 {'accuracy': 10, 'phones': array(['IH0', 'N'], dtype=object), 'phones-accuracy': array([2., 2.]), 'stress': 10, 'text': 'IN', 'total': 10, 'mispronunciations': array([], dtype=object)}
 {'accuracy': 10, 'phones': array(['P', 'AH1', 'B', 'L', 'IH0', 'K'], dtype=object), 'phones-accuracy': array([2., 2., 2., 2., 2., 2.]), 'stress': 10, 'text': 'PUBLIC', 'total': 10, 'mispronunciations': array([], dtype=object)}
 {'accuracy': 10, 'phones': array(['P', 'L', 'EY1', 'S', 'IH0', 'Z'], dtype=object), 'phones-accuracy': array([2. , 2. , 2. , 2. , 2. , 1.6]), 'stress': 10, 'text': 'PLACES', 'total': 10, 'mispronunciations': array([], dtype=object)}]",2244,f,20,train,022440073,-60.86798770725727
022440073,247,IH0,2.490000009536743,2.549999952316284,-58.195194244384766,in,2.0,9,10.0,9,8,8,"[{'accuracy': 10, 'phones': array(['DH', 'AH0'], dtype=object), 'phones-accuracy': array([1.8, 2. ]), 'stress': 10, 'text': 'THE', 'total': 10, 'mispronunciations': array([], dtype=object)}
 {'accuracy': 10, 'phones': array(['D', 'EY1', 'N', 'JH', 'ER0', 'Z'], dtype=object), 'phones-accuracy': array([2. , 2. , 2. , 2. , 2. , 1.6]), 'stress': 10, 'text': 'DANGERS', 'total': 10, 'mispronunciations': array([], dtype=object)}
 {'accuracy': 10, 'phones': array(['AH0', 'V'], dtype=object), 'phones-accuracy': array([2., 2.]), 'stress': 10, 'text': 'OF', 'total': 10, 'mispronunciations': array([], dtype=object)}
 {'accuracy': 10, 'phones': array(['HH', 'AE1', 'NG', 'IH0', 'NG'], dtype=object), 'phones-accuracy': array([2., 2., 2., 2., 2.]), 'stress': 10, 'text': 'HANGING', 'total': 10, 'mispronunciations': array([], dtype=object)}
 {'accuracy': 10, 'phones': array(['AW0', 'T'], dtype=object), 'phones-accuracy': array([2., 2.]), 'stress': 10, 'text': 'OUT', 'total': 10, 'mispronunciations': array([], dtype=object)}
 {'accuracy': 10, 'phones': array(['IH0', 'N'], dtype=object), 'phones-accuracy': array([2., 2.]), 'stress': 10, 'text': 'IN', 'total': 10, 'mispronunciations': array([], dtype=object)}
 {'accuracy': 10, 'phones': array(['P', 'AH1', 'B', 'L', 'IH0', 'K'], dtype=object), 'phones-accuracy': array([2., 2., 2., 2., 2., 2.]), 'stress': 10, 'text': 'PUBLIC', 'total': 10, 'mispronunciations': array([], dtype=object)}
 {'accuracy': 10, 'phones': array(['P', 'L', 'EY1', 'S', 'IH0', 'Z'], dtype=object), 'phones-accuracy': array([2. , 2. , 2. , 2. , 2. , 1.6]), 'stress': 10, 'text': 'PLACES', 'total': 10, 'mispronunciations': array([], dtype=object)}]",2244,f,20,train,022440073,-57.987957805395126
022440073,248,N,2.549999952316284,2.690000057220459,-40.4412727355957,in,2.0,9,10.0,9,8,8,"[{'accuracy': 10, 'phones': array(['DH', 'AH0'], dtype=object), 'phones-accuracy': array([1.8, 2. ]), 'stress': 10, 'text': 'THE', 'total': 10, 'mispronunciations': array([], dtype=object)}
 {'accuracy': 10, 'phones': array(['D', 'EY1', 'N', 'JH', 'ER0', 'Z'], dtype=object), 'phones-accuracy': array([2. , 2. , 2. , 2. , 2. , 1.6]), 'stress': 10, 'text': 'DANGERS', 'total': 10, 'mispronunciations': array([], dtype=object)}
 {'accuracy': 10, 'phones': array(['AH0', 'V'], dtype=object), 'phones-accuracy': array([2., 2.]), 'stress': 10, 'text': 'OF', 'total': 10, 'mispronunciations': array([], dtype=object)}
 {'accuracy': 10, 'phones': array(['HH', 'AE1', 'NG', 'IH0', 'NG'], dtype=object), 'phones-accuracy': array([2., 2., 2., 2., 2.]), 'stress': 10, 'text': 'HANGING', 'total': 10, 'mispronunciations': array([], dtype=object)}
 {'accuracy': 10, 'phones': array(['AW0', 'T'], dtype=object), 'phones-accuracy': array([2., 2.]), 'stress': 10, 'text': 'OUT', 'total': 10, 'mispronunciations': array([], dtype=object)}
 {'accuracy': 10, 'phones': array(['IH0', 'N'], dtype=object), 'phones-accuracy': array([2., 2.]), 'stress': 10, 'text': 'IN', 'total': 10, 'mispronunciations': array([], dtype=object)}
 {'accuracy': 10, 'phones': array(['P', 'AH1', 'B', 'L', 'IH0', 'K'], dtype=object), 'phones-accuracy': array([2., 2., 2., 2., 2., 2.]), 'stress': 10, 'text': 'PUBLIC', 'total': 10, 'mispronunciations': array([], dtype=object)}
 {'accuracy': 10, 'phones': array(['P', 'L', 'EY1', 'S', 'IH0', 'Z'], dtype=object), 'phones-accuracy': array([2. , 2. , 2. , 2. , 2. , 1.6]), 'stress': 10, 'text': 'PLACES', 'total': 10, 'mispronunciations': array([], dtype=object)}]",2244,f,20,train,022440073,-40.31231826543808
022440073,249,P,2.690000057220459,2.789999961853028,-56.99831008911133,public,2.0,9,10.0,9,8,8,"[{'accuracy': 10, 'phones': array(['DH', 'AH0'], dtype=object), 'phones-accuracy': array([1.8, 2. ]), 'stress': 10, 'text': 'THE', 'total': 10, 'mispronunciations': array([], dtype=object)}
 {'accuracy': 10, 'phones': array(['D', 'EY1', 'N', 'JH', 'ER0', 'Z'], dtype=object), 'phones-accuracy': array([2. , 2. , 2. , 2. , 2. , 1.6]), 'stress': 10, 'text': 'DANGERS', 'total': 10, 'mispronunciations': array([], dtype=object)}
 {'accuracy': 10, 'phones': array(['AH0', 'V'], dtype=object), 'phones-accuracy': array([2., 2.]), 'stress': 10, 'text': 'OF', 'total': 10, 'mispronunciations': array([], dtype=object)}
 {'accuracy': 10, 'phones': array(['HH', 'AE1', 'NG', 'IH0', 'NG'], dtype=object), 'phones-accuracy': array([2., 2., 2., 2., 2.]), 'stress': 10, 'text': 'HANGING', 'total': 10, 'mispronunciations': array([], dtype=object)}
 {'accuracy': 10, 'phones': array(['AW0', 'T'], dtype=object), 'phones-accuracy': array([2., 2.]), 'stress': 10, 'text': 'OUT', 'total': 10, 'mispronunciations': array([], dtype=object)}
 {'accuracy': 10, 'phones': array(['IH0', 'N'], dtype=object), 'phones-accuracy': array([2., 2.]), 'stress': 10, 'text': 'IN', 'total': 10, 'mispronunciations': array([], dtype=object)}
 {'accuracy': 10, 'phones': array(['P', 'AH1', 'B', 'L', 'IH0', 'K'], dtype=object), 'phones-accuracy': array([2., 2., 2., 2., 2., 2.]), 'stress': 10, 'text': 'PUBLIC', 'total': 10, 'mispronunciations': array([], dtype=object)}
 {'accuracy': 10, 'phones': array(['P', 'L', 'EY1', 'S', 'IH0', 'Z'], dtype=object), 'phones-accuracy': array([2. , 2. , 2. , 2. , 2. , 1.6]), 'stress': 10, 'text': 'PLACES', 'total': 10, 'mispronunciations': array([], dtype=object)}]",2244,f,20,train,022440073,-56.79762037098408
022440073,250,AH1,2.789999961853028,2.880000114440918,-47.34306335449219,public,2.0,9,10.0,9,8,8,"[{'accuracy': 10, 'phones': array(['DH', 'AH0'], dtype=object), 'phones-accuracy': array([1.8, 2. ]), 'stress': 10, 'text': 'THE', 'total': 10, 'mispronunciations': array([], dtype=object)}
 {'accuracy': 10, 'phones': array(['D', 'EY1', 'N', 'JH', 'ER0', 'Z'], dtype=object), 'phones-accuracy': array([2. , 2. , 2. , 2. , 2. , 1.6]), 'stress': 10, 'text': 'DANGERS', 'total': 10, 'mispronunciations': array([], dtype=object)}
 {'accuracy': 10, 'phones': array(['AH0', 'V'], dtype=object), 'phones-accuracy': array([2., 2.]), 'stress': 10, 'text': 'OF', 'total': 10, 'mispronunciations': array([], dtype=object)}
 {'accuracy': 10, 'phones': array(['HH', 'AE1', 'NG', 'IH0', 'NG'], dtype=object), 'phones-accuracy': array([2., 2., 2., 2., 2.]), 'stress': 10, 'text': 'HANGING', 'total': 10, 'mispronunciations': array([], dtype=object)}
 {'accuracy': 10, 'phones': array(['AW0', 'T'], dtype=object), 'phones-accuracy': array([2., 2.]), 'stress': 10, 'text': 'OUT', 'total': 10, 'mispronunciations': array([], dtype=object)}
 {'accuracy': 10, 'phones': array(['IH0', 'N'], dtype=object), 'phones-accuracy': array([2., 2.]), 'stress': 10, 'text': 'IN', 'total': 10, 'mispronunciations': array([], dtype=object)}
 {'accuracy': 10, 'phones': array(['P', 'AH1', 'B', 'L', 'IH0', 'K'], dtype=object), 'phones-accuracy': array([2., 2., 2., 2., 2., 2.]), 'stress': 10, 'text': 'PUBLIC', 'total': 10, 'mispronunciations': array([], dtype=object)}
 {'accuracy': 10, 'phones': array(['P', 'L', 'EY1', 'S', 'IH0', 'Z'], dtype=object), 'phones-accuracy': array([2. , 2. , 2. , 2. , 2. , 1.6]), 'stress': 10, 'text': 'PLACES', 'total': 10, 'mispronunciations': array([], dtype=object)}]",2244,f,20,train,022440073,-47.08572170138359
022440073,251,B,2.880000114440918,2.950000047683716,-53.311153411865234,public,2.0,9,10.0,9,8,8,"[{'accuracy': 10, 'phones': array(['DH', 'AH0'], dtype=object), 'phones-accuracy': array([1.8, 2. ]), 'stress': 10, 'text': 'THE', 'total': 10, 'mispronunciations': array([], dtype=object)}
 {'accuracy': 10, 'phones': array(['D', 'EY1', 'N', 'JH', 'ER0', 'Z'], dtype=object), 'phones-accuracy': array([2. , 2. , 2. , 2. , 2. , 1.6]), 'stress': 10, 'text': 'DANGERS', 'total': 10, 'mispronunciations': array([], dtype=object)}
 {'accuracy': 10, 'phones': array(['AH0', 'V'], dtype=object), 'phones-accuracy': array([2., 2.]), 'stress': 10, 'text': 'OF', 'total': 10, 'mispronunciations': array([], dtype=object)}
 {'accuracy': 10, 'phones': array(['HH', 'AE1', 'NG', 'IH0', 'NG'], dtype=object), 'phones-accuracy': array([2., 2., 2., 2., 2.]), 'stress': 10, 'text': 'HANGING', 'total': 10, 'mispronunciations': array([], dtype=object)}
 {'accuracy': 10, 'phones': array(['AW0', 'T'], dtype=object), 'phones-accuracy': array([2., 2.]), 'stress': 10, 'text': 'OUT', 'total': 10, 'mispronunciations': array([], dtype=object)}
 {'accuracy': 10, 'phones': array(['IH0', 'N'], dtype=object), 'phones-accuracy': array([2., 2.]), 'stress': 10, 'text': 'IN', 'total': 10, 'mispronunciations': array([], dtype=object)}
 {'accuracy': 10, 'phones': array(['P', 'AH1', 'B', 'L', 'IH0', 'K'], dtype=object), 'phones-accuracy': array([2., 2., 2., 2., 2., 2.]), 'stress': 10, 'text': 'PUBLIC', 'total': 10, 'mispronunciations': array([], dtype=object)}
 {'accuracy': 10, 'phones': array(['P', 'L', 'EY1', 'S', 'IH0', 'Z'], dtype=object), 'phones-accuracy': array([2. , 2. , 2. , 2. , 2. , 1.6]), 'stress': 10, 'text': 'PLACES', 'total': 10, 'mispronunciations': array([], dtype=object)}]",2244,f,20,train,022440073,-53.18977179378271
022440073,252,L,2.950000047683716,2.990000009536743,-60.02061462402344,public,2.0,9,10.0,9,8,8,"[{'accuracy': 10, 'phones': array(['DH', 'AH0'], dtype=object), 'phones-accuracy': array([1.8, 2. ]), 'stress': 10, 'text': 'THE', 'total': 10, 'mispronunciations': array([], dtype=object)}
 {'accuracy': 10, 'phones': array(['D', 'EY1', 'N', 'JH', 'ER0', 'Z'], dtype=object), 'phones-accuracy': array([2. , 2. , 2. , 2. , 2. , 1.6]), 'stress': 10, 'text': 'DANGERS', 'total': 10, 'mispronunciations': array([], dtype=object)}
 {'accuracy': 10, 'phones': array(['AH0', 'V'], dtype=object), 'phones-accuracy': array([2., 2.]), 'stress': 10, 'text': 'OF', 'total': 10, 'mispronunciations': array([], dtype=object)}
 {'accuracy': 10, 'phones': array(['HH', 'AE1', 'NG', 'IH0', 'NG'], dtype=object), 'phones-accuracy': array([2., 2., 2., 2., 2.]), 'stress': 10, 'text': 'HANGING', 'total': 10, 'mispronunciations': array([], dtype=object)}
 {'accuracy': 10, 'phones': array(['AW0', 'T'], dtype=object), 'phones-accuracy': array([2., 2.]), 'stress': 10, 'text': 'OUT', 'total': 10, 'mispronunciations': array([], dtype=object)}
 {'accuracy': 10, 'phones': array(['IH0', 'N'], dtype=object), 'phones-accuracy': array([2., 2.]), 'stress': 10, 'text': 'IN', 'total': 10, 'mispronunciations': array([], dtype=object)}
 {'accuracy': 10, 'phones': array(['P', 'AH1', 'B', 'L', 'IH0', 'K'], dtype=object), 'phones-accuracy': array([2., 2., 2., 2., 2., 2.]), 'stress': 10, 'text': 'PUBLIC', 'total': 10, 'mispronunciations': array([], dtype=object)}
 {'accuracy': 10, 'phones': array(['P', 'L', 'EY1', 'S', 'IH0', 'Z'], dtype=object), 'phones-accuracy': array([2. , 2. , 2. , 2. , 2. , 1.6]), 'stress': 10, 'text': 'PLACES', 'total': 10, 'mispronunciations': array([], dtype=object)}]",2244,f,20,train,022440073,-59.76148012280464
022440073,253,IH0,2.990000009536743,3.049999952316284,-55.29300308227539,public,2.0,9,10.0,9,8,8,"[{'accuracy': 10, 'phones': array(['DH', 'AH0'], dtype=object), 'phones-accuracy': array([1.8, 2. ]), 'stress': 10, 'text': 'THE', 'total': 10, 'mispronunciations': array([], dtype=object)}
 {'accuracy': 10, 'phones': array(['D', 'EY1', 'N', 'JH', 'ER0', 'Z'], dtype=object), 'phones-accuracy': array([2. , 2. , 2. , 2. , 2. , 1.6]), 'stress': 10, 'text': 'DANGERS', 'total': 10, 'mispronunciations': array([], dtype=object)}
 {'accuracy': 10, 'phones': array(['AH0', 'V'], dtype=object), 'phones-accuracy': array([2., 2.]), 'stress': 10, 'text': 'OF', 'total': 10, 'mispronunciations': array([], dtype=object)}
 {'accuracy': 10, 'phones': array(['HH', 'AE1', 'NG', 'IH0', 'NG'], dtype=object), 'phones-accuracy': array([2., 2., 2., 2., 2.]), 'stress': 10, 'text': 'HANGING', 'total': 10, 'mispronunciations': array([], dtype=object)}
 {'accuracy': 10, 'phones': array(['AW0', 'T'], dtype=object), 'phones-accuracy': array([2., 2.]), 'stress': 10, 'text': 'OUT', 'total': 10, 'mispronunciations': array([], dtype=object)}
 {'accuracy': 10, 'phones': array(['IH0', 'N'], dtype=object), 'phones-accuracy': array([2., 2.]), 'stress': 10, 'text': 'IN', 'total': 10, 'mispronunciations': array([], dtype=object)}
 {'accuracy': 10, 'phones': array(['P', 'AH1', 'B', 'L', 'IH0', 'K'], dtype=object), 'phones-accuracy': array([2., 2., 2., 2., 2., 2.]), 'stress': 10, 'text': 'PUBLIC', 'total': 10, 'mispronunciations': array([], dtype=object)}
 {'accuracy': 10, 'phones': array(['P', 'L', 'EY1', 'S', 'IH0', 'Z'], dtype=object), 'phones-accuracy': array([2. , 2. , 2. , 2. , 2. , 1.6]), 'stress': 10, 'text': 'PLACES', 'total': 10, 'mispronunciations': array([], dtype=object)}]",2244,f,20,train,022440073,-55.07331410050392
022440073,254,K,3.049999952316284,3.1600000858306885,-51.77643203735352,public,2.0,9,10.0,9,8,8,"[{'accuracy': 10, 'phones': array(['DH', 'AH0'], dtype=object), 'phones-accuracy': array([1.8, 2. ]), 'stress': 10, 'text': 'THE', 'total': 10, 'mispronunciations': array([], dtype=object)}
 {'accuracy': 10, 'phones': array(['D', 'EY1', 'N', 'JH', 'ER0', 'Z'], dtype=object), 'phones-accuracy': array([2. , 2. , 2. , 2. , 2. , 1.6]), 'stress': 10, 'text': 'DANGERS', 'total': 10, 'mispronunciations': array([], dtype=object)}
 {'accuracy': 10, 'phones': array(['AH0', 'V'], dtype=object), 'phones-accuracy': array([2., 2.]), 'stress': 10, 'text': 'OF', 'total': 10, 'mispronunciations': array([], dtype=object)}
 {'accuracy': 10, 'phones': array(['HH', 'AE1', 'NG', 'IH0', 'NG'], dtype=object), 'phones-accuracy': array([2., 2., 2., 2., 2.]), 'stress': 10, 'text': 'HANGING', 'total': 10, 'mispronunciations': array([], dtype=object)}
 {'accuracy': 10, 'phones': array(['AW0', 'T'], dtype=object), 'phones-accuracy': array([2., 2.]), 'stress': 10, 'text': 'OUT', 'total': 10, 'mispronunciations': array([], dtype=object)}
 {'accuracy': 10, 'phones': array(['IH0', 'N'], dtype=object), 'phones-accuracy': array([2., 2.]), 'stress': 10, 'text': 'IN', 'total': 10, 'mispronunciations': array([], dtype=object)}
 {'accuracy': 10, 'phones': array(['P', 'AH1', 'B', 'L', 'IH0', 'K'], dtype=object), 'phones-accuracy': array([2., 2., 2., 2., 2., 2.]), 'stress': 10, 'text': 'PUBLIC', 'total': 10, 'mispronunciations': array([], dtype=object)}
 {'accuracy': 10, 'phones': array(['P', 'L', 'EY1', 'S', 'IH0', 'Z'], dtype=object), 'phones-accuracy': array([2. , 2. , 2. , 2. , 2. , 1.6]), 'stress': 10, 'text': 'PLACES', 'total': 10, 'mispronunciations': array([], dtype=object)}]",2244,f,20,train,022440073,-51.67791649699212
022440073,255,P,3.1600000858306885,3.190000057220459,-57.11814498901367,places,2.0,9,10.0,9,8,8,"[{'accuracy': 10, 'phones': array(['DH', 'AH0'], dtype=object), 'phones-accuracy': array([1.8, 2. ]), 'stress': 10, 'text': 'THE', 'total': 10, 'mispronunciations': array([], dtype=object)}
 {'accuracy': 10, 'phones': array(['D', 'EY1', 'N', 'JH', 'ER0', 'Z'], dtype=object), 'phones-accuracy': array([2. , 2. , 2. , 2. , 2. , 1.6]), 'stress': 10, 'text': 'DANGERS', 'total': 10, 'mispronunciations': array([], dtype=object)}
 {'accuracy': 10, 'phones': array(['AH0', 'V'], dtype=object), 'phones-accuracy': array([2., 2.]), 'stress': 10, 'text': 'OF', 'total': 10, 'mispronunciations': array([], dtype=object)}
 {'accuracy': 10, 'phones': array(['HH', 'AE1', 'NG', 'IH0', 'NG'], dtype=object), 'phones-accuracy': array([2., 2., 2., 2., 2.]), 'stress': 10, 'text': 'HANGING', 'total': 10, 'mispronunciations': array([], dtype=object)}
 {'accuracy': 10, 'phones': array(['AW0', 'T'], dtype=object), 'phones-accuracy': array([2., 2.]), 'stress': 10, 'text': 'OUT', 'total': 10, 'mispronunciations': array([], dtype=object)}
 {'accuracy': 10, 'phones': array(['IH0', 'N'], dtype=object), 'phones-accuracy': array([2., 2.]), 'stress': 10, 'text': 'IN', 'total': 10, 'mispronunciations': array([], dtype=object)}
 {'accuracy': 10, 'phones': array(['P', 'AH1', 'B', 'L', 'IH0', 'K'], dtype=object), 'phones-accuracy': array([2., 2., 2., 2., 2., 2.]), 'stress': 10, 'text': 'PUBLIC', 'total': 10, 'mispronunciations': array([], dtype=object)}
 {'accuracy': 10, 'phones': array(['P', 'L', 'EY1', 'S', 'IH0', 'Z'], dtype=object), 'phones-accuracy': array([2. , 2. , 2. , 2. , 2. , 1.6]), 'stress': 10, 'text': 'PLACES', 'total': 10, 'mispronunciations': array([], dtype=object)}]",2244,f,20,train,022440073,-56.847147047519684
022440073,256,L,3.190000057220459,3.25,-53.39500427246094,places,2.0,9,10.0,9,8,8,"[{'accuracy': 10, 'phones': array(['DH', 'AH0'], dtype=object), 'phones-accuracy': array([1.8, 2. ]), 'stress': 10, 'text': 'THE', 'total': 10, 'mispronunciations': array([], dtype=object)}
 {'accuracy': 10, 'phones': array(['D', 'EY1', 'N', 'JH', 'ER0', 'Z'], dtype=object), 'phones-accuracy': array([2. , 2. , 2. , 2. , 2. , 1.6]), 'stress': 10, 'text': 'DANGERS', 'total': 10, 'mispronunciations': array([], dtype=object)}
 {'accuracy': 10, 'phones': array(['AH0', 'V'], dtype=object), 'phones-accuracy': array([2., 2.]), 'stress': 10, 'text': 'OF', 'total': 10, 'mispronunciations': array([], dtype=object)}
 {'accuracy': 10, 'phones': array(['HH', 'AE1', 'NG', 'IH0', 'NG'], dtype=object), 'phones-accuracy': array([2., 2., 2., 2., 2.]), 'stress': 10, 'text': 'HANGING', 'total': 10, 'mispronunciations': array([], dtype=object)}
 {'accuracy': 10, 'phones': array(['AW0', 'T'], dtype=object), 'phones-accuracy': array([2., 2.]), 'stress': 10, 'text': 'OUT', 'total': 10, 'mispronunciations': array([], dtype=object)}
 {'accuracy': 10, 'phones': array(['IH0', 'N'], dtype=object), 'phones-accuracy': array([2., 2.]), 'stress': 10, 'text': 'IN', 'total': 10, 'mispronunciations': array([], dtype=object)}
 {'accuracy': 10, 'phones': array(['P', 'AH1', 'B', 'L', 'IH0', 'K'], dtype=object), 'phones-accuracy': array([2., 2., 2., 2., 2., 2.]), 'stress': 10, 'text': 'PUBLIC', 'total': 10, 'mispronunciations': array([], dtype=object)}
 {'accuracy': 10, 'phones': array(['P', 'L', 'EY1', 'S', 'IH0', 'Z'], dtype=object), 'phones-accuracy': array([2. , 2. , 2. , 2. , 2. , 1.6]), 'stress': 10, 'text': 'PLACES', 'total': 10, 'mispronunciations': array([], dtype=object)}]",2244,f,20,train,022440073,-53.089292138814926
022440073,257,EY1,3.25,3.369999885559082,-41.54777145385742,places,2.0,9,10.0,9,8,8,"[{'accuracy': 10, 'phones': array(['DH', 'AH0'], dtype=object), 'phones-accuracy': array([1.8, 2. ]), 'stress': 10, 'text': 'THE', 'total': 10, 'mispronunciations': array([], dtype=object)}
 {'accuracy': 10, 'phones': array(['D', 'EY1', 'N', 'JH', 'ER0', 'Z'], dtype=object), 'phones-accuracy': array([2. , 2. , 2. , 2. , 2. , 1.6]), 'stress': 10, 'text': 'DANGERS', 'total': 10, 'mispronunciations': array([], dtype=object)}
 {'accuracy': 10, 'phones': array(['AH0', 'V'], dtype=object), 'phones-accuracy': array([2., 2.]), 'stress': 10, 'text': 'OF', 'total': 10, 'mispronunciations': array([], dtype=object)}
 {'accuracy': 10, 'phones': array(['HH', 'AE1', 'NG', 'IH0', 'NG'], dtype=object), 'phones-accuracy': array([2., 2., 2., 2., 2.]), 'stress': 10, 'text': 'HANGING', 'total': 10, 'mispronunciations': array([], dtype=object)}
 {'accuracy': 10, 'phones': array(['AW0', 'T'], dtype=object), 'phones-accuracy': array([2., 2.]), 'stress': 10, 'text': 'OUT', 'total': 10, 'mispronunciations': array([], dtype=object)}
 {'accuracy': 10, 'phones': array(['IH0', 'N'], dtype=object), 'phones-accuracy': array([2., 2.]), 'stress': 10, 'text': 'IN', 'total': 10, 'mispronunciations': array([], dtype=object)}
 {'accuracy': 10, 'phones': array(['P', 'AH1', 'B', 'L', 'IH0', 'K'], dtype=object), 'phones-accuracy': array([2., 2., 2., 2., 2., 2.]), 'stress': 10, 'text': 'PUBLIC', 'total': 10, 'mispronunciations': array([], dtype=object)}
 {'accuracy': 10, 'phones': array(['P', 'L', 'EY1', 'S', 'IH0', 'Z'], dtype=object), 'phones-accuracy': array([2. , 2. , 2. , 2. , 2. , 1.6]), 'stress': 10, 'text': 'PLACES', 'total': 10, 'mispronunciations': array([], dtype=object)}]",2244,f,20,train,022440073,-41.24996757507324
022440073,258,S,3.369999885559082,3.4800000190734863,-51.84861755371094,places,2.0,9,10.0,9,8,8,"[{'accuracy': 10, 'phones': array(['DH', 'AH0'], dtype=object), 'phones-accuracy': array([1.8, 2. ]), 'stress': 10, 'text': 'THE', 'total': 10, 'mispronunciations': array([], dtype=object)}
 {'accuracy': 10, 'phones': array(['D', 'EY1', 'N', 'JH', 'ER0', 'Z'], dtype=object), 'phones-accuracy': array([2. , 2. , 2. , 2. , 2. , 1.6]), 'stress': 10, 'text': 'DANGERS', 'total': 10, 'mispronunciations': array([], dtype=object)}
 {'accuracy': 10, 'phones': array(['AH0', 'V'], dtype=object), 'phones-accuracy': array([2., 2.]), 'stress': 10, 'text': 'OF', 'total': 10, 'mispronunciations': array([], dtype=object)}
 {'accuracy': 10, 'phones': array(['HH', 'AE1', 'NG', 'IH0', 'NG'], dtype=object), 'phones-accuracy': array([2., 2., 2., 2., 2.]), 'stress': 10, 'text': 'HANGING', 'total': 10, 'mispronunciations': array([], dtype=object)}
 {'accuracy': 10, 'phones': array(['AW0', 'T'], dtype=object), 'phones-accuracy': array([2., 2.]), 'stress': 10, 'text': 'OUT', 'total': 10, 'mispronunciations': array([], dtype=object)}
 {'accuracy': 10, 'phones': array(['IH0', 'N'], dtype=object), 'phones-accuracy': array([2., 2.]), 'stress': 10, 'text': 'IN', 'total': 10, 'mispronunciations': array([], dtype=object)}
 {'accuracy': 10, 'phones': array(['P', 'AH1', 'B', 'L', 'IH0', 'K'], dtype=object), 'phones-accuracy': array([2., 2., 2., 2., 2., 2.]), 'stress': 10, 'text': 'PUBLIC', 'total': 10, 'mispronunciations': array([], dtype=object)}
 {'accuracy': 10, 'phones': array(['P', 'L', 'EY1', 'S', 'IH0', 'Z'], dtype=object), 'phones-accuracy': array([2. , 2. , 2. , 2. , 2. , 1.6]), 'stress': 10, 'text': 'PLACES', 'total': 10, 'mispronunciations': array([], dtype=object)}]",2244,f,20,train,022440073,-51.70138421654701
022440073,259,IH0,3.4800000190734863,3.539999961853028,-64.48111724853516,places,2.0,9,10.0,9,8,8,"[{'accuracy': 10, 'phones': array(['DH', 'AH0'], dtype=object), 'phones-accuracy': array([1.8, 2. ]), 'stress': 10, 'text': 'THE', 'total': 10, 'mispronunciations': array([], dtype=object)}
 {'accuracy': 10, 'phones': array(['D', 'EY1', 'N', 'JH', 'ER0', 'Z'], dtype=object), 'phones-accuracy': array([2. , 2. , 2. , 2. , 2. , 1.6]), 'stress': 10, 'text': 'DANGERS', 'total': 10, 'mispronunciations': array([], dtype=object)}
 {'accuracy': 10, 'phones': array(['AH0', 'V'], dtype=object), 'phones-accuracy': array([2., 2.]), 'stress': 10, 'text': 'OF', 'total': 10, 'mispronunciations': array([], dtype=object)}
 {'accuracy': 10, 'phones': array(['HH', 'AE1', 'NG', 'IH0', 'NG'], dtype=object), 'phones-accuracy': array([2., 2., 2., 2., 2.]), 'stress': 10, 'text': 'HANGING', 'total': 10, 'mispronunciations': array([], dtype=object)}
 {'accuracy': 10, 'phones': array(['AW0', 'T'], dtype=object), 'phones-accuracy': array([2., 2.]), 'stress': 10, 'text': 'OUT', 'total': 10, 'mispronunciations': array([], dtype=object)}
 {'accuracy': 10, 'phones': array(['IH0', 'N'], dtype=object), 'phones-accuracy': array([2., 2.]), 'stress': 10, 'text': 'IN', 'total': 10, 'mispronunciations': array([], dtype=object)}
 {'accuracy': 10, 'phones': array(['P', 'AH1', 'B', 'L', 'IH0', 'K'], dtype=object), 'phones-accuracy': array([2., 2., 2., 2., 2., 2.]), 'stress': 10, 'text': 'PUBLIC', 'total': 10, 'mispronunciations': array([], dtype=object)}
 {'accuracy': 10, 'phones': array(['P', 'L', 'EY1', 'S', 'IH0', 'Z'], dtype=object), 'phones-accuracy': array([2. , 2. , 2. , 2. , 2. , 1.6]), 'stress': 10, 'text': 'PLACES', 'total': 10, 'mispronunciations': array([], dtype=object)}]",2244,f,20,train,022440073,-64.30601933598518
022440073,260,Z,3.539999961853028,3.7100000381469727,-49.07025909423828,places,1.6,9,10.0,9,8,8,"[{'accuracy': 10, 'phones': array(['DH', 'AH0'], dtype=object), 'phones-accuracy': array([1.8, 2. ]), 'stress': 10, 'text': 'THE', 'total': 10, 'mispronunciations': array([], dtype=object)}
 {'accuracy': 10, 'phones': array(['D', 'EY1', 'N', 'JH', 'ER0', 'Z'], dtype=object), 'phones-accuracy': array([2. , 2. , 2. , 2. , 2. , 1.6]), 'stress': 10, 'text': 'DANGERS', 'total': 10, 'mispronunciations': array([], dtype=object)}
 {'accuracy': 10, 'phones': array(['AH0', 'V'], dtype=object), 'phones-accuracy': array([2., 2.]), 'stress': 10, 'text': 'OF', 'total': 10, 'mispronunciations': array([], dtype=object)}
 {'accuracy': 10, 'phones': array(['HH', 'AE1', 'NG', 'IH0', 'NG'], dtype=object), 'phones-accuracy': array([2., 2., 2., 2., 2.]), 'stress': 10, 'text': 'HANGING', 'total': 10, 'mispronunciations': array([], dtype=object)}
 {'accuracy': 10, 'phones': array(['AW0', 'T'], dtype=object), 'phones-accuracy': array([2., 2.]), 'stress': 10, 'text': 'OUT', 'total': 10, 'mispronunciations': array([], dtype=object)}
 {'accuracy': 10, 'phones': array(['IH0', 'N'], dtype=object), 'phones-accuracy': array([2., 2.]), 'stress': 10, 'text': 'IN', 'total': 10, 'mispronunciations': array([], dtype=object)}
 {'accuracy': 10, 'phones': array(['P', 'AH1', 'B', 'L', 'IH0', 'K'], dtype=object), 'phones-accuracy': array([2., 2., 2., 2., 2., 2.]), 'stress': 10, 'text': 'PUBLIC', 'total': 10, 'mispronunciations': array([], dtype=object)}
 {'accuracy': 10, 'phones': array(['P', 'L', 'EY1', 'S', 'IH0', 'Z'], dtype=object), 'phones-accuracy': array([2. , 2. , 2. , 2. , 2. , 1.6]), 'stress': 10, 'text': 'PLACES', 'total': 10, 'mispronunciations': array([], dtype=object)}]",2244,f,20,train,022440073,-48.880831718444824
022440073,261,sil,3.7100000381469727,4.267000198364258,-42.33141708374024,<eps>,,9,10.0,9,8,8,"[{'accuracy': 10, 'phones': array(['DH', 'AH0'], dtype=object), 'phones-accuracy': array([1.8, 2. ]), 'stress': 10, 'text': 'THE', 'total': 10, 'mispronunciations': array([], dtype=object)}
 {'accuracy': 10, 'phones': array(['D', 'EY1', 'N', 'JH', 'ER0', 'Z'], dtype=object), 'phones-accuracy': array([2. , 2. , 2. , 2. , 2. , 1.6]), 'stress': 10, 'text': 'DANGERS', 'total': 10, 'mispronunciations': array([], dtype=object)}
 {'accuracy': 10, 'phones': array(['AH0', 'V'], dtype=object), 'phones-accuracy': array([2., 2.]), 'stress': 10, 'text': 'OF', 'total': 10, 'mispronunciations': array([], dtype=object)}
 {'accuracy': 10, 'phones': array(['HH', 'AE1', 'NG', 'IH0', 'NG'], dtype=object), 'phones-accuracy': array([2., 2., 2., 2., 2.]), 'stress': 10, 'text': 'HANGING', 'total': 10, 'mispronunciations': array([], dtype=object)}
 {'accuracy': 10, 'phones': array(['AW0', 'T'], dtype=object), 'phones-accuracy': array([2., 2.]), 'stress': 10, 'text': 'OUT', 'total': 10, 'mispronunciations': array([], dtype=object)}
 {'accuracy': 10, 'phones': array(['IH0', 'N'], dtype=object), 'phones-accuracy': array([2., 2.]), 'stress': 10, 'text': 'IN', 'total': 10, 'mispronunciations': array([], dtype=object)}
 {'accuracy': 10, 'phones': array(['P', 'AH1', 'B', 'L', 'IH0', 'K'], dtype=object), 'phones-accuracy': array([2., 2., 2., 2., 2., 2.]), 'stress': 10, 'text': 'PUBLIC', 'total': 10, 'mispronunciations': array([], dtype=object)}
 {'accuracy': 10, 'phones': array(['P', 'L', 'EY1', 'S', 'IH0', 'Z'], dtype=object), 'phones-accuracy': array([2. , 2. , 2. , 2. , 2. , 1.6]), 'stress': 10, 'text': 'PLACES', 'total': 10, 'mispronunciations': array([], dtype=object)}]",2244,f,20,train,022440073,-42.310149680823095
022440362,262,sil,0.0,0.5299999713897705,-42.90244674682617,<eps>,,9,10.0,8,8,8,"[{'accuracy': 10, 'phones': array(['AE0', 'Z'], dtype=object), 'phones-accuracy': array([1.8, 2. ]), 'stress': 10, 'text': 'AS', 'total': 10, 'mispronunciations': array([], dtype=object)}
 {'accuracy': 10, 'phones': array(['IH0', 'F'], dtype=object), 'phones-accuracy': array([2., 2.]), 'stress': 10, 'text': 'IF', 'total': 10, 'mispronunciations': array([], dtype=object)}
 {'accuracy': 10, 'phones': array(['SH', 'IY0'], dtype=object), 'phones-accuracy': array([2. , 1.8]), 'stress': 10, 'text': 'SHE', 'total': 10, 'mispronunciations': array([], dtype=object)}
 {'accuracy': 10, 'phones': array(['W', 'AA1', 'N', 'T', 'IH0', 'D'], dtype=object), 'phones-accuracy': array([2., 2., 2., 2., 2., 2.]), 'stress': 10, 'text': 'WANTED', 'total': 10, 'mispronunciations': array([], dtype=object)}
 {'accuracy': 10, 'phones': array(['HH', 'IH0', 'M'], dtype=object), 'phones-accuracy': array([2., 2., 2.]), 'stress': 10, 'text': 'HIM', 'total': 10, 'mispronunciations': array([], dtype=object)}
 {'accuracy': 10, 'phones': array(['T', 'UW0'], dtype=object), 'phones-accuracy': array([2., 2.]), 'stress': 10, 'text': 'TO', 'total': 10, 'mispronunciations': array([], dtype=object)}
 {'accuracy': 10, 'phones': array(['L', 'IY0', 'V'], dtype=object), 'phones-accuracy': array([2., 2., 2.]), 'stress': 10, 'text': 'LEAVE', 'total': 10, 'mispronunciations': array([], dtype=object)}]",2244,f,20,train,022440362,-42.852782767266035
022440362,263,AE1,0.5299999713897705,0.6700000166893005,-45.05615615844727,as,,9,10.0,8,8,8,"[{'accuracy': 10, 'phones': array(['AE0', 'Z'], dtype=object), 'phones-accuracy': array([1.8, 2. ]), 'stress': 10, 'text': 'AS', 'total': 10, 'mispronunciations': array([], dtype=object)}
 {'accuracy': 10, 'phones': array(['IH0', 'F'], dtype=object), 'phones-accuracy': array([2., 2.]), 'stress': 10, 'text': 'IF', 'total': 10, 'mispronunciations': array([], dtype=object)}
 {'accuracy': 10, 'phones': array(['SH', 'IY0'], dtype=object), 'phones-accuracy': array([2. , 1.8]), 'stress': 10, 'text': 'SHE', 'total': 10, 'mispronunciations': array([], dtype=object)}
 {'accuracy': 10, 'phones': array(['W', 'AA1', 'N', 'T', 'IH0', 'D'], dtype=object), 'phones-accuracy': array([2., 2., 2., 2., 2., 2.]), 'stress': 10, 'text': 'WANTED', 'total': 10, 'mispronunciations': array([], dtype=object)}
 {'accuracy': 10, 'phones': array(['HH', 'IH0', 'M'], dtype=object), 'phones-accuracy': array([2., 2., 2.]), 'stress': 10, 'text': 'HIM', 'total': 10, 'mispronunciations': array([], dtype=object)}
 {'accuracy': 10, 'phones': array(['T', 'UW0'], dtype=object), 'phones-accuracy': array([2., 2.]), 'stress': 10, 'text': 'TO', 'total': 10, 'mispronunciations': array([], dtype=object)}
 {'accuracy': 10, 'phones': array(['L', 'IY0', 'V'], dtype=object), 'phones-accuracy': array([2., 2., 2.]), 'stress': 10, 'text': 'LEAVE', 'total': 10, 'mispronunciations': array([], dtype=object)}]",2244,f,20,train,022440362,-44.87757678329945
022440362,264,Z,0.6700000166893005,0.7300000190734863,-55.53049850463867,as,2.0,9,10.0,8,8,8,"[{'accuracy': 10, 'phones': array(['AE0', 'Z'], dtype=object), 'phones-accuracy': array([1.8, 2. ]), 'stress': 10, 'text': 'AS', 'total': 10, 'mispronunciations': array([], dtype=object)}
 {'accuracy': 10, 'phones': array(['IH0', 'F'], dtype=object), 'phones-accuracy': array([2., 2.]), 'stress': 10, 'text': 'IF', 'total': 10, 'mispronunciations': array([], dtype=object)}
 {'accuracy': 10, 'phones': array(['SH', 'IY0'], dtype=object), 'phones-accuracy': array([2. , 1.8]), 'stress': 10, 'text': 'SHE', 'total': 10, 'mispronunciations': array([], dtype=object)}
 {'accuracy': 10, 'phones': array(['W', 'AA1', 'N', 'T', 'IH0', 'D'], dtype=object), 'phones-accuracy': array([2., 2., 2., 2., 2., 2.]), 'stress': 10, 'text': 'WANTED', 'total': 10, 'mispronunciations': array([], dtype=object)}
 {'accuracy': 10, 'phones': array(['HH', 'IH0', 'M'], dtype=object), 'phones-accuracy': array([2., 2., 2.]), 'stress': 10, 'text': 'HIM', 'total': 10, 'mispronunciations': array([], dtype=object)}
 {'accuracy': 10, 'phones': array(['T', 'UW0'], dtype=object), 'phones-accuracy': array([2., 2.]), 'stress': 10, 'text': 'TO', 'total': 10, 'mispronunciations': array([], dtype=object)}
 {'accuracy': 10, 'phones': array(['L', 'IY0', 'V'], dtype=object), 'phones-accuracy': array([2., 2., 2.]), 'stress': 10, 'text': 'LEAVE', 'total': 10, 'mispronunciations': array([], dtype=object)}]",2244,f,20,train,022440362,-55.35846363008022
022440362,265,IH1,0.7300000190734863,0.9200000166893004,-56.91226196289063,if,,9,10.0,8,8,8,"[{'accuracy': 10, 'phones': array(['AE0', 'Z'], dtype=object), 'phones-accuracy': array([1.8, 2. ]), 'stress': 10, 'text': 'AS', 'total': 10, 'mispronunciations': array([], dtype=object)}
 {'accuracy': 10, 'phones': array(['IH0', 'F'], dtype=object), 'phones-accuracy': array([2., 2.]), 'stress': 10, 'text': 'IF', 'total': 10, 'mispronunciations': array([], dtype=object)}
 {'accuracy': 10, 'phones': array(['SH', 'IY0'], dtype=object), 'phones-accuracy': array([2. , 1.8]), 'stress': 10, 'text': 'SHE', 'total': 10, 'mispronunciations': array([], dtype=object)}
 {'accuracy': 10, 'phones': array(['W', 'AA1', 'N', 'T', 'IH0', 'D'], dtype=object), 'phones-accuracy': array([2., 2., 2., 2., 2., 2.]), 'stress': 10, 'text': 'WANTED', 'total': 10, 'mispronunciations': array([], dtype=object)}
 {'accuracy': 10, 'phones': array(['HH', 'IH0', 'M'], dtype=object), 'phones-accuracy': array([2., 2., 2.]), 'stress': 10, 'text': 'HIM', 'total': 10, 'mispronunciations': array([], dtype=object)}
 {'accuracy': 10, 'phones': array(['T', 'UW0'], dtype=object), 'phones-accuracy': array([2., 2.]), 'stress': 10, 'text': 'TO', 'total': 10, 'mispronunciations': array([], dtype=object)}
 {'accuracy': 10, 'phones': array(['L', 'IY0', 'V'], dtype=object), 'phones-accuracy': array([2., 2., 2.]), 'stress': 10, 'text': 'LEAVE', 'total': 10, 'mispronunciations': array([], dtype=object)}]",2244,f,20,train,022440362,-56.7384616136551
022440362,266,F,0.9200000166893004,1.0,-49.25006866455078,if,2.0,9,10.0,8,8,8,"[{'accuracy': 10, 'phones': array(['AE0', 'Z'], dtype=object), 'phones-accuracy': array([1.8, 2. ]), 'stress': 10, 'text': 'AS', 'total': 10, 'mispronunciations': array([], dtype=object)}
 {'accuracy': 10, 'phones': array(['IH0', 'F'], dtype=object), 'phones-accuracy': array([2., 2.]), 'stress': 10, 'text': 'IF', 'total': 10, 'mispronunciations': array([], dtype=object)}
 {'accuracy': 10, 'phones': array(['SH', 'IY0'], dtype=object), 'phones-accuracy': array([2. , 1.8]), 'stress': 10, 'text': 'SHE', 'total': 10, 'mispronunciations': array([], dtype=object)}
 {'accuracy': 10, 'phones': array(['W', 'AA1', 'N', 'T', 'IH0', 'D'], dtype=object), 'phones-accuracy': array([2., 2., 2., 2., 2., 2.]), 'stress': 10, 'text': 'WANTED', 'total': 10, 'mispronunciations': array([], dtype=object)}
 {'accuracy': 10, 'phones': array(['HH', 'IH0', 'M'], dtype=object), 'phones-accuracy': array([2., 2., 2.]), 'stress': 10, 'text': 'HIM', 'total': 10, 'mispronunciations': array([], dtype=object)}
 {'accuracy': 10, 'phones': array(['T', 'UW0'], dtype=object), 'phones-accuracy': array([2., 2.]), 'stress': 10, 'text': 'TO', 'total': 10, 'mispronunciations': array([], dtype=object)}
 {'accuracy': 10, 'phones': array(['L', 'IY0', 'V'], dtype=object), 'phones-accuracy': array([2., 2., 2.]), 'stress': 10, 'text': 'LEAVE', 'total': 10, 'mispronunciations': array([], dtype=object)}]",2244,f,20,train,022440362,-49.076853811740875
022440362,267,SH,1.0,1.159999966621399,-55.10680770874024,she,2.0,9,10.0,8,8,8,"[{'accuracy': 10, 'phones': array(['AE0', 'Z'], dtype=object), 'phones-accuracy': array([1.8, 2. ]), 'stress': 10, 'text': 'AS', 'total': 10, 'mispronunciations': array([], dtype=object)}
 {'accuracy': 10, 'phones': array(['IH0', 'F'], dtype=object), 'phones-accuracy': array([2., 2.]), 'stress': 10, 'text': 'IF', 'total': 10, 'mispronunciations': array([], dtype=object)}
 {'accuracy': 10, 'phones': array(['SH', 'IY0'], dtype=object), 'phones-accuracy': array([2. , 1.8]), 'stress': 10, 'text': 'SHE', 'total': 10, 'mispronunciations': array([], dtype=object)}
 {'accuracy': 10, 'phones': array(['W', 'AA1', 'N', 'T', 'IH0', 'D'], dtype=object), 'phones-accuracy': array([2., 2., 2., 2., 2., 2.]), 'stress': 10, 'text': 'WANTED', 'total': 10, 'mispronunciations': array([], dtype=object)}
 {'accuracy': 10, 'phones': array(['HH', 'IH0', 'M'], dtype=object), 'phones-accuracy': array([2., 2., 2.]), 'stress': 10, 'text': 'HIM', 'total': 10, 'mispronunciations': array([], dtype=object)}
 {'accuracy': 10, 'phones': array(['T', 'UW0'], dtype=object), 'phones-accuracy': array([2., 2.]), 'stress': 10, 'text': 'TO', 'total': 10, 'mispronunciations': array([], dtype=object)}
 {'accuracy': 10, 'phones': array(['L', 'IY0', 'V'], dtype=object), 'phones-accuracy': array([2., 2., 2.]), 'stress': 10, 'text': 'LEAVE', 'total': 10, 'mispronunciations': array([], dtype=object)}]",2244,f,20,train,022440362,-55.05184257030488
022440362,268,IY1,1.159999966621399,1.2400000095367432,-56.00940704345703,she,,9,10.0,8,8,8,"[{'accuracy': 10, 'phones': array(['AE0', 'Z'], dtype=object), 'phones-accuracy': array([1.8, 2. ]), 'stress': 10, 'text': 'AS', 'total': 10, 'mispronunciations': array([], dtype=object)}
 {'accuracy': 10, 'phones': array(['IH0', 'F'], dtype=object), 'phones-accuracy': array([2., 2.]), 'stress': 10, 'text': 'IF', 'total': 10, 'mispronunciations': array([], dtype=object)}
 {'accuracy': 10, 'phones': array(['SH', 'IY0'], dtype=object), 'phones-accuracy': array([2. , 1.8]), 'stress': 10, 'text': 'SHE', 'total': 10, 'mispronunciations': array([], dtype=object)}
 {'accuracy': 10, 'phones': array(['W', 'AA1', 'N', 'T', 'IH0', 'D'], dtype=object), 'phones-accuracy': array([2., 2., 2., 2., 2., 2.]), 'stress': 10, 'text': 'WANTED', 'total': 10, 'mispronunciations': array([], dtype=object)}
 {'accuracy': 10, 'phones': array(['HH', 'IH0', 'M'], dtype=object), 'phones-accuracy': array([2., 2., 2.]), 'stress': 10, 'text': 'HIM', 'total': 10, 'mispronunciations': array([], dtype=object)}
 {'accuracy': 10, 'phones': array(['T', 'UW0'], dtype=object), 'phones-accuracy': array([2., 2.]), 'stress': 10, 'text': 'TO', 'total': 10, 'mispronunciations': array([], dtype=object)}
 {'accuracy': 10, 'phones': array(['L', 'IY0', 'V'], dtype=object), 'phones-accuracy': array([2., 2., 2.]), 'stress': 10, 'text': 'LEAVE', 'total': 10, 'mispronunciations': array([], dtype=object)}]",2244,f,20,train,022440362,-55.832284316420555
022440362,269,W,1.2400000095367432,1.340000033378601,-54.11723709106445,wanted,2.0,9,10.0,8,8,8,"[{'accuracy': 10, 'phones': array(['AE0', 'Z'], dtype=object), 'phones-accuracy': array([1.8, 2. ]), 'stress': 10, 'text': 'AS', 'total': 10, 'mispronunciations': array([], dtype=object)}
 {'accuracy': 10, 'phones': array(['IH0', 'F'], dtype=object), 'phones-accuracy': array([2., 2.]), 'stress': 10, 'text': 'IF', 'total': 10, 'mispronunciations': array([], dtype=object)}
 {'accuracy': 10, 'phones': array(['SH', 'IY0'], dtype=object), 'phones-accuracy': array([2. , 1.8]), 'stress': 10, 'text': 'SHE', 'total': 10, 'mispronunciations': array([], dtype=object)}
 {'accuracy': 10, 'phones': array(['W', 'AA1', 'N', 'T', 'IH0', 'D'], dtype=object), 'phones-accuracy': array([2., 2., 2., 2., 2., 2.]), 'stress': 10, 'text': 'WANTED', 'total': 10, 'mispronunciations': array([], dtype=object)}
 {'accuracy': 10, 'phones': array(['HH', 'IH0', 'M'], dtype=object), 'phones-accuracy': array([2., 2., 2.]), 'stress': 10, 'text': 'HIM', 'total': 10, 'mispronunciations': array([], dtype=object)}
 {'accuracy': 10, 'phones': array(['T', 'UW0'], dtype=object), 'phones-accuracy': array([2., 2.]), 'stress': 10, 'text': 'TO', 'total': 10, 'mispronunciations': array([], dtype=object)}
 {'accuracy': 10, 'phones': array(['L', 'IY0', 'V'], dtype=object), 'phones-accuracy': array([2., 2., 2.]), 'stress': 10, 'text': 'LEAVE', 'total': 10, 'mispronunciations': array([], dtype=object)}]",2244,f,20,train,022440362,-53.9505518078804
022440362,270,AA1,1.340000033378601,1.4199999570846558,-44.4620361328125,wanted,2.0,9,10.0,8,8,8,"[{'accuracy': 10, 'phones': array(['AE0', 'Z'], dtype=object), 'phones-accuracy': array([1.8, 2. ]), 'stress': 10, 'text': 'AS', 'total': 10, 'mispronunciations': array([], dtype=object)}
 {'accuracy': 10, 'phones': array(['IH0', 'F'], dtype=object), 'phones-accuracy': array([2., 2.]), 'stress': 10, 'text': 'IF', 'total': 10, 'mispronunciations': array([], dtype=object)}
 {'accuracy': 10, 'phones': array(['SH', 'IY0'], dtype=object), 'phones-accuracy': array([2. , 1.8]), 'stress': 10, 'text': 'SHE', 'total': 10, 'mispronunciations': array([], dtype=object)}
 {'accuracy': 10, 'phones': array(['W', 'AA1', 'N', 'T', 'IH0', 'D'], dtype=object), 'phones-accuracy': array([2., 2., 2., 2., 2., 2.]), 'stress': 10, 'text': 'WANTED', 'total': 10, 'mispronunciations': array([], dtype=object)}
 {'accuracy': 10, 'phones': array(['HH', 'IH0', 'M'], dtype=object), 'phones-accuracy': array([2., 2., 2.]), 'stress': 10, 'text': 'HIM', 'total': 10, 'mispronunciations': array([], dtype=object)}
 {'accuracy': 10, 'phones': array(['T', 'UW0'], dtype=object), 'phones-accuracy': array([2., 2.]), 'stress': 10, 'text': 'TO', 'total': 10, 'mispronunciations': array([], dtype=object)}
 {'accuracy': 10, 'phones': array(['L', 'IY0', 'V'], dtype=object), 'phones-accuracy': array([2., 2., 2.]), 'stress': 10, 'text': 'LEAVE', 'total': 10, 'mispronunciations': array([], dtype=object)}]",2244,f,20,train,022440362,-44.300270318984985
022440362,271,N,1.4199999570846558,1.4800000190734863,-53.34539794921875,wanted,2.0,9,10.0,8,8,8,"[{'accuracy': 10, 'phones': array(['AE0', 'Z'], dtype=object), 'phones-accuracy': array([1.8, 2. ]), 'stress': 10, 'text': 'AS', 'total': 10, 'mispronunciations': array([], dtype=object)}
 {'accuracy': 10, 'phones': array(['IH0', 'F'], dtype=object), 'phones-accuracy': array([2., 2.]), 'stress': 10, 'text': 'IF', 'total': 10, 'mispronunciations': array([], dtype=object)}
 {'accuracy': 10, 'phones': array(['SH', 'IY0'], dtype=object), 'phones-accuracy': array([2. , 1.8]), 'stress': 10, 'text': 'SHE', 'total': 10, 'mispronunciations': array([], dtype=object)}
 {'accuracy': 10, 'phones': array(['W', 'AA1', 'N', 'T', 'IH0', 'D'], dtype=object), 'phones-accuracy': array([2., 2., 2., 2., 2., 2.]), 'stress': 10, 'text': 'WANTED', 'total': 10, 'mispronunciations': array([], dtype=object)}
 {'accuracy': 10, 'phones': array(['HH', 'IH0', 'M'], dtype=object), 'phones-accuracy': array([2., 2., 2.]), 'stress': 10, 'text': 'HIM', 'total': 10, 'mispronunciations': array([], dtype=object)}
 {'accuracy': 10, 'phones': array(['T', 'UW0'], dtype=object), 'phones-accuracy': array([2., 2.]), 'stress': 10, 'text': 'TO', 'total': 10, 'mispronunciations': array([], dtype=object)}
 {'accuracy': 10, 'phones': array(['L', 'IY0', 'V'], dtype=object), 'phones-accuracy': array([2., 2., 2.]), 'stress': 10, 'text': 'LEAVE', 'total': 10, 'mispronunciations': array([], dtype=object)}]",2244,f,20,train,022440362,-53.15137019753456
022440362,272,T,1.4800000190734863,1.5399999618530271,-63.964691162109375,wanted,2.0,9,10.0,8,8,8,"[{'accuracy': 10, 'phones': array(['AE0', 'Z'], dtype=object), 'phones-accuracy': array([1.8, 2. ]), 'stress': 10, 'text': 'AS', 'total': 10, 'mispronunciations': array([], dtype=object)}
 {'accuracy': 10, 'phones': array(['IH0', 'F'], dtype=object), 'phones-accuracy': array([2., 2.]), 'stress': 10, 'text': 'IF', 'total': 10, 'mispronunciations': array([], dtype=object)}
 {'accuracy': 10, 'phones': array(['SH', 'IY0'], dtype=object), 'phones-accuracy': array([2. , 1.8]), 'stress': 10, 'text': 'SHE', 'total': 10, 'mispronunciations': array([], dtype=object)}
 {'accuracy': 10, 'phones': array(['W', 'AA1', 'N', 'T', 'IH0', 'D'], dtype=object), 'phones-accuracy': array([2., 2., 2., 2., 2., 2.]), 'stress': 10, 'text': 'WANTED', 'total': 10, 'mispronunciations': array([], dtype=object)}
 {'accuracy': 10, 'phones': array(['HH', 'IH0', 'M'], dtype=object), 'phones-accuracy': array([2., 2., 2.]), 'stress': 10, 'text': 'HIM', 'total': 10, 'mispronunciations': array([], dtype=object)}
 {'accuracy': 10, 'phones': array(['T', 'UW0'], dtype=object), 'phones-accuracy': array([2., 2.]), 'stress': 10, 'text': 'TO', 'total': 10, 'mispronunciations': array([], dtype=object)}
 {'accuracy': 10, 'phones': array(['L', 'IY0', 'V'], dtype=object), 'phones-accuracy': array([2., 2., 2.]), 'stress': 10, 'text': 'LEAVE', 'total': 10, 'mispronunciations': array([], dtype=object)}]",2244,f,20,train,022440362,-63.84891400486231
022440362,273,AH0,1.5399999618530271,1.5800000429153442,-61.69797897338867,wanted,,9,10.0,8,8,8,"[{'accuracy': 10, 'phones': array(['AE0', 'Z'], dtype=object), 'phones-accuracy': array([1.8, 2. ]), 'stress': 10, 'text': 'AS', 'total': 10, 'mispronunciations': array([], dtype=object)}
 {'accuracy': 10, 'phones': array(['IH0', 'F'], dtype=object), 'phones-accuracy': array([2., 2.]), 'stress': 10, 'text': 'IF', 'total': 10, 'mispronunciations': array([], dtype=object)}
 {'accuracy': 10, 'phones': array(['SH', 'IY0'], dtype=object), 'phones-accuracy': array([2. , 1.8]), 'stress': 10, 'text': 'SHE', 'total': 10, 'mispronunciations': array([], dtype=object)}
 {'accuracy': 10, 'phones': array(['W', 'AA1', 'N', 'T', 'IH0', 'D'], dtype=object), 'phones-accuracy': array([2., 2., 2., 2., 2., 2.]), 'stress': 10, 'text': 'WANTED', 'total': 10, 'mispronunciations': array([], dtype=object)}
 {'accuracy': 10, 'phones': array(['HH', 'IH0', 'M'], dtype=object), 'phones-accuracy': array([2., 2., 2.]), 'stress': 10, 'text': 'HIM', 'total': 10, 'mispronunciations': array([], dtype=object)}
 {'accuracy': 10, 'phones': array(['T', 'UW0'], dtype=object), 'phones-accuracy': array([2., 2.]), 'stress': 10, 'text': 'TO', 'total': 10, 'mispronunciations': array([], dtype=object)}
 {'accuracy': 10, 'phones': array(['L', 'IY0', 'V'], dtype=object), 'phones-accuracy': array([2., 2., 2.]), 'stress': 10, 'text': 'LEAVE', 'total': 10, 'mispronunciations': array([], dtype=object)}]",2244,f,20,train,022440362,-61.4863647967577
022440362,274,D,1.5800000429153442,1.6299999952316284,-62.86922454833984,wanted,2.0,9,10.0,8,8,8,"[{'accuracy': 10, 'phones': array(['AE0', 'Z'], dtype=object), 'phones-accuracy': array([1.8, 2. ]), 'stress': 10, 'text': 'AS', 'total': 10, 'mispronunciations': array([], dtype=object)}
 {'accuracy': 10, 'phones': array(['IH0', 'F'], dtype=object), 'phones-accuracy': array([2., 2.]), 'stress': 10, 'text': 'IF', 'total': 10, 'mispronunciations': array([], dtype=object)}
 {'accuracy': 10, 'phones': array(['SH', 'IY0'], dtype=object), 'phones-accuracy': array([2. , 1.8]), 'stress': 10, 'text': 'SHE', 'total': 10, 'mispronunciations': array([], dtype=object)}
 {'accuracy': 10, 'phones': array(['W', 'AA1', 'N', 'T', 'IH0', 'D'], dtype=object), 'phones-accuracy': array([2., 2., 2., 2., 2., 2.]), 'stress': 10, 'text': 'WANTED', 'total': 10, 'mispronunciations': array([], dtype=object)}
 {'accuracy': 10, 'phones': array(['HH', 'IH0', 'M'], dtype=object), 'phones-accuracy': array([2., 2., 2.]), 'stress': 10, 'text': 'HIM', 'total': 10, 'mispronunciations': array([], dtype=object)}
 {'accuracy': 10, 'phones': array(['T', 'UW0'], dtype=object), 'phones-accuracy': array([2., 2.]), 'stress': 10, 'text': 'TO', 'total': 10, 'mispronunciations': array([], dtype=object)}
 {'accuracy': 10, 'phones': array(['L', 'IY0', 'V'], dtype=object), 'phones-accuracy': array([2., 2., 2.]), 'stress': 10, 'text': 'LEAVE', 'total': 10, 'mispronunciations': array([], dtype=object)}]",2244,f,20,train,022440362,-62.648880630731576
022440362,275,HH,1.6299999952316284,1.75,-52.4049072265625,him,2.0,9,10.0,8,8,8,"[{'accuracy': 10, 'phones': array(['AE0', 'Z'], dtype=object), 'phones-accuracy': array([1.8, 2. ]), 'stress': 10, 'text': 'AS', 'total': 10, 'mispronunciations': array([], dtype=object)}
 {'accuracy': 10, 'phones': array(['IH0', 'F'], dtype=object), 'phones-accuracy': array([2., 2.]), 'stress': 10, 'text': 'IF', 'total': 10, 'mispronunciations': array([], dtype=object)}
 {'accuracy': 10, 'phones': array(['SH', 'IY0'], dtype=object), 'phones-accuracy': array([2. , 1.8]), 'stress': 10, 'text': 'SHE', 'total': 10, 'mispronunciations': array([], dtype=object)}
 {'accuracy': 10, 'phones': array(['W', 'AA1', 'N', 'T', 'IH0', 'D'], dtype=object), 'phones-accuracy': array([2., 2., 2., 2., 2., 2.]), 'stress': 10, 'text': 'WANTED', 'total': 10, 'mispronunciations': array([], dtype=object)}
 {'accuracy': 10, 'phones': array(['HH', 'IH0', 'M'], dtype=object), 'phones-accuracy': array([2., 2., 2.]), 'stress': 10, 'text': 'HIM', 'total': 10, 'mispronunciations': array([], dtype=object)}
 {'accuracy': 10, 'phones': array(['T', 'UW0'], dtype=object), 'phones-accuracy': array([2., 2.]), 'stress': 10, 'text': 'TO', 'total': 10, 'mispronunciations': array([], dtype=object)}
 {'accuracy': 10, 'phones': array(['L', 'IY0', 'V'], dtype=object), 'phones-accuracy': array([2., 2., 2.]), 'stress': 10, 'text': 'LEAVE', 'total': 10, 'mispronunciations': array([], dtype=object)}]",2244,f,20,train,022440362,-52.34994237497449
022440362,276,IH1,1.75,1.840000033378601,-51.47520446777344,him,,9,10.0,8,8,8,"[{'accuracy': 10, 'phones': array(['AE0', 'Z'], dtype=object), 'phones-accuracy': array([1.8, 2. ]), 'stress': 10, 'text': 'AS', 'total': 10, 'mispronunciations': array([], dtype=object)}
 {'accuracy': 10, 'phones': array(['IH0', 'F'], dtype=object), 'phones-accuracy': array([2., 2.]), 'stress': 10, 'text': 'IF', 'total': 10, 'mispronunciations': array([], dtype=object)}
 {'accuracy': 10, 'phones': array(['SH', 'IY0'], dtype=object), 'phones-accuracy': array([2. , 1.8]), 'stress': 10, 'text': 'SHE', 'total': 10, 'mispronunciations': array([], dtype=object)}
 {'accuracy': 10, 'phones': array(['W', 'AA1', 'N', 'T', 'IH0', 'D'], dtype=object), 'phones-accuracy': array([2., 2., 2., 2., 2., 2.]), 'stress': 10, 'text': 'WANTED', 'total': 10, 'mispronunciations': array([], dtype=object)}
 {'accuracy': 10, 'phones': array(['HH', 'IH0', 'M'], dtype=object), 'phones-accuracy': array([2., 2., 2.]), 'stress': 10, 'text': 'HIM', 'total': 10, 'mispronunciations': array([], dtype=object)}
 {'accuracy': 10, 'phones': array(['T', 'UW0'], dtype=object), 'phones-accuracy': array([2., 2.]), 'stress': 10, 'text': 'TO', 'total': 10, 'mispronunciations': array([], dtype=object)}
 {'accuracy': 10, 'phones': array(['L', 'IY0', 'V'], dtype=object), 'phones-accuracy': array([2., 2., 2.]), 'stress': 10, 'text': 'LEAVE', 'total': 10, 'mispronunciations': array([], dtype=object)}]",2244,f,20,train,022440362,-51.25629660487175
022440362,277,M,1.840000033378601,1.909999966621399,-42.2071418762207,him,2.0,9,10.0,8,8,8,"[{'accuracy': 10, 'phones': array(['AE0', 'Z'], dtype=object), 'phones-accuracy': array([1.8, 2. ]), 'stress': 10, 'text': 'AS', 'total': 10, 'mispronunciations': array([], dtype=object)}
 {'accuracy': 10, 'phones': array(['IH0', 'F'], dtype=object), 'phones-accuracy': array([2., 2.]), 'stress': 10, 'text': 'IF', 'total': 10, 'mispronunciations': array([], dtype=object)}
 {'accuracy': 10, 'phones': array(['SH', 'IY0'], dtype=object), 'phones-accuracy': array([2. , 1.8]), 'stress': 10, 'text': 'SHE', 'total': 10, 'mispronunciations': array([], dtype=object)}
 {'accuracy': 10, 'phones': array(['W', 'AA1', 'N', 'T', 'IH0', 'D'], dtype=object), 'phones-accuracy': array([2., 2., 2., 2., 2., 2.]), 'stress': 10, 'text': 'WANTED', 'total': 10, 'mispronunciations': array([], dtype=object)}
 {'accuracy': 10, 'phones': array(['HH', 'IH0', 'M'], dtype=object), 'phones-accuracy': array([2., 2., 2.]), 'stress': 10, 'text': 'HIM', 'total': 10, 'mispronunciations': array([], dtype=object)}
 {'accuracy': 10, 'phones': array(['T', 'UW0'], dtype=object), 'phones-accuracy': array([2., 2.]), 'stress': 10, 'text': 'TO', 'total': 10, 'mispronunciations': array([], dtype=object)}
 {'accuracy': 10, 'phones': array(['L', 'IY0', 'V'], dtype=object), 'phones-accuracy': array([2., 2., 2.]), 'stress': 10, 'text': 'LEAVE', 'total': 10, 'mispronunciations': array([], dtype=object)}]",2244,f,20,train,022440362,-42.01999253034592
022440362,278,T,1.909999966621399,2.0199999809265137,-65.92578887939453,to,2.0,9,10.0,8,8,8,"[{'accuracy': 10, 'phones': array(['AE0', 'Z'], dtype=object), 'phones-accuracy': array([1.8, 2. ]), 'stress': 10, 'text': 'AS', 'total': 10, 'mispronunciations': array([], dtype=object)}
 {'accuracy': 10, 'phones': array(['IH0', 'F'], dtype=object), 'phones-accuracy': array([2., 2.]), 'stress': 10, 'text': 'IF', 'total': 10, 'mispronunciations': array([], dtype=object)}
 {'accuracy': 10, 'phones': array(['SH', 'IY0'], dtype=object), 'phones-accuracy': array([2. , 1.8]), 'stress': 10, 'text': 'SHE', 'total': 10, 'mispronunciations': array([], dtype=object)}
 {'accuracy': 10, 'phones': array(['W', 'AA1', 'N', 'T', 'IH0', 'D'], dtype=object), 'phones-accuracy': array([2., 2., 2., 2., 2., 2.]), 'stress': 10, 'text': 'WANTED', 'total': 10, 'mispronunciations': array([], dtype=object)}
 {'accuracy': 10, 'phones': array(['HH', 'IH0', 'M'], dtype=object), 'phones-accuracy': array([2., 2., 2.]), 'stress': 10, 'text': 'HIM', 'total': 10, 'mispronunciations': array([], dtype=object)}
 {'accuracy': 10, 'phones': array(['T', 'UW0'], dtype=object), 'phones-accuracy': array([2., 2.]), 'stress': 10, 'text': 'TO', 'total': 10, 'mispronunciations': array([], dtype=object)}
 {'accuracy': 10, 'phones': array(['L', 'IY0', 'V'], dtype=object), 'phones-accuracy': array([2., 2., 2.]), 'stress': 10, 'text': 'LEAVE', 'total': 10, 'mispronunciations': array([], dtype=object)}]",2244,f,20,train,022440362,-65.84283667057753
022440362,279,IH0,2.0199999809265137,2.109999895095825,-49.84981918334961,to,2.0,9,10.0,8,8,8,"[{'accuracy': 10, 'phones': array(['AE0', 'Z'], dtype=object), 'phones-accuracy': array([1.8, 2. ]), 'stress': 10, 'text': 'AS', 'total': 10, 'mispronunciations': array([], dtype=object)}
 {'accuracy': 10, 'phones': array(['IH0', 'F'], dtype=object), 'phones-accuracy': array([2., 2.]), 'stress': 10, 'text': 'IF', 'total': 10, 'mispronunciations': array([], dtype=object)}
 {'accuracy': 10, 'phones': array(['SH', 'IY0'], dtype=object), 'phones-accuracy': array([2. , 1.8]), 'stress': 10, 'text': 'SHE', 'total': 10, 'mispronunciations': array([], dtype=object)}
 {'accuracy': 10, 'phones': array(['W', 'AA1', 'N', 'T', 'IH0', 'D'], dtype=object), 'phones-accuracy': array([2., 2., 2., 2., 2., 2.]), 'stress': 10, 'text': 'WANTED', 'total': 10, 'mispronunciations': array([], dtype=object)}
 {'accuracy': 10, 'phones': array(['HH', 'IH0', 'M'], dtype=object), 'phones-accuracy': array([2., 2., 2.]), 'stress': 10, 'text': 'HIM', 'total': 10, 'mispronunciations': array([], dtype=object)}
 {'accuracy': 10, 'phones': array(['T', 'UW0'], dtype=object), 'phones-accuracy': array([2., 2.]), 'stress': 10, 'text': 'TO', 'total': 10, 'mispronunciations': array([], dtype=object)}
 {'accuracy': 10, 'phones': array(['L', 'IY0', 'V'], dtype=object), 'phones-accuracy': array([2., 2., 2.]), 'stress': 10, 'text': 'LEAVE', 'total': 10, 'mispronunciations': array([], dtype=object)}]",2244,f,20,train,022440362,-49.525467216968536
022440362,280,L,2.109999895095825,2.190000057220459,-46.42681884765625,leave,2.0,9,10.0,8,8,8,"[{'accuracy': 10, 'phones': array(['AE0', 'Z'], dtype=object), 'phones-accuracy': array([1.8, 2. ]), 'stress': 10, 'text': 'AS', 'total': 10, 'mispronunciations': array([], dtype=object)}
 {'accuracy': 10, 'phones': array(['IH0', 'F'], dtype=object), 'phones-accuracy': array([2., 2.]), 'stress': 10, 'text': 'IF', 'total': 10, 'mispronunciations': array([], dtype=object)}
 {'accuracy': 10, 'phones': array(['SH', 'IY0'], dtype=object), 'phones-accuracy': array([2. , 1.8]), 'stress': 10, 'text': 'SHE', 'total': 10, 'mispronunciations': array([], dtype=object)}
 {'accuracy': 10, 'phones': array(['W', 'AA1', 'N', 'T', 'IH0', 'D'], dtype=object), 'phones-accuracy': array([2., 2., 2., 2., 2., 2.]), 'stress': 10, 'text': 'WANTED', 'total': 10, 'mispronunciations': array([], dtype=object)}
 {'accuracy': 10, 'phones': array(['HH', 'IH0', 'M'], dtype=object), 'phones-accuracy': array([2., 2., 2.]), 'stress': 10, 'text': 'HIM', 'total': 10, 'mispronunciations': array([], dtype=object)}
 {'accuracy': 10, 'phones': array(['T', 'UW0'], dtype=object), 'phones-accuracy': array([2., 2.]), 'stress': 10, 'text': 'TO', 'total': 10, 'mispronunciations': array([], dtype=object)}
 {'accuracy': 10, 'phones': array(['L', 'IY0', 'V'], dtype=object), 'phones-accuracy': array([2., 2., 2.]), 'stress': 10, 'text': 'LEAVE', 'total': 10, 'mispronunciations': array([], dtype=object)}]",2244,f,20,train,022440362,-46.21564745903015
022440362,281,IY1,2.190000057220459,2.2799999713897705,-48.42091751098633,leave,,9,10.0,8,8,8,"[{'accuracy': 10, 'phones': array(['AE0', 'Z'], dtype=object), 'phones-accuracy': array([1.8, 2. ]), 'stress': 10, 'text': 'AS', 'total': 10, 'mispronunciations': array([], dtype=object)}
 {'accuracy': 10, 'phones': array(['IH0', 'F'], dtype=object), 'phones-accuracy': array([2., 2.]), 'stress': 10, 'text': 'IF', 'total': 10, 'mispronunciations': array([], dtype=object)}
 {'accuracy': 10, 'phones': array(['SH', 'IY0'], dtype=object), 'phones-accuracy': array([2. , 1.8]), 'stress': 10, 'text': 'SHE', 'total': 10, 'mispronunciations': array([], dtype=object)}
 {'accuracy': 10, 'phones': array(['W', 'AA1', 'N', 'T', 'IH0', 'D'], dtype=object), 'phones-accuracy': array([2., 2., 2., 2., 2., 2.]), 'stress': 10, 'text': 'WANTED', 'total': 10, 'mispronunciations': array([], dtype=object)}
 {'accuracy': 10, 'phones': array(['HH', 'IH0', 'M'], dtype=object), 'phones-accuracy': array([2., 2., 2.]), 'stress': 10, 'text': 'HIM', 'total': 10, 'mispronunciations': array([], dtype=object)}
 {'accuracy': 10, 'phones': array(['T', 'UW0'], dtype=object), 'phones-accuracy': array([2., 2.]), 'stress': 10, 'text': 'TO', 'total': 10, 'mispronunciations': array([], dtype=object)}
 {'accuracy': 10, 'phones': array(['L', 'IY0', 'V'], dtype=object), 'phones-accuracy': array([2., 2., 2.]), 'stress': 10, 'text': 'LEAVE', 'total': 10, 'mispronunciations': array([], dtype=object)}]",2244,f,20,train,022440362,-48.17332164943218
022440362,282,V,2.2799999713897705,2.619999885559082,-54.449615478515625,leave,2.0,9,10.0,8,8,8,"[{'accuracy': 10, 'phones': array(['AE0', 'Z'], dtype=object), 'phones-accuracy': array([1.8, 2. ]), 'stress': 10, 'text': 'AS', 'total': 10, 'mispronunciations': array([], dtype=object)}
 {'accuracy': 10, 'phones': array(['IH0', 'F'], dtype=object), 'phones-accuracy': array([2., 2.]), 'stress': 10, 'text': 'IF', 'total': 10, 'mispronunciations': array([], dtype=object)}
 {'accuracy': 10, 'phones': array(['SH', 'IY0'], dtype=object), 'phones-accuracy': array([2. , 1.8]), 'stress': 10, 'text': 'SHE', 'total': 10, 'mispronunciations': array([], dtype=object)}
 {'accuracy': 10, 'phones': array(['W', 'AA1', 'N', 'T', 'IH0', 'D'], dtype=object), 'phones-accuracy': array([2., 2., 2., 2., 2., 2.]), 'stress': 10, 'text': 'WANTED', 'total': 10, 'mispronunciations': array([], dtype=object)}
 {'accuracy': 10, 'phones': array(['HH', 'IH0', 'M'], dtype=object), 'phones-accuracy': array([2., 2., 2.]), 'stress': 10, 'text': 'HIM', 'total': 10, 'mispronunciations': array([], dtype=object)}
 {'accuracy': 10, 'phones': array(['T', 'UW0'], dtype=object), 'phones-accuracy': array([2., 2.]), 'stress': 10, 'text': 'TO', 'total': 10, 'mispronunciations': array([], dtype=object)}
 {'accuracy': 10, 'phones': array(['L', 'IY0', 'V'], dtype=object), 'phones-accuracy': array([2., 2., 2.]), 'stress': 10, 'text': 'LEAVE', 'total': 10, 'mispronunciations': array([], dtype=object)}]",2244,f,20,train,022440362,-54.266036704182625
022440362,283,sil,2.619999885559082,3.312000036239624,-40.16558074951172,<eps>,,9,10.0,8,8,8,"[{'accuracy': 10, 'phones': array(['AE0', 'Z'], dtype=object), 'phones-accuracy': array([1.8, 2. ]), 'stress': 10, 'text': 'AS', 'total': 10, 'mispronunciations': array([], dtype=object)}
 {'accuracy': 10, 'phones': array(['IH0', 'F'], dtype=object), 'phones-accuracy': array([2., 2.]), 'stress': 10, 'text': 'IF', 'total': 10, 'mispronunciations': array([], dtype=object)}
 {'accuracy': 10, 'phones': array(['SH', 'IY0'], dtype=object), 'phones-accuracy': array([2. , 1.8]), 'stress': 10, 'text': 'SHE', 'total': 10, 'mispronunciations': array([], dtype=object)}
 {'accuracy': 10, 'phones': array(['W', 'AA1', 'N', 'T', 'IH0', 'D'], dtype=object), 'phones-accuracy': array([2., 2., 2., 2., 2., 2.]), 'stress': 10, 'text': 'WANTED', 'total': 10, 'mispronunciations': array([], dtype=object)}
 {'accuracy': 10, 'phones': array(['HH', 'IH0', 'M'], dtype=object), 'phones-accuracy': array([2., 2., 2.]), 'stress': 10, 'text': 'HIM', 'total': 10, 'mispronunciations': array([], dtype=object)}
 {'accuracy': 10, 'phones': array(['T', 'UW0'], dtype=object), 'phones-accuracy': array([2., 2.]), 'stress': 10, 'text': 'TO', 'total': 10, 'mispronunciations': array([], dtype=object)}
 {'accuracy': 10, 'phones': array(['L', 'IY0', 'V'], dtype=object), 'phones-accuracy': array([2., 2., 2.]), 'stress': 10, 'text': 'LEAVE', 'total': 10, 'mispronunciations': array([], dtype=object)}]",2244,f,20,train,022440362,-40.133993715047836
022440361,284,sil,0.0,0.5199999809265137,-33.31492614746094,<eps>,,9,10.0,8,8,8,"[{'accuracy': 10, 'phones': array(['B', 'AH0', 'T'], dtype=object), 'phones-accuracy': array([2., 2., 2.]), 'stress': 10, 'text': 'BUT', 'total': 10, 'mispronunciations': array([], dtype=object)}
 {'accuracy': 10, 'phones': array(['OW1', 'N', 'L', 'IY0'], dtype=object), 'phones-accuracy': array([2. , 2. , 1.6, 2. ]), 'stress': 10, 'text': 'ONLY', 'total': 10, 'mispronunciations': array([], dtype=object)}
 {'accuracy': 10, 'phones': array(['IH0', 'F'], dtype=object), 'phones-accuracy': array([2., 2.]), 'stress': 10, 'text': 'IF', 'total': 10, 'mispronunciations': array([], dtype=object)}
 {'accuracy': 10, 'phones': array(['SH', 'IY0'], dtype=object), 'phones-accuracy': array([2. , 1.8]), 'stress': 10, 'text': 'SHE', 'total': 10, 'mispronunciations': array([], dtype=object)}
 {'accuracy': 10, 'phones': array(['K', 'UH0', 'D'], dtype=object), 'phones-accuracy': array([2., 2., 2.]), 'stress': 10, 'text': 'COULD', 'total': 10, 'mispronunciations': array([], dtype=object)}
 {'accuracy': 10, 'phones': array(['HH', 'AE1', 'N', 'D', 'L'], dtype=object), 'phones-accuracy': array([2., 2., 2., 2., 2.]), 'stress': 10, 'text': 'HANDLE', 'total': 10, 'mispronunciations': array([], dtype=object)}
 {'accuracy': 10, 'phones': array(['DH', 'AH0'], dtype=object), 'phones-accuracy': array([2., 2.]), 'stress': 10, 'text': 'THE', 'total': 10, 'mispronunciations': array([], dtype=object)}
 {'accuracy': 10, 'phones': array(['HH', 'IY0', 'T'], dtype=object), 'phones-accuracy': array([2., 2., 2.]), 'stress': 10, 'text': 'HEAT', 'total': 10, 'mispronunciations': array([], dtype=object)}]",2244,f,20,train,022440361,-33.28939191810787
022440361,285,B,0.5199999809265137,0.5600000023841858,-49.1688232421875,but,2.0,9,10.0,8,8,8,"[{'accuracy': 10, 'phones': array(['B', 'AH0', 'T'], dtype=object), 'phones-accuracy': array([2., 2., 2.]), 'stress': 10, 'text': 'BUT', 'total': 10, 'mispronunciations': array([], dtype=object)}
 {'accuracy': 10, 'phones': array(['OW1', 'N', 'L', 'IY0'], dtype=object), 'phones-accuracy': array([2. , 2. , 1.6, 2. ]), 'stress': 10, 'text': 'ONLY', 'total': 10, 'mispronunciations': array([], dtype=object)}
 {'accuracy': 10, 'phones': array(['IH0', 'F'], dtype=object), 'phones-accuracy': array([2., 2.]), 'stress': 10, 'text': 'IF', 'total': 10, 'mispronunciations': array([], dtype=object)}
 {'accuracy': 10, 'phones': array(['SH', 'IY0'], dtype=object), 'phones-accuracy': array([2. , 1.8]), 'stress': 10, 'text': 'SHE', 'total': 10, 'mispronunciations': array([], dtype=object)}
 {'accuracy': 10, 'phones': array(['K', 'UH0', 'D'], dtype=object), 'phones-accuracy': array([2., 2., 2.]), 'stress': 10, 'text': 'COULD', 'total': 10, 'mispronunciations': array([], dtype=object)}
 {'accuracy': 10, 'phones': array(['HH', 'AE1', 'N', 'D', 'L'], dtype=object), 'phones-accuracy': array([2., 2., 2., 2., 2.]), 'stress': 10, 'text': 'HANDLE', 'total': 10, 'mispronunciations': array([], dtype=object)}
 {'accuracy': 10, 'phones': array(['DH', 'AH0'], dtype=object), 'phones-accuracy': array([2., 2.]), 'stress': 10, 'text': 'THE', 'total': 10, 'mispronunciations': array([], dtype=object)}
 {'accuracy': 10, 'phones': array(['HH', 'IY0', 'T'], dtype=object), 'phones-accuracy': array([2., 2., 2.]), 'stress': 10, 'text': 'HEAT', 'total': 10, 'mispronunciations': array([], dtype=object)}]",2244,f,20,train,022440361,-49.06703154742718
022440361,286,AH1,0.5600000023841858,0.6100000143051147,-51.94965744018555,but,,9,10.0,8,8,8,"[{'accuracy': 10, 'phones': array(['B', 'AH0', 'T'], dtype=object), 'phones-accuracy': array([2., 2., 2.]), 'stress': 10, 'text': 'BUT', 'total': 10, 'mispronunciations': array([], dtype=object)}
 {'accuracy': 10, 'phones': array(['OW1', 'N', 'L', 'IY0'], dtype=object), 'phones-accuracy': array([2. , 2. , 1.6, 2. ]), 'stress': 10, 'text': 'ONLY', 'total': 10, 'mispronunciations': array([], dtype=object)}
 {'accuracy': 10, 'phones': array(['IH0', 'F'], dtype=object), 'phones-accuracy': array([2., 2.]), 'stress': 10, 'text': 'IF', 'total': 10, 'mispronunciations': array([], dtype=object)}
 {'accuracy': 10, 'phones': array(['SH', 'IY0'], dtype=object), 'phones-accuracy': array([2. , 1.8]), 'stress': 10, 'text': 'SHE', 'total': 10, 'mispronunciations': array([], dtype=object)}
 {'accuracy': 10, 'phones': array(['K', 'UH0', 'D'], dtype=object), 'phones-accuracy': array([2., 2., 2.]), 'stress': 10, 'text': 'COULD', 'total': 10, 'mispronunciations': array([], dtype=object)}
 {'accuracy': 10, 'phones': array(['HH', 'AE1', 'N', 'D', 'L'], dtype=object), 'phones-accuracy': array([2., 2., 2., 2., 2.]), 'stress': 10, 'text': 'HANDLE', 'total': 10, 'mispronunciations': array([], dtype=object)}
 {'accuracy': 10, 'phones': array(['DH', 'AH0'], dtype=object), 'phones-accuracy': array([2., 2.]), 'stress': 10, 'text': 'THE', 'total': 10, 'mispronunciations': array([], dtype=object)}
 {'accuracy': 10, 'phones': array(['HH', 'IY0', 'T'], dtype=object), 'phones-accuracy': array([2., 2., 2.]), 'stress': 10, 'text': 'HEAT', 'total': 10, 'mispronunciations': array([], dtype=object)}]",2244,f,20,train,022440361,-51.79026462137699
022440361,287,T,0.6100000143051147,0.6600000262260437,-64.3173828125,but,2.0,9,10.0,8,8,8,"[{'accuracy': 10, 'phones': array(['B', 'AH0', 'T'], dtype=object), 'phones-accuracy': array([2., 2., 2.]), 'stress': 10, 'text': 'BUT', 'total': 10, 'mispronunciations': array([], dtype=object)}
 {'accuracy': 10, 'phones': array(['OW1', 'N', 'L', 'IY0'], dtype=object), 'phones-accuracy': array([2. , 2. , 1.6, 2. ]), 'stress': 10, 'text': 'ONLY', 'total': 10, 'mispronunciations': array([], dtype=object)}
 {'accuracy': 10, 'phones': array(['IH0', 'F'], dtype=object), 'phones-accuracy': array([2., 2.]), 'stress': 10, 'text': 'IF', 'total': 10, 'mispronunciations': array([], dtype=object)}
 {'accuracy': 10, 'phones': array(['SH', 'IY0'], dtype=object), 'phones-accuracy': array([2. , 1.8]), 'stress': 10, 'text': 'SHE', 'total': 10, 'mispronunciations': array([], dtype=object)}
 {'accuracy': 10, 'phones': array(['K', 'UH0', 'D'], dtype=object), 'phones-accuracy': array([2., 2., 2.]), 'stress': 10, 'text': 'COULD', 'total': 10, 'mispronunciations': array([], dtype=object)}
 {'accuracy': 10, 'phones': array(['HH', 'AE1', 'N', 'D', 'L'], dtype=object), 'phones-accuracy': array([2., 2., 2., 2., 2.]), 'stress': 10, 'text': 'HANDLE', 'total': 10, 'mispronunciations': array([], dtype=object)}
 {'accuracy': 10, 'phones': array(['DH', 'AH0'], dtype=object), 'phones-accuracy': array([2., 2.]), 'stress': 10, 'text': 'THE', 'total': 10, 'mispronunciations': array([], dtype=object)}
 {'accuracy': 10, 'phones': array(['HH', 'IY0', 'T'], dtype=object), 'phones-accuracy': array([2., 2., 2.]), 'stress': 10, 'text': 'HEAT', 'total': 10, 'mispronunciations': array([], dtype=object)}]",2244,f,20,train,022440361,-64.18296121060848
022440361,288,OW1,0.6600000262260437,0.8600000143051147,-47.45252227783203,only,2.0,9,10.0,8,8,8,"[{'accuracy': 10, 'phones': array(['B', 'AH0', 'T'], dtype=object), 'phones-accuracy': array([2., 2., 2.]), 'stress': 10, 'text': 'BUT', 'total': 10, 'mispronunciations': array([], dtype=object)}
 {'accuracy': 10, 'phones': array(['OW1', 'N', 'L', 'IY0'], dtype=object), 'phones-accuracy': array([2. , 2. , 1.6, 2. ]), 'stress': 10, 'text': 'ONLY', 'total': 10, 'mispronunciations': array([], dtype=object)}
 {'accuracy': 10, 'phones': array(['IH0', 'F'], dtype=object), 'phones-accuracy': array([2., 2.]), 'stress': 10, 'text': 'IF', 'total': 10, 'mispronunciations': array([], dtype=object)}
 {'accuracy': 10, 'phones': array(['SH', 'IY0'], dtype=object), 'phones-accuracy': array([2. , 1.8]), 'stress': 10, 'text': 'SHE', 'total': 10, 'mispronunciations': array([], dtype=object)}
 {'accuracy': 10, 'phones': array(['K', 'UH0', 'D'], dtype=object), 'phones-accuracy': array([2., 2., 2.]), 'stress': 10, 'text': 'COULD', 'total': 10, 'mispronunciations': array([], dtype=object)}
 {'accuracy': 10, 'phones': array(['HH', 'AE1', 'N', 'D', 'L'], dtype=object), 'phones-accuracy': array([2., 2., 2., 2., 2.]), 'stress': 10, 'text': 'HANDLE', 'total': 10, 'mispronunciations': array([], dtype=object)}
 {'accuracy': 10, 'phones': array(['DH', 'AH0'], dtype=object), 'phones-accuracy': array([2., 2.]), 'stress': 10, 'text': 'THE', 'total': 10, 'mispronunciations': array([], dtype=object)}
 {'accuracy': 10, 'phones': array(['HH', 'IY0', 'T'], dtype=object), 'phones-accuracy': array([2., 2., 2.]), 'stress': 10, 'text': 'HEAT', 'total': 10, 'mispronunciations': array([], dtype=object)}]",2244,f,20,train,022440361,-47.240882605314255
022440361,289,N,0.8600000143051147,0.9200000166893004,-46.81789016723633,only,2.0,9,10.0,8,8,8,"[{'accuracy': 10, 'phones': array(['B', 'AH0', 'T'], dtype=object), 'phones-accuracy': array([2., 2., 2.]), 'stress': 10, 'text': 'BUT', 'total': 10, 'mispronunciations': array([], dtype=object)}
 {'accuracy': 10, 'phones': array(['OW1', 'N', 'L', 'IY0'], dtype=object), 'phones-accuracy': array([2. , 2. , 1.6, 2. ]), 'stress': 10, 'text': 'ONLY', 'total': 10, 'mispronunciations': array([], dtype=object)}
 {'accuracy': 10, 'phones': array(['IH0', 'F'], dtype=object), 'phones-accuracy': array([2., 2.]), 'stress': 10, 'text': 'IF', 'total': 10, 'mispronunciations': array([], dtype=object)}
 {'accuracy': 10, 'phones': array(['SH', 'IY0'], dtype=object), 'phones-accuracy': array([2. , 1.8]), 'stress': 10, 'text': 'SHE', 'total': 10, 'mispronunciations': array([], dtype=object)}
 {'accuracy': 10, 'phones': array(['K', 'UH0', 'D'], dtype=object), 'phones-accuracy': array([2., 2., 2.]), 'stress': 10, 'text': 'COULD', 'total': 10, 'mispronunciations': array([], dtype=object)}
 {'accuracy': 10, 'phones': array(['HH', 'AE1', 'N', 'D', 'L'], dtype=object), 'phones-accuracy': array([2., 2., 2., 2., 2.]), 'stress': 10, 'text': 'HANDLE', 'total': 10, 'mispronunciations': array([], dtype=object)}
 {'accuracy': 10, 'phones': array(['DH', 'AH0'], dtype=object), 'phones-accuracy': array([2., 2.]), 'stress': 10, 'text': 'THE', 'total': 10, 'mispronunciations': array([], dtype=object)}
 {'accuracy': 10, 'phones': array(['HH', 'IY0', 'T'], dtype=object), 'phones-accuracy': array([2., 2., 2.]), 'stress': 10, 'text': 'HEAT', 'total': 10, 'mispronunciations': array([], dtype=object)}]",2244,f,20,train,022440361,-46.62218855321407
022440361,290,L,0.9200000166893004,0.949999988079071,-49.4079704284668,only,1.6,9,10.0,8,8,8,"[{'accuracy': 10, 'phones': array(['B', 'AH0', 'T'], dtype=object), 'phones-accuracy': array([2., 2., 2.]), 'stress': 10, 'text': 'BUT', 'total': 10, 'mispronunciations': array([], dtype=object)}
 {'accuracy': 10, 'phones': array(['OW1', 'N', 'L', 'IY0'], dtype=object), 'phones-accuracy': array([2. , 2. , 1.6, 2. ]), 'stress': 10, 'text': 'ONLY', 'total': 10, 'mispronunciations': array([], dtype=object)}
 {'accuracy': 10, 'phones': array(['IH0', 'F'], dtype=object), 'phones-accuracy': array([2., 2.]), 'stress': 10, 'text': 'IF', 'total': 10, 'mispronunciations': array([], dtype=object)}
 {'accuracy': 10, 'phones': array(['SH', 'IY0'], dtype=object), 'phones-accuracy': array([2. , 1.8]), 'stress': 10, 'text': 'SHE', 'total': 10, 'mispronunciations': array([], dtype=object)}
 {'accuracy': 10, 'phones': array(['K', 'UH0', 'D'], dtype=object), 'phones-accuracy': array([2., 2., 2.]), 'stress': 10, 'text': 'COULD', 'total': 10, 'mispronunciations': array([], dtype=object)}
 {'accuracy': 10, 'phones': array(['HH', 'AE1', 'N', 'D', 'L'], dtype=object), 'phones-accuracy': array([2., 2., 2., 2., 2.]), 'stress': 10, 'text': 'HANDLE', 'total': 10, 'mispronunciations': array([], dtype=object)}
 {'accuracy': 10, 'phones': array(['DH', 'AH0'], dtype=object), 'phones-accuracy': array([2., 2.]), 'stress': 10, 'text': 'THE', 'total': 10, 'mispronunciations': array([], dtype=object)}
 {'accuracy': 10, 'phones': array(['HH', 'IY0', 'T'], dtype=object), 'phones-accuracy': array([2., 2., 2.]), 'stress': 10, 'text': 'HEAT', 'total': 10, 'mispronunciations': array([], dtype=object)}]",2244,f,20,train,022440361,-49.23633822798729
022440361,291,IY0,0.949999988079071,0.9800000190734864,-47.26080703735352,only,2.0,9,10.0,8,8,8,"[{'accuracy': 10, 'phones': array(['B', 'AH0', 'T'], dtype=object), 'phones-accuracy': array([2., 2., 2.]), 'stress': 10, 'text': 'BUT', 'total': 10, 'mispronunciations': array([], dtype=object)}
 {'accuracy': 10, 'phones': array(['OW1', 'N', 'L', 'IY0'], dtype=object), 'phones-accuracy': array([2. , 2. , 1.6, 2. ]), 'stress': 10, 'text': 'ONLY', 'total': 10, 'mispronunciations': array([], dtype=object)}
 {'accuracy': 10, 'phones': array(['IH0', 'F'], dtype=object), 'phones-accuracy': array([2., 2.]), 'stress': 10, 'text': 'IF', 'total': 10, 'mispronunciations': array([], dtype=object)}
 {'accuracy': 10, 'phones': array(['SH', 'IY0'], dtype=object), 'phones-accuracy': array([2. , 1.8]), 'stress': 10, 'text': 'SHE', 'total': 10, 'mispronunciations': array([], dtype=object)}
 {'accuracy': 10, 'phones': array(['K', 'UH0', 'D'], dtype=object), 'phones-accuracy': array([2., 2., 2.]), 'stress': 10, 'text': 'COULD', 'total': 10, 'mispronunciations': array([], dtype=object)}
 {'accuracy': 10, 'phones': array(['HH', 'AE1', 'N', 'D', 'L'], dtype=object), 'phones-accuracy': array([2., 2., 2., 2., 2.]), 'stress': 10, 'text': 'HANDLE', 'total': 10, 'mispronunciations': array([], dtype=object)}
 {'accuracy': 10, 'phones': array(['DH', 'AH0'], dtype=object), 'phones-accuracy': array([2., 2.]), 'stress': 10, 'text': 'THE', 'total': 10, 'mispronunciations': array([], dtype=object)}
 {'accuracy': 10, 'phones': array(['HH', 'IY0', 'T'], dtype=object), 'phones-accuracy': array([2., 2., 2.]), 'stress': 10, 'text': 'HEAT', 'total': 10, 'mispronunciations': array([], dtype=object)}]",2244,f,20,train,022440361,-47.14943359047175
022440361,292,IH1,0.9800000190734864,1.2400000095367432,-54.91688919067383,if,,9,10.0,8,8,8,"[{'accuracy': 10, 'phones': array(['B', 'AH0', 'T'], dtype=object), 'phones-accuracy': array([2., 2., 2.]), 'stress': 10, 'text': 'BUT', 'total': 10, 'mispronunciations': array([], dtype=object)}
 {'accuracy': 10, 'phones': array(['OW1', 'N', 'L', 'IY0'], dtype=object), 'phones-accuracy': array([2. , 2. , 1.6, 2. ]), 'stress': 10, 'text': 'ONLY', 'total': 10, 'mispronunciations': array([], dtype=object)}
 {'accuracy': 10, 'phones': array(['IH0', 'F'], dtype=object), 'phones-accuracy': array([2., 2.]), 'stress': 10, 'text': 'IF', 'total': 10, 'mispronunciations': array([], dtype=object)}
 {'accuracy': 10, 'phones': array(['SH', 'IY0'], dtype=object), 'phones-accuracy': array([2. , 1.8]), 'stress': 10, 'text': 'SHE', 'total': 10, 'mispronunciations': array([], dtype=object)}
 {'accuracy': 10, 'phones': array(['K', 'UH0', 'D'], dtype=object), 'phones-accuracy': array([2., 2., 2.]), 'stress': 10, 'text': 'COULD', 'total': 10, 'mispronunciations': array([], dtype=object)}
 {'accuracy': 10, 'phones': array(['HH', 'AE1', 'N', 'D', 'L'], dtype=object), 'phones-accuracy': array([2., 2., 2., 2., 2.]), 'stress': 10, 'text': 'HANDLE', 'total': 10, 'mispronunciations': array([], dtype=object)}
 {'accuracy': 10, 'phones': array(['DH', 'AH0'], dtype=object), 'phones-accuracy': array([2., 2.]), 'stress': 10, 'text': 'THE', 'total': 10, 'mispronunciations': array([], dtype=object)}
 {'accuracy': 10, 'phones': array(['HH', 'IY0', 'T'], dtype=object), 'phones-accuracy': array([2., 2., 2.]), 'stress': 10, 'text': 'HEAT', 'total': 10, 'mispronunciations': array([], dtype=object)}]",2244,f,20,train,022440361,-54.74603861570358
022440361,293,F,1.2400000095367432,1.2999999523162842,-52.734188079833984,if,2.0,9,10.0,8,8,8,"[{'accuracy': 10, 'phones': array(['B', 'AH0', 'T'], dtype=object), 'phones-accuracy': array([2., 2., 2.]), 'stress': 10, 'text': 'BUT', 'total': 10, 'mispronunciations': array([], dtype=object)}
 {'accuracy': 10, 'phones': array(['OW1', 'N', 'L', 'IY0'], dtype=object), 'phones-accuracy': array([2. , 2. , 1.6, 2. ]), 'stress': 10, 'text': 'ONLY', 'total': 10, 'mispronunciations': array([], dtype=object)}
 {'accuracy': 10, 'phones': array(['IH0', 'F'], dtype=object), 'phones-accuracy': array([2., 2.]), 'stress': 10, 'text': 'IF', 'total': 10, 'mispronunciations': array([], dtype=object)}
 {'accuracy': 10, 'phones': array(['SH', 'IY0'], dtype=object), 'phones-accuracy': array([2. , 1.8]), 'stress': 10, 'text': 'SHE', 'total': 10, 'mispronunciations': array([], dtype=object)}
 {'accuracy': 10, 'phones': array(['K', 'UH0', 'D'], dtype=object), 'phones-accuracy': array([2., 2., 2.]), 'stress': 10, 'text': 'COULD', 'total': 10, 'mispronunciations': array([], dtype=object)}
 {'accuracy': 10, 'phones': array(['HH', 'AE1', 'N', 'D', 'L'], dtype=object), 'phones-accuracy': array([2., 2., 2., 2., 2.]), 'stress': 10, 'text': 'HANDLE', 'total': 10, 'mispronunciations': array([], dtype=object)}
 {'accuracy': 10, 'phones': array(['DH', 'AH0'], dtype=object), 'phones-accuracy': array([2., 2.]), 'stress': 10, 'text': 'THE', 'total': 10, 'mispronunciations': array([], dtype=object)}
 {'accuracy': 10, 'phones': array(['HH', 'IY0', 'T'], dtype=object), 'phones-accuracy': array([2., 2., 2.]), 'stress': 10, 'text': 'HEAT', 'total': 10, 'mispronunciations': array([], dtype=object)}]",2244,f,20,train,022440361,-52.47598734498024
022440361,294,SH,1.2999999523162842,1.4299999475479126,-50.97651672363281,she,2.0,9,10.0,8,8,8,"[{'accuracy': 10, 'phones': array(['B', 'AH0', 'T'], dtype=object), 'phones-accuracy': array([2., 2., 2.]), 'stress': 10, 'text': 'BUT', 'total': 10, 'mispronunciations': array([], dtype=object)}
 {'accuracy': 10, 'phones': array(['OW1', 'N', 'L', 'IY0'], dtype=object), 'phones-accuracy': array([2. , 2. , 1.6, 2. ]), 'stress': 10, 'text': 'ONLY', 'total': 10, 'mispronunciations': array([], dtype=object)}
 {'accuracy': 10, 'phones': array(['IH0', 'F'], dtype=object), 'phones-accuracy': array([2., 2.]), 'stress': 10, 'text': 'IF', 'total': 10, 'mispronunciations': array([], dtype=object)}
 {'accuracy': 10, 'phones': array(['SH', 'IY0'], dtype=object), 'phones-accuracy': array([2. , 1.8]), 'stress': 10, 'text': 'SHE', 'total': 10, 'mispronunciations': array([], dtype=object)}
 {'accuracy': 10, 'phones': array(['K', 'UH0', 'D'], dtype=object), 'phones-accuracy': array([2., 2., 2.]), 'stress': 10, 'text': 'COULD', 'total': 10, 'mispronunciations': array([], dtype=object)}
 {'accuracy': 10, 'phones': array(['HH', 'AE1', 'N', 'D', 'L'], dtype=object), 'phones-accuracy': array([2., 2., 2., 2., 2.]), 'stress': 10, 'text': 'HANDLE', 'total': 10, 'mispronunciations': array([], dtype=object)}
 {'accuracy': 10, 'phones': array(['DH', 'AH0'], dtype=object), 'phones-accuracy': array([2., 2.]), 'stress': 10, 'text': 'THE', 'total': 10, 'mispronunciations': array([], dtype=object)}
 {'accuracy': 10, 'phones': array(['HH', 'IY0', 'T'], dtype=object), 'phones-accuracy': array([2., 2., 2.]), 'stress': 10, 'text': 'HEAT', 'total': 10, 'mispronunciations': array([], dtype=object)}]",2244,f,20,train,022440361,-50.91899775341153
022440361,295,IY1,1.4299999475479126,1.5800000429153442,-48.7480583190918,she,,9,10.0,8,8,8,"[{'accuracy': 10, 'phones': array(['B', 'AH0', 'T'], dtype=object), 'phones-accuracy': array([2., 2., 2.]), 'stress': 10, 'text': 'BUT', 'total': 10, 'mispronunciations': array([], dtype=object)}
 {'accuracy': 10, 'phones': array(['OW1', 'N', 'L', 'IY0'], dtype=object), 'phones-accuracy': array([2. , 2. , 1.6, 2. ]), 'stress': 10, 'text': 'ONLY', 'total': 10, 'mispronunciations': array([], dtype=object)}
 {'accuracy': 10, 'phones': array(['IH0', 'F'], dtype=object), 'phones-accuracy': array([2., 2.]), 'stress': 10, 'text': 'IF', 'total': 10, 'mispronunciations': array([], dtype=object)}
 {'accuracy': 10, 'phones': array(['SH', 'IY0'], dtype=object), 'phones-accuracy': array([2. , 1.8]), 'stress': 10, 'text': 'SHE', 'total': 10, 'mispronunciations': array([], dtype=object)}
 {'accuracy': 10, 'phones': array(['K', 'UH0', 'D'], dtype=object), 'phones-accuracy': array([2., 2., 2.]), 'stress': 10, 'text': 'COULD', 'total': 10, 'mispronunciations': array([], dtype=object)}
 {'accuracy': 10, 'phones': array(['HH', 'AE1', 'N', 'D', 'L'], dtype=object), 'phones-accuracy': array([2., 2., 2., 2., 2.]), 'stress': 10, 'text': 'HANDLE', 'total': 10, 'mispronunciations': array([], dtype=object)}
 {'accuracy': 10, 'phones': array(['DH', 'AH0'], dtype=object), 'phones-accuracy': array([2., 2.]), 'stress': 10, 'text': 'THE', 'total': 10, 'mispronunciations': array([], dtype=object)}
 {'accuracy': 10, 'phones': array(['HH', 'IY0', 'T'], dtype=object), 'phones-accuracy': array([2., 2., 2.]), 'stress': 10, 'text': 'HEAT', 'total': 10, 'mispronunciations': array([], dtype=object)}]",2244,f,20,train,022440361,-48.40481570363045
022440361,296,K,1.5800000429153442,1.649999976158142,-61.72677612304688,could,2.0,9,10.0,8,8,8,"[{'accuracy': 10, 'phones': array(['B', 'AH0', 'T'], dtype=object), 'phones-accuracy': array([2., 2., 2.]), 'stress': 10, 'text': 'BUT', 'total': 10, 'mispronunciations': array([], dtype=object)}
 {'accuracy': 10, 'phones': array(['OW1', 'N', 'L', 'IY0'], dtype=object), 'phones-accuracy': array([2. , 2. , 1.6, 2. ]), 'stress': 10, 'text': 'ONLY', 'total': 10, 'mispronunciations': array([], dtype=object)}
 {'accuracy': 10, 'phones': array(['IH0', 'F'], dtype=object), 'phones-accuracy': array([2., 2.]), 'stress': 10, 'text': 'IF', 'total': 10, 'mispronunciations': array([], dtype=object)}
 {'accuracy': 10, 'phones': array(['SH', 'IY0'], dtype=object), 'phones-accuracy': array([2. , 1.8]), 'stress': 10, 'text': 'SHE', 'total': 10, 'mispronunciations': array([], dtype=object)}
 {'accuracy': 10, 'phones': array(['K', 'UH0', 'D'], dtype=object), 'phones-accuracy': array([2., 2., 2.]), 'stress': 10, 'text': 'COULD', 'total': 10, 'mispronunciations': array([], dtype=object)}
 {'accuracy': 10, 'phones': array(['HH', 'AE1', 'N', 'D', 'L'], dtype=object), 'phones-accuracy': array([2., 2., 2., 2., 2.]), 'stress': 10, 'text': 'HANDLE', 'total': 10, 'mispronunciations': array([], dtype=object)}
 {'accuracy': 10, 'phones': array(['DH', 'AH0'], dtype=object), 'phones-accuracy': array([2., 2.]), 'stress': 10, 'text': 'THE', 'total': 10, 'mispronunciations': array([], dtype=object)}
 {'accuracy': 10, 'phones': array(['HH', 'IY0', 'T'], dtype=object), 'phones-accuracy': array([2., 2., 2.]), 'stress': 10, 'text': 'HEAT', 'total': 10, 'mispronunciations': array([], dtype=object)}]",2244,f,20,train,022440361,-61.59655168652535
022440361,297,UH1,1.649999976158142,1.7100000381469729,-48.76737976074219,could,,9,10.0,8,8,8,"[{'accuracy': 10, 'phones': array(['B', 'AH0', 'T'], dtype=object), 'phones-accuracy': array([2., 2., 2.]), 'stress': 10, 'text': 'BUT', 'total': 10, 'mispronunciations': array([], dtype=object)}
 {'accuracy': 10, 'phones': array(['OW1', 'N', 'L', 'IY0'], dtype=object), 'phones-accuracy': array([2. , 2. , 1.6, 2. ]), 'stress': 10, 'text': 'ONLY', 'total': 10, 'mispronunciations': array([], dtype=object)}
 {'accuracy': 10, 'phones': array(['IH0', 'F'], dtype=object), 'phones-accuracy': array([2., 2.]), 'stress': 10, 'text': 'IF', 'total': 10, 'mispronunciations': array([], dtype=object)}
 {'accuracy': 10, 'phones': array(['SH', 'IY0'], dtype=object), 'phones-accuracy': array([2. , 1.8]), 'stress': 10, 'text': 'SHE', 'total': 10, 'mispronunciations': array([], dtype=object)}
 {'accuracy': 10, 'phones': array(['K', 'UH0', 'D'], dtype=object), 'phones-accuracy': array([2., 2., 2.]), 'stress': 10, 'text': 'COULD', 'total': 10, 'mispronunciations': array([], dtype=object)}
 {'accuracy': 10, 'phones': array(['HH', 'AE1', 'N', 'D', 'L'], dtype=object), 'phones-accuracy': array([2., 2., 2., 2., 2.]), 'stress': 10, 'text': 'HANDLE', 'total': 10, 'mispronunciations': array([], dtype=object)}
 {'accuracy': 10, 'phones': array(['DH', 'AH0'], dtype=object), 'phones-accuracy': array([2., 2.]), 'stress': 10, 'text': 'THE', 'total': 10, 'mispronunciations': array([], dtype=object)}
 {'accuracy': 10, 'phones': array(['HH', 'IY0', 'T'], dtype=object), 'phones-accuracy': array([2., 2., 2.]), 'stress': 10, 'text': 'HEAT', 'total': 10, 'mispronunciations': array([], dtype=object)}]",2244,f,20,train,022440361,-48.57536721229553
022440361,298,D,1.7100000381469729,1.75,-57.11875915527344,could,2.0,9,10.0,8,8,8,"[{'accuracy': 10, 'phones': array(['B', 'AH0', 'T'], dtype=object), 'phones-accuracy': array([2., 2., 2.]), 'stress': 10, 'text': 'BUT', 'total': 10, 'mispronunciations': array([], dtype=object)}
 {'accuracy': 10, 'phones': array(['OW1', 'N', 'L', 'IY0'], dtype=object), 'phones-accuracy': array([2. , 2. , 1.6, 2. ]), 'stress': 10, 'text': 'ONLY', 'total': 10, 'mispronunciations': array([], dtype=object)}
 {'accuracy': 10, 'phones': array(['IH0', 'F'], dtype=object), 'phones-accuracy': array([2., 2.]), 'stress': 10, 'text': 'IF', 'total': 10, 'mispronunciations': array([], dtype=object)}
 {'accuracy': 10, 'phones': array(['SH', 'IY0'], dtype=object), 'phones-accuracy': array([2. , 1.8]), 'stress': 10, 'text': 'SHE', 'total': 10, 'mispronunciations': array([], dtype=object)}
 {'accuracy': 10, 'phones': array(['K', 'UH0', 'D'], dtype=object), 'phones-accuracy': array([2., 2., 2.]), 'stress': 10, 'text': 'COULD', 'total': 10, 'mispronunciations': array([], dtype=object)}
 {'accuracy': 10, 'phones': array(['HH', 'AE1', 'N', 'D', 'L'], dtype=object), 'phones-accuracy': array([2., 2., 2., 2., 2.]), 'stress': 10, 'text': 'HANDLE', 'total': 10, 'mispronunciations': array([], dtype=object)}
 {'accuracy': 10, 'phones': array(['DH', 'AH0'], dtype=object), 'phones-accuracy': array([2., 2.]), 'stress': 10, 'text': 'THE', 'total': 10, 'mispronunciations': array([], dtype=object)}
 {'accuracy': 10, 'phones': array(['HH', 'IY0', 'T'], dtype=object), 'phones-accuracy': array([2., 2., 2.]), 'stress': 10, 'text': 'HEAT', 'total': 10, 'mispronunciations': array([], dtype=object)}]",2244,f,20,train,022440361,-56.86352941393852
022440361,299,HH,1.75,1.919999957084656,-49.014774322509766,handle,2.0,9,10.0,8,8,8,"[{'accuracy': 10, 'phones': array(['B', 'AH0', 'T'], dtype=object), 'phones-accuracy': array([2., 2., 2.]), 'stress': 10, 'text': 'BUT', 'total': 10, 'mispronunciations': array([], dtype=object)}
 {'accuracy': 10, 'phones': array(['OW1', 'N', 'L', 'IY0'], dtype=object), 'phones-accuracy': array([2. , 2. , 1.6, 2. ]), 'stress': 10, 'text': 'ONLY', 'total': 10, 'mispronunciations': array([], dtype=object)}
 {'accuracy': 10, 'phones': array(['IH0', 'F'], dtype=object), 'phones-accuracy': array([2., 2.]), 'stress': 10, 'text': 'IF', 'total': 10, 'mispronunciations': array([], dtype=object)}
 {'accuracy': 10, 'phones': array(['SH', 'IY0'], dtype=object), 'phones-accuracy': array([2. , 1.8]), 'stress': 10, 'text': 'SHE', 'total': 10, 'mispronunciations': array([], dtype=object)}
 {'accuracy': 10, 'phones': array(['K', 'UH0', 'D'], dtype=object), 'phones-accuracy': array([2., 2., 2.]), 'stress': 10, 'text': 'COULD', 'total': 10, 'mispronunciations': array([], dtype=object)}
 {'accuracy': 10, 'phones': array(['HH', 'AE1', 'N', 'D', 'L'], dtype=object), 'phones-accuracy': array([2., 2., 2., 2., 2.]), 'stress': 10, 'text': 'HANDLE', 'total': 10, 'mispronunciations': array([], dtype=object)}
 {'accuracy': 10, 'phones': array(['DH', 'AH0'], dtype=object), 'phones-accuracy': array([2., 2.]), 'stress': 10, 'text': 'THE', 'total': 10, 'mispronunciations': array([], dtype=object)}
 {'accuracy': 10, 'phones': array(['HH', 'IY0', 'T'], dtype=object), 'phones-accuracy': array([2., 2., 2.]), 'stress': 10, 'text': 'HEAT', 'total': 10, 'mispronunciations': array([], dtype=object)}]",2244,f,20,train,022440361,-48.902031764388084
022440361,300,AE1,1.919999957084656,1.9700000286102293,-47.00354766845703,handle,2.0,9,10.0,8,8,8,"[{'accuracy': 10, 'phones': array(['B', 'AH0', 'T'], dtype=object), 'phones-accuracy': array([2., 2., 2.]), 'stress': 10, 'text': 'BUT', 'total': 10, 'mispronunciations': array([], dtype=object)}
 {'accuracy': 10, 'phones': array(['OW1', 'N', 'L', 'IY0'], dtype=object), 'phones-accuracy': array([2. , 2. , 1.6, 2. ]), 'stress': 10, 'text': 'ONLY', 'total': 10, 'mispronunciations': array([], dtype=object)}
 {'accuracy': 10, 'phones': array(['IH0', 'F'], dtype=object), 'phones-accuracy': array([2., 2.]), 'stress': 10, 'text': 'IF', 'total': 10, 'mispronunciations': array([], dtype=object)}
 {'accuracy': 10, 'phones': array(['SH', 'IY0'], dtype=object), 'phones-accuracy': array([2. , 1.8]), 'stress': 10, 'text': 'SHE', 'total': 10, 'mispronunciations': array([], dtype=object)}
 {'accuracy': 10, 'phones': array(['K', 'UH0', 'D'], dtype=object), 'phones-accuracy': array([2., 2., 2.]), 'stress': 10, 'text': 'COULD', 'total': 10, 'mispronunciations': array([], dtype=object)}
 {'accuracy': 10, 'phones': array(['HH', 'AE1', 'N', 'D', 'L'], dtype=object), 'phones-accuracy': array([2., 2., 2., 2., 2.]), 'stress': 10, 'text': 'HANDLE', 'total': 10, 'mispronunciations': array([], dtype=object)}
 {'accuracy': 10, 'phones': array(['DH', 'AH0'], dtype=object), 'phones-accuracy': array([2., 2.]), 'stress': 10, 'text': 'THE', 'total': 10, 'mispronunciations': array([], dtype=object)}
 {'accuracy': 10, 'phones': array(['HH', 'IY0', 'T'], dtype=object), 'phones-accuracy': array([2., 2., 2.]), 'stress': 10, 'text': 'HEAT', 'total': 10, 'mispronunciations': array([], dtype=object)}]",2244,f,20,train,022440361,-46.80937771499157
022440361,301,N,1.9700000286102293,2.0999999046325684,-44.29057312011719,handle,2.0,9,10.0,8,8,8,"[{'accuracy': 10, 'phones': array(['B', 'AH0', 'T'], dtype=object), 'phones-accuracy': array([2., 2., 2.]), 'stress': 10, 'text': 'BUT', 'total': 10, 'mispronunciations': array([], dtype=object)}
 {'accuracy': 10, 'phones': array(['OW1', 'N', 'L', 'IY0'], dtype=object), 'phones-accuracy': array([2. , 2. , 1.6, 2. ]), 'stress': 10, 'text': 'ONLY', 'total': 10, 'mispronunciations': array([], dtype=object)}
 {'accuracy': 10, 'phones': array(['IH0', 'F'], dtype=object), 'phones-accuracy': array([2., 2.]), 'stress': 10, 'text': 'IF', 'total': 10, 'mispronunciations': array([], dtype=object)}
 {'accuracy': 10, 'phones': array(['SH', 'IY0'], dtype=object), 'phones-accuracy': array([2. , 1.8]), 'stress': 10, 'text': 'SHE', 'total': 10, 'mispronunciations': array([], dtype=object)}
 {'accuracy': 10, 'phones': array(['K', 'UH0', 'D'], dtype=object), 'phones-accuracy': array([2., 2., 2.]), 'stress': 10, 'text': 'COULD', 'total': 10, 'mispronunciations': array([], dtype=object)}
 {'accuracy': 10, 'phones': array(['HH', 'AE1', 'N', 'D', 'L'], dtype=object), 'phones-accuracy': array([2., 2., 2., 2., 2.]), 'stress': 10, 'text': 'HANDLE', 'total': 10, 'mispronunciations': array([], dtype=object)}
 {'accuracy': 10, 'phones': array(['DH', 'AH0'], dtype=object), 'phones-accuracy': array([2., 2.]), 'stress': 10, 'text': 'THE', 'total': 10, 'mispronunciations': array([], dtype=object)}
 {'accuracy': 10, 'phones': array(['HH', 'IY0', 'T'], dtype=object), 'phones-accuracy': array([2., 2., 2.]), 'stress': 10, 'text': 'HEAT', 'total': 10, 'mispronunciations': array([], dtype=object)}]",2244,f,20,train,022440361,-44.17498365044594
022440361,302,D,2.0999999046325684,2.150000095367432,-56.61075592041016,handle,2.0,9,10.0,8,8,8,"[{'accuracy': 10, 'phones': array(['B', 'AH0', 'T'], dtype=object), 'phones-accuracy': array([2., 2., 2.]), 'stress': 10, 'text': 'BUT', 'total': 10, 'mispronunciations': array([], dtype=object)}
 {'accuracy': 10, 'phones': array(['OW1', 'N', 'L', 'IY0'], dtype=object), 'phones-accuracy': array([2. , 2. , 1.6, 2. ]), 'stress': 10, 'text': 'ONLY', 'total': 10, 'mispronunciations': array([], dtype=object)}
 {'accuracy': 10, 'phones': array(['IH0', 'F'], dtype=object), 'phones-accuracy': array([2., 2.]), 'stress': 10, 'text': 'IF', 'total': 10, 'mispronunciations': array([], dtype=object)}
 {'accuracy': 10, 'phones': array(['SH', 'IY0'], dtype=object), 'phones-accuracy': array([2. , 1.8]), 'stress': 10, 'text': 'SHE', 'total': 10, 'mispronunciations': array([], dtype=object)}
 {'accuracy': 10, 'phones': array(['K', 'UH0', 'D'], dtype=object), 'phones-accuracy': array([2., 2., 2.]), 'stress': 10, 'text': 'COULD', 'total': 10, 'mispronunciations': array([], dtype=object)}
 {'accuracy': 10, 'phones': array(['HH', 'AE1', 'N', 'D', 'L'], dtype=object), 'phones-accuracy': array([2., 2., 2., 2., 2.]), 'stress': 10, 'text': 'HANDLE', 'total': 10, 'mispronunciations': array([], dtype=object)}
 {'accuracy': 10, 'phones': array(['DH', 'AH0'], dtype=object), 'phones-accuracy': array([2., 2.]), 'stress': 10, 'text': 'THE', 'total': 10, 'mispronunciations': array([], dtype=object)}
 {'accuracy': 10, 'phones': array(['HH', 'IY0', 'T'], dtype=object), 'phones-accuracy': array([2., 2., 2.]), 'stress': 10, 'text': 'HEAT', 'total': 10, 'mispronunciations': array([], dtype=object)}]",2244,f,20,train,022440361,-56.43891942501069
022440361,303,AH0,2.150000095367432,2.2300000190734863,-44.60502624511719,handle,2.0,9,10.0,8,8,8,"[{'accuracy': 10, 'phones': array(['B', 'AH0', 'T'], dtype=object), 'phones-accuracy': array([2., 2., 2.]), 'stress': 10, 'text': 'BUT', 'total': 10, 'mispronunciations': array([], dtype=object)}
 {'accuracy': 10, 'phones': array(['OW1', 'N', 'L', 'IY0'], dtype=object), 'phones-accuracy': array([2. , 2. , 1.6, 2. ]), 'stress': 10, 'text': 'ONLY', 'total': 10, 'mispronunciations': array([], dtype=object)}
 {'accuracy': 10, 'phones': array(['IH0', 'F'], dtype=object), 'phones-accuracy': array([2., 2.]), 'stress': 10, 'text': 'IF', 'total': 10, 'mispronunciations': array([], dtype=object)}
 {'accuracy': 10, 'phones': array(['SH', 'IY0'], dtype=object), 'phones-accuracy': array([2. , 1.8]), 'stress': 10, 'text': 'SHE', 'total': 10, 'mispronunciations': array([], dtype=object)}
 {'accuracy': 10, 'phones': array(['K', 'UH0', 'D'], dtype=object), 'phones-accuracy': array([2., 2., 2.]), 'stress': 10, 'text': 'COULD', 'total': 10, 'mispronunciations': array([], dtype=object)}
 {'accuracy': 10, 'phones': array(['HH', 'AE1', 'N', 'D', 'L'], dtype=object), 'phones-accuracy': array([2., 2., 2., 2., 2.]), 'stress': 10, 'text': 'HANDLE', 'total': 10, 'mispronunciations': array([], dtype=object)}
 {'accuracy': 10, 'phones': array(['DH', 'AH0'], dtype=object), 'phones-accuracy': array([2., 2.]), 'stress': 10, 'text': 'THE', 'total': 10, 'mispronunciations': array([], dtype=object)}
 {'accuracy': 10, 'phones': array(['HH', 'IY0', 'T'], dtype=object), 'phones-accuracy': array([2., 2., 2.]), 'stress': 10, 'text': 'HEAT', 'total': 10, 'mispronunciations': array([], dtype=object)}]",2244,f,20,train,022440361,-44.40437912940979
022440361,304,L,2.2300000190734863,2.299999952316284,-46.34354019165039,handle,1.6,9,10.0,8,8,8,"[{'accuracy': 10, 'phones': array(['B', 'AH0', 'T'], dtype=object), 'phones-accuracy': array([2., 2., 2.]), 'stress': 10, 'text': 'BUT', 'total': 10, 'mispronunciations': array([], dtype=object)}
 {'accuracy': 10, 'phones': array(['OW1', 'N', 'L', 'IY0'], dtype=object), 'phones-accuracy': array([2. , 2. , 1.6, 2. ]), 'stress': 10, 'text': 'ONLY', 'total': 10, 'mispronunciations': array([], dtype=object)}
 {'accuracy': 10, 'phones': array(['IH0', 'F'], dtype=object), 'phones-accuracy': array([2., 2.]), 'stress': 10, 'text': 'IF', 'total': 10, 'mispronunciations': array([], dtype=object)}
 {'accuracy': 10, 'phones': array(['SH', 'IY0'], dtype=object), 'phones-accuracy': array([2. , 1.8]), 'stress': 10, 'text': 'SHE', 'total': 10, 'mispronunciations': array([], dtype=object)}
 {'accuracy': 10, 'phones': array(['K', 'UH0', 'D'], dtype=object), 'phones-accuracy': array([2., 2., 2.]), 'stress': 10, 'text': 'COULD', 'total': 10, 'mispronunciations': array([], dtype=object)}
 {'accuracy': 10, 'phones': array(['HH', 'AE1', 'N', 'D', 'L'], dtype=object), 'phones-accuracy': array([2., 2., 2., 2., 2.]), 'stress': 10, 'text': 'HANDLE', 'total': 10, 'mispronunciations': array([], dtype=object)}
 {'accuracy': 10, 'phones': array(['DH', 'AH0'], dtype=object), 'phones-accuracy': array([2., 2.]), 'stress': 10, 'text': 'THE', 'total': 10, 'mispronunciations': array([], dtype=object)}
 {'accuracy': 10, 'phones': array(['HH', 'IY0', 'T'], dtype=object), 'phones-accuracy': array([2., 2., 2.]), 'stress': 10, 'text': 'HEAT', 'total': 10, 'mispronunciations': array([], dtype=object)}]",2244,f,20,train,022440361,-46.146925047039986
022440361,305,DH,2.299999952316284,2.369999885559082,-66.1360092163086,the,2.0,9,10.0,8,8,8,"[{'accuracy': 10, 'phones': array(['B', 'AH0', 'T'], dtype=object), 'phones-accuracy': array([2., 2., 2.]), 'stress': 10, 'text': 'BUT', 'total': 10, 'mispronunciations': array([], dtype=object)}
 {'accuracy': 10, 'phones': array(['OW1', 'N', 'L', 'IY0'], dtype=object), 'phones-accuracy': array([2. , 2. , 1.6, 2. ]), 'stress': 10, 'text': 'ONLY', 'total': 10, 'mispronunciations': array([], dtype=object)}
 {'accuracy': 10, 'phones': array(['IH0', 'F'], dtype=object), 'phones-accuracy': array([2., 2.]), 'stress': 10, 'text': 'IF', 'total': 10, 'mispronunciations': array([], dtype=object)}
 {'accuracy': 10, 'phones': array(['SH', 'IY0'], dtype=object), 'phones-accuracy': array([2. , 1.8]), 'stress': 10, 'text': 'SHE', 'total': 10, 'mispronunciations': array([], dtype=object)}
 {'accuracy': 10, 'phones': array(['K', 'UH0', 'D'], dtype=object), 'phones-accuracy': array([2., 2., 2.]), 'stress': 10, 'text': 'COULD', 'total': 10, 'mispronunciations': array([], dtype=object)}
 {'accuracy': 10, 'phones': array(['HH', 'AE1', 'N', 'D', 'L'], dtype=object), 'phones-accuracy': array([2., 2., 2., 2., 2.]), 'stress': 10, 'text': 'HANDLE', 'total': 10, 'mispronunciations': array([], dtype=object)}
 {'accuracy': 10, 'phones': array(['DH', 'AH0'], dtype=object), 'phones-accuracy': array([2., 2.]), 'stress': 10, 'text': 'THE', 'total': 10, 'mispronunciations': array([], dtype=object)}
 {'accuracy': 10, 'phones': array(['HH', 'IY0', 'T'], dtype=object), 'phones-accuracy': array([2., 2., 2.]), 'stress': 10, 'text': 'HEAT', 'total': 10, 'mispronunciations': array([], dtype=object)}]",2244,f,20,train,022440361,-65.94509257376194
022440361,306,AH0,2.369999885559082,2.430000066757202,-44.378692626953125,the,2.0,9,10.0,8,8,8,"[{'accuracy': 10, 'phones': array(['B', 'AH0', 'T'], dtype=object), 'phones-accuracy': array([2., 2., 2.]), 'stress': 10, 'text': 'BUT', 'total': 10, 'mispronunciations': array([], dtype=object)}
 {'accuracy': 10, 'phones': array(['OW1', 'N', 'L', 'IY0'], dtype=object), 'phones-accuracy': array([2. , 2. , 1.6, 2. ]), 'stress': 10, 'text': 'ONLY', 'total': 10, 'mispronunciations': array([], dtype=object)}
 {'accuracy': 10, 'phones': array(['IH0', 'F'], dtype=object), 'phones-accuracy': array([2., 2.]), 'stress': 10, 'text': 'IF', 'total': 10, 'mispronunciations': array([], dtype=object)}
 {'accuracy': 10, 'phones': array(['SH', 'IY0'], dtype=object), 'phones-accuracy': array([2. , 1.8]), 'stress': 10, 'text': 'SHE', 'total': 10, 'mispronunciations': array([], dtype=object)}
 {'accuracy': 10, 'phones': array(['K', 'UH0', 'D'], dtype=object), 'phones-accuracy': array([2., 2., 2.]), 'stress': 10, 'text': 'COULD', 'total': 10, 'mispronunciations': array([], dtype=object)}
 {'accuracy': 10, 'phones': array(['HH', 'AE1', 'N', 'D', 'L'], dtype=object), 'phones-accuracy': array([2., 2., 2., 2., 2.]), 'stress': 10, 'text': 'HANDLE', 'total': 10, 'mispronunciations': array([], dtype=object)}
 {'accuracy': 10, 'phones': array(['DH', 'AH0'], dtype=object), 'phones-accuracy': array([2., 2.]), 'stress': 10, 'text': 'THE', 'total': 10, 'mispronunciations': array([], dtype=object)}
 {'accuracy': 10, 'phones': array(['HH', 'IY0', 'T'], dtype=object), 'phones-accuracy': array([2., 2., 2.]), 'stress': 10, 'text': 'HEAT', 'total': 10, 'mispronunciations': array([], dtype=object)}]",2244,f,20,train,022440361,-44.10836115479469
022440361,307,HH,2.430000066757202,2.740000009536743,-50.21504974365234,heat,2.0,9,10.0,8,8,8,"[{'accuracy': 10, 'phones': array(['B', 'AH0', 'T'], dtype=object), 'phones-accuracy': array([2., 2., 2.]), 'stress': 10, 'text': 'BUT', 'total': 10, 'mispronunciations': array([], dtype=object)}
 {'accuracy': 10, 'phones': array(['OW1', 'N', 'L', 'IY0'], dtype=object), 'phones-accuracy': array([2. , 2. , 1.6, 2. ]), 'stress': 10, 'text': 'ONLY', 'total': 10, 'mispronunciations': array([], dtype=object)}
 {'accuracy': 10, 'phones': array(['IH0', 'F'], dtype=object), 'phones-accuracy': array([2., 2.]), 'stress': 10, 'text': 'IF', 'total': 10, 'mispronunciations': array([], dtype=object)}
 {'accuracy': 10, 'phones': array(['SH', 'IY0'], dtype=object), 'phones-accuracy': array([2. , 1.8]), 'stress': 10, 'text': 'SHE', 'total': 10, 'mispronunciations': array([], dtype=object)}
 {'accuracy': 10, 'phones': array(['K', 'UH0', 'D'], dtype=object), 'phones-accuracy': array([2., 2., 2.]), 'stress': 10, 'text': 'COULD', 'total': 10, 'mispronunciations': array([], dtype=object)}
 {'accuracy': 10, 'phones': array(['HH', 'AE1', 'N', 'D', 'L'], dtype=object), 'phones-accuracy': array([2., 2., 2., 2., 2.]), 'stress': 10, 'text': 'HANDLE', 'total': 10, 'mispronunciations': array([], dtype=object)}
 {'accuracy': 10, 'phones': array(['DH', 'AH0'], dtype=object), 'phones-accuracy': array([2., 2.]), 'stress': 10, 'text': 'THE', 'total': 10, 'mispronunciations': array([], dtype=object)}
 {'accuracy': 10, 'phones': array(['HH', 'IY0', 'T'], dtype=object), 'phones-accuracy': array([2., 2., 2.]), 'stress': 10, 'text': 'HEAT', 'total': 10, 'mispronunciations': array([], dtype=object)}]",2244,f,20,train,022440361,-50.105602957308285
022440361,308,IY1,2.740000009536743,2.819999933242798,-46.313262939453125,heat,,9,10.0,8,8,8,"[{'accuracy': 10, 'phones': array(['B', 'AH0', 'T'], dtype=object), 'phones-accuracy': array([2., 2., 2.]), 'stress': 10, 'text': 'BUT', 'total': 10, 'mispronunciations': array([], dtype=object)}
 {'accuracy': 10, 'phones': array(['OW1', 'N', 'L', 'IY0'], dtype=object), 'phones-accuracy': array([2. , 2. , 1.6, 2. ]), 'stress': 10, 'text': 'ONLY', 'total': 10, 'mispronunciations': array([], dtype=object)}
 {'accuracy': 10, 'phones': array(['IH0', 'F'], dtype=object), 'phones-accuracy': array([2., 2.]), 'stress': 10, 'text': 'IF', 'total': 10, 'mispronunciations': array([], dtype=object)}
 {'accuracy': 10, 'phones': array(['SH', 'IY0'], dtype=object), 'phones-accuracy': array([2. , 1.8]), 'stress': 10, 'text': 'SHE', 'total': 10, 'mispronunciations': array([], dtype=object)}
 {'accuracy': 10, 'phones': array(['K', 'UH0', 'D'], dtype=object), 'phones-accuracy': array([2., 2., 2.]), 'stress': 10, 'text': 'COULD', 'total': 10, 'mispronunciations': array([], dtype=object)}
 {'accuracy': 10, 'phones': array(['HH', 'AE1', 'N', 'D', 'L'], dtype=object), 'phones-accuracy': array([2., 2., 2., 2., 2.]), 'stress': 10, 'text': 'HANDLE', 'total': 10, 'mispronunciations': array([], dtype=object)}
 {'accuracy': 10, 'phones': array(['DH', 'AH0'], dtype=object), 'phones-accuracy': array([2., 2.]), 'stress': 10, 'text': 'THE', 'total': 10, 'mispronunciations': array([], dtype=object)}
 {'accuracy': 10, 'phones': array(['HH', 'IY0', 'T'], dtype=object), 'phones-accuracy': array([2., 2., 2.]), 'stress': 10, 'text': 'HEAT', 'total': 10, 'mispronunciations': array([], dtype=object)}]",2244,f,20,train,022440361,-46.06567633152008
022440361,309,T,2.819999933242798,3.0299999713897705,-44.06549072265625,heat,2.0,9,10.0,8,8,8,"[{'accuracy': 10, 'phones': array(['B', 'AH0', 'T'], dtype=object), 'phones-accuracy': array([2., 2., 2.]), 'stress': 10, 'text': 'BUT', 'total': 10, 'mispronunciations': array([], dtype=object)}
 {'accuracy': 10, 'phones': array(['OW1', 'N', 'L', 'IY0'], dtype=object), 'phones-accuracy': array([2. , 2. , 1.6, 2. ]), 'stress': 10, 'text': 'ONLY', 'total': 10, 'mispronunciations': array([], dtype=object)}
 {'accuracy': 10, 'phones': array(['IH0', 'F'], dtype=object), 'phones-accuracy': array([2., 2.]), 'stress': 10, 'text': 'IF', 'total': 10, 'mispronunciations': array([], dtype=object)}
 {'accuracy': 10, 'phones': array(['SH', 'IY0'], dtype=object), 'phones-accuracy': array([2. , 1.8]), 'stress': 10, 'text': 'SHE', 'total': 10, 'mispronunciations': array([], dtype=object)}
 {'accuracy': 10, 'phones': array(['K', 'UH0', 'D'], dtype=object), 'phones-accuracy': array([2., 2., 2.]), 'stress': 10, 'text': 'COULD', 'total': 10, 'mispronunciations': array([], dtype=object)}
 {'accuracy': 10, 'phones': array(['HH', 'AE1', 'N', 'D', 'L'], dtype=object), 'phones-accuracy': array([2., 2., 2., 2., 2.]), 'stress': 10, 'text': 'HANDLE', 'total': 10, 'mispronunciations': array([], dtype=object)}
 {'accuracy': 10, 'phones': array(['DH', 'AH0'], dtype=object), 'phones-accuracy': array([2., 2.]), 'stress': 10, 'text': 'THE', 'total': 10, 'mispronunciations': array([], dtype=object)}
 {'accuracy': 10, 'phones': array(['HH', 'IY0', 'T'], dtype=object), 'phones-accuracy': array([2., 2., 2.]), 'stress': 10, 'text': 'HEAT', 'total': 10, 'mispronunciations': array([], dtype=object)}]",2244,f,20,train,022440361,-43.98479985445738
022440361,310,sil,3.0299999713897705,3.763000011444092,-32.34326934814453,<eps>,,9,10.0,8,8,8,"[{'accuracy': 10, 'phones': array(['B', 'AH0', 'T'], dtype=object), 'phones-accuracy': array([2., 2., 2.]), 'stress': 10, 'text': 'BUT', 'total': 10, 'mispronunciations': array([], dtype=object)}
 {'accuracy': 10, 'phones': array(['OW1', 'N', 'L', 'IY0'], dtype=object), 'phones-accuracy': array([2. , 2. , 1.6, 2. ]), 'stress': 10, 'text': 'ONLY', 'total': 10, 'mispronunciations': array([], dtype=object)}
 {'accuracy': 10, 'phones': array(['IH0', 'F'], dtype=object), 'phones-accuracy': array([2., 2.]), 'stress': 10, 'text': 'IF', 'total': 10, 'mispronunciations': array([], dtype=object)}
 {'accuracy': 10, 'phones': array(['SH', 'IY0'], dtype=object), 'phones-accuracy': array([2. , 1.8]), 'stress': 10, 'text': 'SHE', 'total': 10, 'mispronunciations': array([], dtype=object)}
 {'accuracy': 10, 'phones': array(['K', 'UH0', 'D'], dtype=object), 'phones-accuracy': array([2., 2., 2.]), 'stress': 10, 'text': 'COULD', 'total': 10, 'mispronunciations': array([], dtype=object)}
 {'accuracy': 10, 'phones': array(['HH', 'AE1', 'N', 'D', 'L'], dtype=object), 'phones-accuracy': array([2., 2., 2., 2., 2.]), 'stress': 10, 'text': 'HANDLE', 'total': 10, 'mispronunciations': array([], dtype=object)}
 {'accuracy': 10, 'phones': array(['DH', 'AH0'], dtype=object), 'phones-accuracy': array([2., 2.]), 'stress': 10, 'text': 'THE', 'total': 10, 'mispronunciations': array([], dtype=object)}
 {'accuracy': 10, 'phones': array(['HH', 'IY0', 'T'], dtype=object), 'phones-accuracy': array([2., 2., 2.]), 'stress': 10, 'text': 'HEAT', 'total': 10, 'mispronunciations': array([], dtype=object)}]",2244,f,20,train,022440361,-32.31640966422856
022440039,311,sil,0.0,0.5199999809265137,-40.52633285522461,<eps>,,9,10.0,9,8,8,"[{'accuracy': 10, 'phones': array(['HH', 'IY0'], dtype=object), 'phones-accuracy': array([2., 2.]), 'stress': 10, 'text': 'HE', 'total': 10, 'mispronunciations': array([], dtype=object)}
 {'accuracy': 10, 'phones': array(['N', 'OW0', 'Z'], dtype=object), 'phones-accuracy': array([2. , 2. , 1.8]), 'stress': 10, 'text': 'KNOWS', 'total': 10, 'mispronunciations': array([], dtype=object)}
 {'accuracy': 10, 'phones': array(['B', 'EH1', 'T', 'ER0'], dtype=object), 'phones-accuracy': array([2., 2., 2., 2.]), 'stress': 10, 'text': 'BETTER', 'total': 10, 'mispronunciations': array([], dtype=object)}
 {'accuracy': 10, 'phones': array(['DH', 'AE0', 'N'], dtype=object), 'phones-accuracy': array([2., 2., 2.]), 'stress': 10, 'text': 'THAN', 'total': 10, 'mispronunciations': array([], dtype=object)}
 {'accuracy': 10, 'phones': array(['T', 'UW0'], dtype=object), 'phones-accuracy': array([2. , 1.8]), 'stress': 10, 'text': 'TO', 'total': 10, 'mispronunciations': array([], dtype=object)}
 {'accuracy': 10, 'phones': array(['T', 'EH0', 'L'], dtype=object), 'phones-accuracy': array([2., 2., 2.]), 'stress': 10, 'text': 'TELL', 'total': 10, 'mispronunciations': array([], dtype=object)}
 {'accuracy': 10, 'phones': array(['M', 'IY0'], dtype=object), 'phones-accuracy': array([2., 2.]), 'stress': 10, 'text': 'ME', 'total': 10, 'mispronunciations': array([], dtype=object)}
 {'accuracy': 10, 'phones': array(['AH0', 'B', 'AW1', 'T'], dtype=object), 'phones-accuracy': array([2., 2., 2., 2.]), 'stress': 10, 'text': 'ABOUT', 'total': 10, 'mispronunciations': array([], dtype=object)}
 {'accuracy': 10, 'phones': array(['DH', 'OW0', 'Z'], dtype=object), 'phones-accuracy': array([2. , 2. , 1.8]), 'stress': 10, 'text': 'THOSE', 'total': 10, 'mispronunciations': array([], dtype=object)}
 {'accuracy': 10, 'phones': array(['TH', 'IH0', 'NG', 'Z'], dtype=object), 'phones-accuracy': array([2. , 2. , 2. , 1.6]), 'stress': 10, 'text': 'THINGS', 'total': 10, 'mispronunciations': array([], dtype=object)}]",2244,f,20,train,022440039,-40.48195917904377
022440039,312,HH,0.5199999809265137,0.6100000143051147,-56.02945327758789,he,2.0,9,10.0,9,8,8,"[{'accuracy': 10, 'phones': array(['HH', 'IY0'], dtype=object), 'phones-accuracy': array([2., 2.]), 'stress': 10, 'text': 'HE', 'total': 10, 'mispronunciations': array([], dtype=object)}
 {'accuracy': 10, 'phones': array(['N', 'OW0', 'Z'], dtype=object), 'phones-accuracy': array([2. , 2. , 1.8]), 'stress': 10, 'text': 'KNOWS', 'total': 10, 'mispronunciations': array([], dtype=object)}
 {'accuracy': 10, 'phones': array(['B', 'EH1', 'T', 'ER0'], dtype=object), 'phones-accuracy': array([2., 2., 2., 2.]), 'stress': 10, 'text': 'BETTER', 'total': 10, 'mispronunciations': array([], dtype=object)}
 {'accuracy': 10, 'phones': array(['DH', 'AE0', 'N'], dtype=object), 'phones-accuracy': array([2., 2., 2.]), 'stress': 10, 'text': 'THAN', 'total': 10, 'mispronunciations': array([], dtype=object)}
 {'accuracy': 10, 'phones': array(['T', 'UW0'], dtype=object), 'phones-accuracy': array([2. , 1.8]), 'stress': 10, 'text': 'TO', 'total': 10, 'mispronunciations': array([], dtype=object)}
 {'accuracy': 10, 'phones': array(['T', 'EH0', 'L'], dtype=object), 'phones-accuracy': array([2., 2., 2.]), 'stress': 10, 'text': 'TELL', 'total': 10, 'mispronunciations': array([], dtype=object)}
 {'accuracy': 10, 'phones': array(['M', 'IY0'], dtype=object), 'phones-accuracy': array([2., 2.]), 'stress': 10, 'text': 'ME', 'total': 10, 'mispronunciations': array([], dtype=object)}
 {'accuracy': 10, 'phones': array(['AH0', 'B', 'AW1', 'T'], dtype=object), 'phones-accuracy': array([2., 2., 2., 2.]), 'stress': 10, 'text': 'ABOUT', 'total': 10, 'mispronunciations': array([], dtype=object)}
 {'accuracy': 10, 'phones': array(['DH', 'OW0', 'Z'], dtype=object), 'phones-accuracy': array([2. , 2. , 1.8]), 'stress': 10, 'text': 'THOSE', 'total': 10, 'mispronunciations': array([], dtype=object)}
 {'accuracy': 10, 'phones': array(['TH', 'IH0', 'NG', 'Z'], dtype=object), 'phones-accuracy': array([2. , 2. , 2. , 1.6]), 'stress': 10, 'text': 'THINGS', 'total': 10, 'mispronunciations': array([], dtype=object)}]",2244,f,20,train,022440039,-55.89357401430607
022440039,313,IY1,0.6100000143051147,0.699999988079071,-58.53646469116211,he,,9,10.0,9,8,8,"[{'accuracy': 10, 'phones': array(['HH', 'IY0'], dtype=object), 'phones-accuracy': array([2., 2.]), 'stress': 10, 'text': 'HE', 'total': 10, 'mispronunciations': array([], dtype=object)}
 {'accuracy': 10, 'phones': array(['N', 'OW0', 'Z'], dtype=object), 'phones-accuracy': array([2. , 2. , 1.8]), 'stress': 10, 'text': 'KNOWS', 'total': 10, 'mispronunciations': array([], dtype=object)}
 {'accuracy': 10, 'phones': array(['B', 'EH1', 'T', 'ER0'], dtype=object), 'phones-accuracy': array([2., 2., 2., 2.]), 'stress': 10, 'text': 'BETTER', 'total': 10, 'mispronunciations': array([], dtype=object)}
 {'accuracy': 10, 'phones': array(['DH', 'AE0', 'N'], dtype=object), 'phones-accuracy': array([2., 2., 2.]), 'stress': 10, 'text': 'THAN', 'total': 10, 'mispronunciations': array([], dtype=object)}
 {'accuracy': 10, 'phones': array(['T', 'UW0'], dtype=object), 'phones-accuracy': array([2. , 1.8]), 'stress': 10, 'text': 'TO', 'total': 10, 'mispronunciations': array([], dtype=object)}
 {'accuracy': 10, 'phones': array(['T', 'EH0', 'L'], dtype=object), 'phones-accuracy': array([2., 2., 2.]), 'stress': 10, 'text': 'TELL', 'total': 10, 'mispronunciations': array([], dtype=object)}
 {'accuracy': 10, 'phones': array(['M', 'IY0'], dtype=object), 'phones-accuracy': array([2., 2.]), 'stress': 10, 'text': 'ME', 'total': 10, 'mispronunciations': array([], dtype=object)}
 {'accuracy': 10, 'phones': array(['AH0', 'B', 'AW1', 'T'], dtype=object), 'phones-accuracy': array([2., 2., 2., 2.]), 'stress': 10, 'text': 'ABOUT', 'total': 10, 'mispronunciations': array([], dtype=object)}
 {'accuracy': 10, 'phones': array(['DH', 'OW0', 'Z'], dtype=object), 'phones-accuracy': array([2. , 2. , 1.8]), 'stress': 10, 'text': 'THOSE', 'total': 10, 'mispronunciations': array([], dtype=object)}
 {'accuracy': 10, 'phones': array(['TH', 'IH0', 'NG', 'Z'], dtype=object), 'phones-accuracy': array([2. , 2. , 2. , 1.6]), 'stress': 10, 'text': 'THINGS', 'total': 10, 'mispronunciations': array([], dtype=object)}]",2244,f,20,train,022440039,-58.33501821756363
022440039,314,N,0.699999988079071,0.8199999928474426,-49.56382751464844,knows,2.0,9,10.0,9,8,8,"[{'accuracy': 10, 'phones': array(['HH', 'IY0'], dtype=object), 'phones-accuracy': array([2., 2.]), 'stress': 10, 'text': 'HE', 'total': 10, 'mispronunciations': array([], dtype=object)}
 {'accuracy': 10, 'phones': array(['N', 'OW0', 'Z'], dtype=object), 'phones-accuracy': array([2. , 2. , 1.8]), 'stress': 10, 'text': 'KNOWS', 'total': 10, 'mispronunciations': array([], dtype=object)}
 {'accuracy': 10, 'phones': array(['B', 'EH1', 'T', 'ER0'], dtype=object), 'phones-accuracy': array([2., 2., 2., 2.]), 'stress': 10, 'text': 'BETTER', 'total': 10, 'mispronunciations': array([], dtype=object)}
 {'accuracy': 10, 'phones': array(['DH', 'AE0', 'N'], dtype=object), 'phones-accuracy': array([2., 2., 2.]), 'stress': 10, 'text': 'THAN', 'total': 10, 'mispronunciations': array([], dtype=object)}
 {'accuracy': 10, 'phones': array(['T', 'UW0'], dtype=object), 'phones-accuracy': array([2. , 1.8]), 'stress': 10, 'text': 'TO', 'total': 10, 'mispronunciations': array([], dtype=object)}
 {'accuracy': 10, 'phones': array(['T', 'EH0', 'L'], dtype=object), 'phones-accuracy': array([2., 2., 2.]), 'stress': 10, 'text': 'TELL', 'total': 10, 'mispronunciations': array([], dtype=object)}
 {'accuracy': 10, 'phones': array(['M', 'IY0'], dtype=object), 'phones-accuracy': array([2., 2.]), 'stress': 10, 'text': 'ME', 'total': 10, 'mispronunciations': array([], dtype=object)}
 {'accuracy': 10, 'phones': array(['AH0', 'B', 'AW1', 'T'], dtype=object), 'phones-accuracy': array([2., 2., 2., 2.]), 'stress': 10, 'text': 'ABOUT', 'total': 10, 'mispronunciations': array([], dtype=object)}
 {'accuracy': 10, 'phones': array(['DH', 'OW0', 'Z'], dtype=object), 'phones-accuracy': array([2. , 2. , 1.8]), 'stress': 10, 'text': 'THOSE', 'total': 10, 'mispronunciations': array([], dtype=object)}
 {'accuracy': 10, 'phones': array(['TH', 'IH0', 'NG', 'Z'], dtype=object), 'phones-accuracy': array([2. , 2. , 2. , 1.6]), 'stress': 10, 'text': 'THINGS', 'total': 10, 'mispronunciations': array([], dtype=object)}]",2244,f,20,train,022440039,-49.339843705296516
022440039,315,OW1,0.8199999928474426,0.9700000286102296,-47.212989807128906,knows,,9,10.0,9,8,8,"[{'accuracy': 10, 'phones': array(['HH', 'IY0'], dtype=object), 'phones-accuracy': array([2., 2.]), 'stress': 10, 'text': 'HE', 'total': 10, 'mispronunciations': array([], dtype=object)}
 {'accuracy': 10, 'phones': array(['N', 'OW0', 'Z'], dtype=object), 'phones-accuracy': array([2. , 2. , 1.8]), 'stress': 10, 'text': 'KNOWS', 'total': 10, 'mispronunciations': array([], dtype=object)}
 {'accuracy': 10, 'phones': array(['B', 'EH1', 'T', 'ER0'], dtype=object), 'phones-accuracy': array([2., 2., 2., 2.]), 'stress': 10, 'text': 'BETTER', 'total': 10, 'mispronunciations': array([], dtype=object)}
 {'accuracy': 10, 'phones': array(['DH', 'AE0', 'N'], dtype=object), 'phones-accuracy': array([2., 2., 2.]), 'stress': 10, 'text': 'THAN', 'total': 10, 'mispronunciations': array([], dtype=object)}
 {'accuracy': 10, 'phones': array(['T', 'UW0'], dtype=object), 'phones-accuracy': array([2. , 1.8]), 'stress': 10, 'text': 'TO', 'total': 10, 'mispronunciations': array([], dtype=object)}
 {'accuracy': 10, 'phones': array(['T', 'EH0', 'L'], dtype=object), 'phones-accuracy': array([2., 2., 2.]), 'stress': 10, 'text': 'TELL', 'total': 10, 'mispronunciations': array([], dtype=object)}
 {'accuracy': 10, 'phones': array(['M', 'IY0'], dtype=object), 'phones-accuracy': array([2., 2.]), 'stress': 10, 'text': 'ME', 'total': 10, 'mispronunciations': array([], dtype=object)}
 {'accuracy': 10, 'phones': array(['AH0', 'B', 'AW1', 'T'], dtype=object), 'phones-accuracy': array([2., 2., 2., 2.]), 'stress': 10, 'text': 'ABOUT', 'total': 10, 'mispronunciations': array([], dtype=object)}
 {'accuracy': 10, 'phones': array(['DH', 'OW0', 'Z'], dtype=object), 'phones-accuracy': array([2. , 2. , 1.8]), 'stress': 10, 'text': 'THOSE', 'total': 10, 'mispronunciations': array([], dtype=object)}
 {'accuracy': 10, 'phones': array(['TH', 'IH0', 'NG', 'Z'], dtype=object), 'phones-accuracy': array([2. , 2. , 2. , 1.6]), 'stress': 10, 'text': 'THINGS', 'total': 10, 'mispronunciations': array([], dtype=object)}]",2244,f,20,train,022440039,-46.700060963630676
022440039,316,Z,0.9700000286102296,1.0700000524520874,-58.87638092041016,knows,1.8,9,10.0,9,8,8,"[{'accuracy': 10, 'phones': array(['HH', 'IY0'], dtype=object), 'phones-accuracy': array([2., 2.]), 'stress': 10, 'text': 'HE', 'total': 10, 'mispronunciations': array([], dtype=object)}
 {'accuracy': 10, 'phones': array(['N', 'OW0', 'Z'], dtype=object), 'phones-accuracy': array([2. , 2. , 1.8]), 'stress': 10, 'text': 'KNOWS', 'total': 10, 'mispronunciations': array([], dtype=object)}
 {'accuracy': 10, 'phones': array(['B', 'EH1', 'T', 'ER0'], dtype=object), 'phones-accuracy': array([2., 2., 2., 2.]), 'stress': 10, 'text': 'BETTER', 'total': 10, 'mispronunciations': array([], dtype=object)}
 {'accuracy': 10, 'phones': array(['DH', 'AE0', 'N'], dtype=object), 'phones-accuracy': array([2., 2., 2.]), 'stress': 10, 'text': 'THAN', 'total': 10, 'mispronunciations': array([], dtype=object)}
 {'accuracy': 10, 'phones': array(['T', 'UW0'], dtype=object), 'phones-accuracy': array([2. , 1.8]), 'stress': 10, 'text': 'TO', 'total': 10, 'mispronunciations': array([], dtype=object)}
 {'accuracy': 10, 'phones': array(['T', 'EH0', 'L'], dtype=object), 'phones-accuracy': array([2., 2., 2.]), 'stress': 10, 'text': 'TELL', 'total': 10, 'mispronunciations': array([], dtype=object)}
 {'accuracy': 10, 'phones': array(['M', 'IY0'], dtype=object), 'phones-accuracy': array([2., 2.]), 'stress': 10, 'text': 'ME', 'total': 10, 'mispronunciations': array([], dtype=object)}
 {'accuracy': 10, 'phones': array(['AH0', 'B', 'AW1', 'T'], dtype=object), 'phones-accuracy': array([2., 2., 2., 2.]), 'stress': 10, 'text': 'ABOUT', 'total': 10, 'mispronunciations': array([], dtype=object)}
 {'accuracy': 10, 'phones': array(['DH', 'OW0', 'Z'], dtype=object), 'phones-accuracy': array([2. , 2. , 1.8]), 'stress': 10, 'text': 'THOSE', 'total': 10, 'mispronunciations': array([], dtype=object)}
 {'accuracy': 10, 'phones': array(['TH', 'IH0', 'NG', 'Z'], dtype=object), 'phones-accuracy': array([2. , 2. , 2. , 1.6]), 'stress': 10, 'text': 'THINGS', 'total': 10, 'mispronunciations': array([], dtype=object)}]",2244,f,20,train,022440039,-58.66937959194184
022440039,317,B,1.0700000524520874,1.1699999570846558,-59.1047477722168,better,2.0,9,10.0,9,8,8,"[{'accuracy': 10, 'phones': array(['HH', 'IY0'], dtype=object), 'phones-accuracy': array([2., 2.]), 'stress': 10, 'text': 'HE', 'total': 10, 'mispronunciations': array([], dtype=object)}
 {'accuracy': 10, 'phones': array(['N', 'OW0', 'Z'], dtype=object), 'phones-accuracy': array([2. , 2. , 1.8]), 'stress': 10, 'text': 'KNOWS', 'total': 10, 'mispronunciations': array([], dtype=object)}
 {'accuracy': 10, 'phones': array(['B', 'EH1', 'T', 'ER0'], dtype=object), 'phones-accuracy': array([2., 2., 2., 2.]), 'stress': 10, 'text': 'BETTER', 'total': 10, 'mispronunciations': array([], dtype=object)}
 {'accuracy': 10, 'phones': array(['DH', 'AE0', 'N'], dtype=object), 'phones-accuracy': array([2., 2., 2.]), 'stress': 10, 'text': 'THAN', 'total': 10, 'mispronunciations': array([], dtype=object)}
 {'accuracy': 10, 'phones': array(['T', 'UW0'], dtype=object), 'phones-accuracy': array([2. , 1.8]), 'stress': 10, 'text': 'TO', 'total': 10, 'mispronunciations': array([], dtype=object)}
 {'accuracy': 10, 'phones': array(['T', 'EH0', 'L'], dtype=object), 'phones-accuracy': array([2., 2., 2.]), 'stress': 10, 'text': 'TELL', 'total': 10, 'mispronunciations': array([], dtype=object)}
 {'accuracy': 10, 'phones': array(['M', 'IY0'], dtype=object), 'phones-accuracy': array([2., 2.]), 'stress': 10, 'text': 'ME', 'total': 10, 'mispronunciations': array([], dtype=object)}
 {'accuracy': 10, 'phones': array(['AH0', 'B', 'AW1', 'T'], dtype=object), 'phones-accuracy': array([2., 2., 2., 2.]), 'stress': 10, 'text': 'ABOUT', 'total': 10, 'mispronunciations': array([], dtype=object)}
 {'accuracy': 10, 'phones': array(['DH', 'OW0', 'Z'], dtype=object), 'phones-accuracy': array([2. , 2. , 1.8]), 'stress': 10, 'text': 'THOSE', 'total': 10, 'mispronunciations': array([], dtype=object)}
 {'accuracy': 10, 'phones': array(['TH', 'IH0', 'NG', 'Z'], dtype=object), 'phones-accuracy': array([2. , 2. , 2. , 1.6]), 'stress': 10, 'text': 'THINGS', 'total': 10, 'mispronunciations': array([], dtype=object)}]",2244,f,20,train,022440039,-59.01732041686773
022440039,318,EH1,1.1699999570846558,1.340000033378601,-38.86407852172852,better,2.0,9,10.0,9,8,8,"[{'accuracy': 10, 'phones': array(['HH', 'IY0'], dtype=object), 'phones-accuracy': array([2., 2.]), 'stress': 10, 'text': 'HE', 'total': 10, 'mispronunciations': array([], dtype=object)}
 {'accuracy': 10, 'phones': array(['N', 'OW0', 'Z'], dtype=object), 'phones-accuracy': array([2. , 2. , 1.8]), 'stress': 10, 'text': 'KNOWS', 'total': 10, 'mispronunciations': array([], dtype=object)}
 {'accuracy': 10, 'phones': array(['B', 'EH1', 'T', 'ER0'], dtype=object), 'phones-accuracy': array([2., 2., 2., 2.]), 'stress': 10, 'text': 'BETTER', 'total': 10, 'mispronunciations': array([], dtype=object)}
 {'accuracy': 10, 'phones': array(['DH', 'AE0', 'N'], dtype=object), 'phones-accuracy': array([2., 2., 2.]), 'stress': 10, 'text': 'THAN', 'total': 10, 'mispronunciations': array([], dtype=object)}
 {'accuracy': 10, 'phones': array(['T', 'UW0'], dtype=object), 'phones-accuracy': array([2. , 1.8]), 'stress': 10, 'text': 'TO', 'total': 10, 'mispronunciations': array([], dtype=object)}
 {'accuracy': 10, 'phones': array(['T', 'EH0', 'L'], dtype=object), 'phones-accuracy': array([2., 2., 2.]), 'stress': 10, 'text': 'TELL', 'total': 10, 'mispronunciations': array([], dtype=object)}
 {'accuracy': 10, 'phones': array(['M', 'IY0'], dtype=object), 'phones-accuracy': array([2., 2.]), 'stress': 10, 'text': 'ME', 'total': 10, 'mispronunciations': array([], dtype=object)}
 {'accuracy': 10, 'phones': array(['AH0', 'B', 'AW1', 'T'], dtype=object), 'phones-accuracy': array([2., 2., 2., 2.]), 'stress': 10, 'text': 'ABOUT', 'total': 10, 'mispronunciations': array([], dtype=object)}
 {'accuracy': 10, 'phones': array(['DH', 'OW0', 'Z'], dtype=object), 'phones-accuracy': array([2. , 2. , 1.8]), 'stress': 10, 'text': 'THOSE', 'total': 10, 'mispronunciations': array([], dtype=object)}
 {'accuracy': 10, 'phones': array(['TH', 'IH0', 'NG', 'Z'], dtype=object), 'phones-accuracy': array([2. , 2. , 2. , 1.6]), 'stress': 10, 'text': 'THINGS', 'total': 10, 'mispronunciations': array([], dtype=object)}]",2244,f,20,train,022440039,-38.56287762522698
022440039,319,T,1.340000033378601,1.3899999856948853,-60.98822784423828,better,2.0,9,10.0,9,8,8,"[{'accuracy': 10, 'phones': array(['HH', 'IY0'], dtype=object), 'phones-accuracy': array([2., 2.]), 'stress': 10, 'text': 'HE', 'total': 10, 'mispronunciations': array([], dtype=object)}
 {'accuracy': 10, 'phones': array(['N', 'OW0', 'Z'], dtype=object), 'phones-accuracy': array([2. , 2. , 1.8]), 'stress': 10, 'text': 'KNOWS', 'total': 10, 'mispronunciations': array([], dtype=object)}
 {'accuracy': 10, 'phones': array(['B', 'EH1', 'T', 'ER0'], dtype=object), 'phones-accuracy': array([2., 2., 2., 2.]), 'stress': 10, 'text': 'BETTER', 'total': 10, 'mispronunciations': array([], dtype=object)}
 {'accuracy': 10, 'phones': array(['DH', 'AE0', 'N'], dtype=object), 'phones-accuracy': array([2., 2., 2.]), 'stress': 10, 'text': 'THAN', 'total': 10, 'mispronunciations': array([], dtype=object)}
 {'accuracy': 10, 'phones': array(['T', 'UW0'], dtype=object), 'phones-accuracy': array([2. , 1.8]), 'stress': 10, 'text': 'TO', 'total': 10, 'mispronunciations': array([], dtype=object)}
 {'accuracy': 10, 'phones': array(['T', 'EH0', 'L'], dtype=object), 'phones-accuracy': array([2., 2., 2.]), 'stress': 10, 'text': 'TELL', 'total': 10, 'mispronunciations': array([], dtype=object)}
 {'accuracy': 10, 'phones': array(['M', 'IY0'], dtype=object), 'phones-accuracy': array([2., 2.]), 'stress': 10, 'text': 'ME', 'total': 10, 'mispronunciations': array([], dtype=object)}
 {'accuracy': 10, 'phones': array(['AH0', 'B', 'AW1', 'T'], dtype=object), 'phones-accuracy': array([2., 2., 2., 2.]), 'stress': 10, 'text': 'ABOUT', 'total': 10, 'mispronunciations': array([], dtype=object)}
 {'accuracy': 10, 'phones': array(['DH', 'OW0', 'Z'], dtype=object), 'phones-accuracy': array([2. , 2. , 1.8]), 'stress': 10, 'text': 'THOSE', 'total': 10, 'mispronunciations': array([], dtype=object)}
 {'accuracy': 10, 'phones': array(['TH', 'IH0', 'NG', 'Z'], dtype=object), 'phones-accuracy': array([2. , 2. , 2. , 1.6]), 'stress': 10, 'text': 'THINGS', 'total': 10, 'mispronunciations': array([], dtype=object)}]",2244,f,20,train,022440039,-60.698799669742584
022440039,320,ER0,1.3899999856948853,1.6399999856948853,-46.87892150878906,better,2.0,9,10.0,9,8,8,"[{'accuracy': 10, 'phones': array(['HH', 'IY0'], dtype=object), 'phones-accuracy': array([2., 2.]), 'stress': 10, 'text': 'HE', 'total': 10, 'mispronunciations': array([], dtype=object)}
 {'accuracy': 10, 'phones': array(['N', 'OW0', 'Z'], dtype=object), 'phones-accuracy': array([2. , 2. , 1.8]), 'stress': 10, 'text': 'KNOWS', 'total': 10, 'mispronunciations': array([], dtype=object)}
 {'accuracy': 10, 'phones': array(['B', 'EH1', 'T', 'ER0'], dtype=object), 'phones-accuracy': array([2., 2., 2., 2.]), 'stress': 10, 'text': 'BETTER', 'total': 10, 'mispronunciations': array([], dtype=object)}
 {'accuracy': 10, 'phones': array(['DH', 'AE0', 'N'], dtype=object), 'phones-accuracy': array([2., 2., 2.]), 'stress': 10, 'text': 'THAN', 'total': 10, 'mispronunciations': array([], dtype=object)}
 {'accuracy': 10, 'phones': array(['T', 'UW0'], dtype=object), 'phones-accuracy': array([2. , 1.8]), 'stress': 10, 'text': 'TO', 'total': 10, 'mispronunciations': array([], dtype=object)}
 {'accuracy': 10, 'phones': array(['T', 'EH0', 'L'], dtype=object), 'phones-accuracy': array([2., 2., 2.]), 'stress': 10, 'text': 'TELL', 'total': 10, 'mispronunciations': array([], dtype=object)}
 {'accuracy': 10, 'phones': array(['M', 'IY0'], dtype=object), 'phones-accuracy': array([2., 2.]), 'stress': 10, 'text': 'ME', 'total': 10, 'mispronunciations': array([], dtype=object)}
 {'accuracy': 10, 'phones': array(['AH0', 'B', 'AW1', 'T'], dtype=object), 'phones-accuracy': array([2., 2., 2., 2.]), 'stress': 10, 'text': 'ABOUT', 'total': 10, 'mispronunciations': array([], dtype=object)}
 {'accuracy': 10, 'phones': array(['DH', 'OW0', 'Z'], dtype=object), 'phones-accuracy': array([2. , 2. , 1.8]), 'stress': 10, 'text': 'THOSE', 'total': 10, 'mispronunciations': array([], dtype=object)}
 {'accuracy': 10, 'phones': array(['TH', 'IH0', 'NG', 'Z'], dtype=object), 'phones-accuracy': array([2. , 2. , 2. , 1.6]), 'stress': 10, 'text': 'THINGS', 'total': 10, 'mispronunciations': array([], dtype=object)}]",2244,f,20,train,022440039,-46.59340092539787
022440039,321,sil,1.6399999856948853,1.6799999475479126,-63.119049072265625,<eps>,,9,10.0,9,8,8,"[{'accuracy': 10, 'phones': array(['HH', 'IY0'], dtype=object), 'phones-accuracy': array([2., 2.]), 'stress': 10, 'text': 'HE', 'total': 10, 'mispronunciations': array([], dtype=object)}
 {'accuracy': 10, 'phones': array(['N', 'OW0', 'Z'], dtype=object), 'phones-accuracy': array([2. , 2. , 1.8]), 'stress': 10, 'text': 'KNOWS', 'total': 10, 'mispronunciations': array([], dtype=object)}
 {'accuracy': 10, 'phones': array(['B', 'EH1', 'T', 'ER0'], dtype=object), 'phones-accuracy': array([2., 2., 2., 2.]), 'stress': 10, 'text': 'BETTER', 'total': 10, 'mispronunciations': array([], dtype=object)}
 {'accuracy': 10, 'phones': array(['DH', 'AE0', 'N'], dtype=object), 'phones-accuracy': array([2., 2., 2.]), 'stress': 10, 'text': 'THAN', 'total': 10, 'mispronunciations': array([], dtype=object)}
 {'accuracy': 10, 'phones': array(['T', 'UW0'], dtype=object), 'phones-accuracy': array([2. , 1.8]), 'stress': 10, 'text': 'TO', 'total': 10, 'mispronunciations': array([], dtype=object)}
 {'accuracy': 10, 'phones': array(['T', 'EH0', 'L'], dtype=object), 'phones-accuracy': array([2., 2., 2.]), 'stress': 10, 'text': 'TELL', 'total': 10, 'mispronunciations': array([], dtype=object)}
 {'accuracy': 10, 'phones': array(['M', 'IY0'], dtype=object), 'phones-accuracy': array([2., 2.]), 'stress': 10, 'text': 'ME', 'total': 10, 'mispronunciations': array([], dtype=object)}
 {'accuracy': 10, 'phones': array(['AH0', 'B', 'AW1', 'T'], dtype=object), 'phones-accuracy': array([2., 2., 2., 2.]), 'stress': 10, 'text': 'ABOUT', 'total': 10, 'mispronunciations': array([], dtype=object)}
 {'accuracy': 10, 'phones': array(['DH', 'OW0', 'Z'], dtype=object), 'phones-accuracy': array([2. , 2. , 1.8]), 'stress': 10, 'text': 'THOSE', 'total': 10, 'mispronunciations': array([], dtype=object)}
 {'accuracy': 10, 'phones': array(['TH', 'IH0', 'NG', 'Z'], dtype=object), 'phones-accuracy': array([2. , 2. , 2. , 1.6]), 'stress': 10, 'text': 'THINGS', 'total': 10, 'mispronunciations': array([], dtype=object)}]",2244,f,20,train,022440039,-62.98821711540222
022440039,322,DH,1.6799999475479126,1.7200000286102295,-62.28581237792969,than,2.0,9,10.0,9,8,8,"[{'accuracy': 10, 'phones': array(['HH', 'IY0'], dtype=object), 'phones-accuracy': array([2., 2.]), 'stress': 10, 'text': 'HE', 'total': 10, 'mispronunciations': array([], dtype=object)}
 {'accuracy': 10, 'phones': array(['N', 'OW0', 'Z'], dtype=object), 'phones-accuracy': array([2. , 2. , 1.8]), 'stress': 10, 'text': 'KNOWS', 'total': 10, 'mispronunciations': array([], dtype=object)}
 {'accuracy': 10, 'phones': array(['B', 'EH1', 'T', 'ER0'], dtype=object), 'phones-accuracy': array([2., 2., 2., 2.]), 'stress': 10, 'text': 'BETTER', 'total': 10, 'mispronunciations': array([], dtype=object)}
 {'accuracy': 10, 'phones': array(['DH', 'AE0', 'N'], dtype=object), 'phones-accuracy': array([2., 2., 2.]), 'stress': 10, 'text': 'THAN', 'total': 10, 'mispronunciations': array([], dtype=object)}
 {'accuracy': 10, 'phones': array(['T', 'UW0'], dtype=object), 'phones-accuracy': array([2. , 1.8]), 'stress': 10, 'text': 'TO', 'total': 10, 'mispronunciations': array([], dtype=object)}
 {'accuracy': 10, 'phones': array(['T', 'EH0', 'L'], dtype=object), 'phones-accuracy': array([2., 2., 2.]), 'stress': 10, 'text': 'TELL', 'total': 10, 'mispronunciations': array([], dtype=object)}
 {'accuracy': 10, 'phones': array(['M', 'IY0'], dtype=object), 'phones-accuracy': array([2., 2.]), 'stress': 10, 'text': 'ME', 'total': 10, 'mispronunciations': array([], dtype=object)}
 {'accuracy': 10, 'phones': array(['AH0', 'B', 'AW1', 'T'], dtype=object), 'phones-accuracy': array([2., 2., 2., 2.]), 'stress': 10, 'text': 'ABOUT', 'total': 10, 'mispronunciations': array([], dtype=object)}
 {'accuracy': 10, 'phones': array(['DH', 'OW0', 'Z'], dtype=object), 'phones-accuracy': array([2. , 2. , 1.8]), 'stress': 10, 'text': 'THOSE', 'total': 10, 'mispronunciations': array([], dtype=object)}
 {'accuracy': 10, 'phones': array(['TH', 'IH0', 'NG', 'Z'], dtype=object), 'phones-accuracy': array([2. , 2. , 2. , 1.6]), 'stress': 10, 'text': 'THINGS', 'total': 10, 'mispronunciations': array([], dtype=object)}]",2244,f,20,train,022440039,-62.147961392998695
022440039,323,AE1,1.7200000286102295,1.8200000524520876,-39.24933624267578,than,,9,10.0,9,8,8,"[{'accuracy': 10, 'phones': array(['HH', 'IY0'], dtype=object), 'phones-accuracy': array([2., 2.]), 'stress': 10, 'text': 'HE', 'total': 10, 'mispronunciations': array([], dtype=object)}
 {'accuracy': 10, 'phones': array(['N', 'OW0', 'Z'], dtype=object), 'phones-accuracy': array([2. , 2. , 1.8]), 'stress': 10, 'text': 'KNOWS', 'total': 10, 'mispronunciations': array([], dtype=object)}
 {'accuracy': 10, 'phones': array(['B', 'EH1', 'T', 'ER0'], dtype=object), 'phones-accuracy': array([2., 2., 2., 2.]), 'stress': 10, 'text': 'BETTER', 'total': 10, 'mispronunciations': array([], dtype=object)}
 {'accuracy': 10, 'phones': array(['DH', 'AE0', 'N'], dtype=object), 'phones-accuracy': array([2., 2., 2.]), 'stress': 10, 'text': 'THAN', 'total': 10, 'mispronunciations': array([], dtype=object)}
 {'accuracy': 10, 'phones': array(['T', 'UW0'], dtype=object), 'phones-accuracy': array([2. , 1.8]), 'stress': 10, 'text': 'TO', 'total': 10, 'mispronunciations': array([], dtype=object)}
 {'accuracy': 10, 'phones': array(['T', 'EH0', 'L'], dtype=object), 'phones-accuracy': array([2., 2., 2.]), 'stress': 10, 'text': 'TELL', 'total': 10, 'mispronunciations': array([], dtype=object)}
 {'accuracy': 10, 'phones': array(['M', 'IY0'], dtype=object), 'phones-accuracy': array([2., 2.]), 'stress': 10, 'text': 'ME', 'total': 10, 'mispronunciations': array([], dtype=object)}
 {'accuracy': 10, 'phones': array(['AH0', 'B', 'AW1', 'T'], dtype=object), 'phones-accuracy': array([2., 2., 2., 2.]), 'stress': 10, 'text': 'ABOUT', 'total': 10, 'mispronunciations': array([], dtype=object)}
 {'accuracy': 10, 'phones': array(['DH', 'OW0', 'Z'], dtype=object), 'phones-accuracy': array([2. , 2. , 1.8]), 'stress': 10, 'text': 'THOSE', 'total': 10, 'mispronunciations': array([], dtype=object)}
 {'accuracy': 10, 'phones': array(['TH', 'IH0', 'NG', 'Z'], dtype=object), 'phones-accuracy': array([2. , 2. , 2. , 1.6]), 'stress': 10, 'text': 'THINGS', 'total': 10, 'mispronunciations': array([], dtype=object)}]",2244,f,20,train,022440039,-38.958669275045395
022440039,324,N,1.8200000524520876,1.9600000381469729,-45.47507095336914,than,2.0,9,10.0,9,8,8,"[{'accuracy': 10, 'phones': array(['HH', 'IY0'], dtype=object), 'phones-accuracy': array([2., 2.]), 'stress': 10, 'text': 'HE', 'total': 10, 'mispronunciations': array([], dtype=object)}
 {'accuracy': 10, 'phones': array(['N', 'OW0', 'Z'], dtype=object), 'phones-accuracy': array([2. , 2. , 1.8]), 'stress': 10, 'text': 'KNOWS', 'total': 10, 'mispronunciations': array([], dtype=object)}
 {'accuracy': 10, 'phones': array(['B', 'EH1', 'T', 'ER0'], dtype=object), 'phones-accuracy': array([2., 2., 2., 2.]), 'stress': 10, 'text': 'BETTER', 'total': 10, 'mispronunciations': array([], dtype=object)}
 {'accuracy': 10, 'phones': array(['DH', 'AE0', 'N'], dtype=object), 'phones-accuracy': array([2., 2., 2.]), 'stress': 10, 'text': 'THAN', 'total': 10, 'mispronunciations': array([], dtype=object)}
 {'accuracy': 10, 'phones': array(['T', 'UW0'], dtype=object), 'phones-accuracy': array([2. , 1.8]), 'stress': 10, 'text': 'TO', 'total': 10, 'mispronunciations': array([], dtype=object)}
 {'accuracy': 10, 'phones': array(['T', 'EH0', 'L'], dtype=object), 'phones-accuracy': array([2., 2., 2.]), 'stress': 10, 'text': 'TELL', 'total': 10, 'mispronunciations': array([], dtype=object)}
 {'accuracy': 10, 'phones': array(['M', 'IY0'], dtype=object), 'phones-accuracy': array([2., 2.]), 'stress': 10, 'text': 'ME', 'total': 10, 'mispronunciations': array([], dtype=object)}
 {'accuracy': 10, 'phones': array(['AH0', 'B', 'AW1', 'T'], dtype=object), 'phones-accuracy': array([2., 2., 2., 2.]), 'stress': 10, 'text': 'ABOUT', 'total': 10, 'mispronunciations': array([], dtype=object)}
 {'accuracy': 10, 'phones': array(['DH', 'OW0', 'Z'], dtype=object), 'phones-accuracy': array([2. , 2. , 1.8]), 'stress': 10, 'text': 'THOSE', 'total': 10, 'mispronunciations': array([], dtype=object)}
 {'accuracy': 10, 'phones': array(['TH', 'IH0', 'NG', 'Z'], dtype=object), 'phones-accuracy': array([2. , 2. , 2. , 1.6]), 'stress': 10, 'text': 'THINGS', 'total': 10, 'mispronunciations': array([], dtype=object)}]",2244,f,20,train,022440039,-45.27854506671429
022440039,325,T,1.9600000381469729,2.0799999237060547,-60.64072799682617,to,2.0,9,10.0,9,8,8,"[{'accuracy': 10, 'phones': array(['HH', 'IY0'], dtype=object), 'phones-accuracy': array([2., 2.]), 'stress': 10, 'text': 'HE', 'total': 10, 'mispronunciations': array([], dtype=object)}
 {'accuracy': 10, 'phones': array(['N', 'OW0', 'Z'], dtype=object), 'phones-accuracy': array([2. , 2. , 1.8]), 'stress': 10, 'text': 'KNOWS', 'total': 10, 'mispronunciations': array([], dtype=object)}
 {'accuracy': 10, 'phones': array(['B', 'EH1', 'T', 'ER0'], dtype=object), 'phones-accuracy': array([2., 2., 2., 2.]), 'stress': 10, 'text': 'BETTER', 'total': 10, 'mispronunciations': array([], dtype=object)}
 {'accuracy': 10, 'phones': array(['DH', 'AE0', 'N'], dtype=object), 'phones-accuracy': array([2., 2., 2.]), 'stress': 10, 'text': 'THAN', 'total': 10, 'mispronunciations': array([], dtype=object)}
 {'accuracy': 10, 'phones': array(['T', 'UW0'], dtype=object), 'phones-accuracy': array([2. , 1.8]), 'stress': 10, 'text': 'TO', 'total': 10, 'mispronunciations': array([], dtype=object)}
 {'accuracy': 10, 'phones': array(['T', 'EH0', 'L'], dtype=object), 'phones-accuracy': array([2., 2., 2.]), 'stress': 10, 'text': 'TELL', 'total': 10, 'mispronunciations': array([], dtype=object)}
 {'accuracy': 10, 'phones': array(['M', 'IY0'], dtype=object), 'phones-accuracy': array([2., 2.]), 'stress': 10, 'text': 'ME', 'total': 10, 'mispronunciations': array([], dtype=object)}
 {'accuracy': 10, 'phones': array(['AH0', 'B', 'AW1', 'T'], dtype=object), 'phones-accuracy': array([2., 2., 2., 2.]), 'stress': 10, 'text': 'ABOUT', 'total': 10, 'mispronunciations': array([], dtype=object)}
 {'accuracy': 10, 'phones': array(['DH', 'OW0', 'Z'], dtype=object), 'phones-accuracy': array([2. , 2. , 1.8]), 'stress': 10, 'text': 'THOSE', 'total': 10, 'mispronunciations': array([], dtype=object)}
 {'accuracy': 10, 'phones': array(['TH', 'IH0', 'NG', 'Z'], dtype=object), 'phones-accuracy': array([2. , 2. , 2. , 1.6]), 'stress': 10, 'text': 'THINGS', 'total': 10, 'mispronunciations': array([], dtype=object)}]",2244,f,20,train,022440039,-60.18915590643883
022440039,326,IH0,2.0799999237060547,2.2699999809265137,-49.9083366394043,to,2.0,9,10.0,9,8,8,"[{'accuracy': 10, 'phones': array(['HH', 'IY0'], dtype=object), 'phones-accuracy': array([2., 2.]), 'stress': 10, 'text': 'HE', 'total': 10, 'mispronunciations': array([], dtype=object)}
 {'accuracy': 10, 'phones': array(['N', 'OW0', 'Z'], dtype=object), 'phones-accuracy': array([2. , 2. , 1.8]), 'stress': 10, 'text': 'KNOWS', 'total': 10, 'mispronunciations': array([], dtype=object)}
 {'accuracy': 10, 'phones': array(['B', 'EH1', 'T', 'ER0'], dtype=object), 'phones-accuracy': array([2., 2., 2., 2.]), 'stress': 10, 'text': 'BETTER', 'total': 10, 'mispronunciations': array([], dtype=object)}
 {'accuracy': 10, 'phones': array(['DH', 'AE0', 'N'], dtype=object), 'phones-accuracy': array([2., 2., 2.]), 'stress': 10, 'text': 'THAN', 'total': 10, 'mispronunciations': array([], dtype=object)}
 {'accuracy': 10, 'phones': array(['T', 'UW0'], dtype=object), 'phones-accuracy': array([2. , 1.8]), 'stress': 10, 'text': 'TO', 'total': 10, 'mispronunciations': array([], dtype=object)}
 {'accuracy': 10, 'phones': array(['T', 'EH0', 'L'], dtype=object), 'phones-accuracy': array([2., 2., 2.]), 'stress': 10, 'text': 'TELL', 'total': 10, 'mispronunciations': array([], dtype=object)}
 {'accuracy': 10, 'phones': array(['M', 'IY0'], dtype=object), 'phones-accuracy': array([2., 2.]), 'stress': 10, 'text': 'ME', 'total': 10, 'mispronunciations': array([], dtype=object)}
 {'accuracy': 10, 'phones': array(['AH0', 'B', 'AW1', 'T'], dtype=object), 'phones-accuracy': array([2., 2., 2., 2.]), 'stress': 10, 'text': 'ABOUT', 'total': 10, 'mispronunciations': array([], dtype=object)}
 {'accuracy': 10, 'phones': array(['DH', 'OW0', 'Z'], dtype=object), 'phones-accuracy': array([2. , 2. , 1.8]), 'stress': 10, 'text': 'THOSE', 'total': 10, 'mispronunciations': array([], dtype=object)}
 {'accuracy': 10, 'phones': array(['TH', 'IH0', 'NG', 'Z'], dtype=object), 'phones-accuracy': array([2. , 2. , 2. , 1.6]), 'stress': 10, 'text': 'THINGS', 'total': 10, 'mispronunciations': array([], dtype=object)}]",2244,f,20,train,022440039,-49.71632377803326
022440039,327,T,2.2699999809265137,2.369999885559082,-67.57460021972656,tell,2.0,9,10.0,9,8,8,"[{'accuracy': 10, 'phones': array(['HH', 'IY0'], dtype=object), 'phones-accuracy': array([2., 2.]), 'stress': 10, 'text': 'HE', 'total': 10, 'mispronunciations': array([], dtype=object)}
 {'accuracy': 10, 'phones': array(['N', 'OW0', 'Z'], dtype=object), 'phones-accuracy': array([2. , 2. , 1.8]), 'stress': 10, 'text': 'KNOWS', 'total': 10, 'mispronunciations': array([], dtype=object)}
 {'accuracy': 10, 'phones': array(['B', 'EH1', 'T', 'ER0'], dtype=object), 'phones-accuracy': array([2., 2., 2., 2.]), 'stress': 10, 'text': 'BETTER', 'total': 10, 'mispronunciations': array([], dtype=object)}
 {'accuracy': 10, 'phones': array(['DH', 'AE0', 'N'], dtype=object), 'phones-accuracy': array([2., 2., 2.]), 'stress': 10, 'text': 'THAN', 'total': 10, 'mispronunciations': array([], dtype=object)}
 {'accuracy': 10, 'phones': array(['T', 'UW0'], dtype=object), 'phones-accuracy': array([2. , 1.8]), 'stress': 10, 'text': 'TO', 'total': 10, 'mispronunciations': array([], dtype=object)}
 {'accuracy': 10, 'phones': array(['T', 'EH0', 'L'], dtype=object), 'phones-accuracy': array([2., 2., 2.]), 'stress': 10, 'text': 'TELL', 'total': 10, 'mispronunciations': array([], dtype=object)}
 {'accuracy': 10, 'phones': array(['M', 'IY0'], dtype=object), 'phones-accuracy': array([2., 2.]), 'stress': 10, 'text': 'ME', 'total': 10, 'mispronunciations': array([], dtype=object)}
 {'accuracy': 10, 'phones': array(['AH0', 'B', 'AW1', 'T'], dtype=object), 'phones-accuracy': array([2., 2., 2., 2.]), 'stress': 10, 'text': 'ABOUT', 'total': 10, 'mispronunciations': array([], dtype=object)}
 {'accuracy': 10, 'phones': array(['DH', 'OW0', 'Z'], dtype=object), 'phones-accuracy': array([2. , 2. , 1.8]), 'stress': 10, 'text': 'THOSE', 'total': 10, 'mispronunciations': array([], dtype=object)}
 {'accuracy': 10, 'phones': array(['TH', 'IH0', 'NG', 'Z'], dtype=object), 'phones-accuracy': array([2. , 2. , 2. , 1.6]), 'stress': 10, 'text': 'THINGS', 'total': 10, 'mispronunciations': array([], dtype=object)}]",2244,f,20,train,022440039,-67.3851577937603
022440039,328,EH1,2.369999885559082,2.4800000190734863,-45.9620246887207,tell,2.0,9,10.0,9,8,8,"[{'accuracy': 10, 'phones': array(['HH', 'IY0'], dtype=object), 'phones-accuracy': array([2., 2.]), 'stress': 10, 'text': 'HE', 'total': 10, 'mispronunciations': array([], dtype=object)}
 {'accuracy': 10, 'phones': array(['N', 'OW0', 'Z'], dtype=object), 'phones-accuracy': array([2. , 2. , 1.8]), 'stress': 10, 'text': 'KNOWS', 'total': 10, 'mispronunciations': array([], dtype=object)}
 {'accuracy': 10, 'phones': array(['B', 'EH1', 'T', 'ER0'], dtype=object), 'phones-accuracy': array([2., 2., 2., 2.]), 'stress': 10, 'text': 'BETTER', 'total': 10, 'mispronunciations': array([], dtype=object)}
 {'accuracy': 10, 'phones': array(['DH', 'AE0', 'N'], dtype=object), 'phones-accuracy': array([2., 2., 2.]), 'stress': 10, 'text': 'THAN', 'total': 10, 'mispronunciations': array([], dtype=object)}
 {'accuracy': 10, 'phones': array(['T', 'UW0'], dtype=object), 'phones-accuracy': array([2. , 1.8]), 'stress': 10, 'text': 'TO', 'total': 10, 'mispronunciations': array([], dtype=object)}
 {'accuracy': 10, 'phones': array(['T', 'EH0', 'L'], dtype=object), 'phones-accuracy': array([2., 2., 2.]), 'stress': 10, 'text': 'TELL', 'total': 10, 'mispronunciations': array([], dtype=object)}
 {'accuracy': 10, 'phones': array(['M', 'IY0'], dtype=object), 'phones-accuracy': array([2., 2.]), 'stress': 10, 'text': 'ME', 'total': 10, 'mispronunciations': array([], dtype=object)}
 {'accuracy': 10, 'phones': array(['AH0', 'B', 'AW1', 'T'], dtype=object), 'phones-accuracy': array([2., 2., 2., 2.]), 'stress': 10, 'text': 'ABOUT', 'total': 10, 'mispronunciations': array([], dtype=object)}
 {'accuracy': 10, 'phones': array(['DH', 'OW0', 'Z'], dtype=object), 'phones-accuracy': array([2. , 2. , 1.8]), 'stress': 10, 'text': 'THOSE', 'total': 10, 'mispronunciations': array([], dtype=object)}
 {'accuracy': 10, 'phones': array(['TH', 'IH0', 'NG', 'Z'], dtype=object), 'phones-accuracy': array([2. , 2. , 2. , 1.6]), 'stress': 10, 'text': 'THINGS', 'total': 10, 'mispronunciations': array([], dtype=object)}]",2244,f,20,train,022440039,-45.55842489004135
022440039,329,L,2.4800000190734863,2.5299999713897705,-40.48649978637695,tell,2.0,9,10.0,9,8,8,"[{'accuracy': 10, 'phones': array(['HH', 'IY0'], dtype=object), 'phones-accuracy': array([2., 2.]), 'stress': 10, 'text': 'HE', 'total': 10, 'mispronunciations': array([], dtype=object)}
 {'accuracy': 10, 'phones': array(['N', 'OW0', 'Z'], dtype=object), 'phones-accuracy': array([2. , 2. , 1.8]), 'stress': 10, 'text': 'KNOWS', 'total': 10, 'mispronunciations': array([], dtype=object)}
 {'accuracy': 10, 'phones': array(['B', 'EH1', 'T', 'ER0'], dtype=object), 'phones-accuracy': array([2., 2., 2., 2.]), 'stress': 10, 'text': 'BETTER', 'total': 10, 'mispronunciations': array([], dtype=object)}
 {'accuracy': 10, 'phones': array(['DH', 'AE0', 'N'], dtype=object), 'phones-accuracy': array([2., 2., 2.]), 'stress': 10, 'text': 'THAN', 'total': 10, 'mispronunciations': array([], dtype=object)}
 {'accuracy': 10, 'phones': array(['T', 'UW0'], dtype=object), 'phones-accuracy': array([2. , 1.8]), 'stress': 10, 'text': 'TO', 'total': 10, 'mispronunciations': array([], dtype=object)}
 {'accuracy': 10, 'phones': array(['T', 'EH0', 'L'], dtype=object), 'phones-accuracy': array([2., 2., 2.]), 'stress': 10, 'text': 'TELL', 'total': 10, 'mispronunciations': array([], dtype=object)}
 {'accuracy': 10, 'phones': array(['M', 'IY0'], dtype=object), 'phones-accuracy': array([2., 2.]), 'stress': 10, 'text': 'ME', 'total': 10, 'mispronunciations': array([], dtype=object)}
 {'accuracy': 10, 'phones': array(['AH0', 'B', 'AW1', 'T'], dtype=object), 'phones-accuracy': array([2., 2., 2., 2.]), 'stress': 10, 'text': 'ABOUT', 'total': 10, 'mispronunciations': array([], dtype=object)}
 {'accuracy': 10, 'phones': array(['DH', 'OW0', 'Z'], dtype=object), 'phones-accuracy': array([2. , 2. , 1.8]), 'stress': 10, 'text': 'THOSE', 'total': 10, 'mispronunciations': array([], dtype=object)}
 {'accuracy': 10, 'phones': array(['TH', 'IH0', 'NG', 'Z'], dtype=object), 'phones-accuracy': array([2. , 2. , 2. , 1.6]), 'stress': 10, 'text': 'THINGS', 'total': 10, 'mispronunciations': array([], dtype=object)}]",2244,f,20,train,022440039,-40.27461764216423
022440039,330,M,2.5299999713897705,2.640000104904175,-40.73315048217773,me,2.0,9,10.0,9,8,8,"[{'accuracy': 10, 'phones': array(['HH', 'IY0'], dtype=object), 'phones-accuracy': array([2., 2.]), 'stress': 10, 'text': 'HE', 'total': 10, 'mispronunciations': array([], dtype=object)}
 {'accuracy': 10, 'phones': array(['N', 'OW0', 'Z'], dtype=object), 'phones-accuracy': array([2. , 2. , 1.8]), 'stress': 10, 'text': 'KNOWS', 'total': 10, 'mispronunciations': array([], dtype=object)}
 {'accuracy': 10, 'phones': array(['B', 'EH1', 'T', 'ER0'], dtype=object), 'phones-accuracy': array([2., 2., 2., 2.]), 'stress': 10, 'text': 'BETTER', 'total': 10, 'mispronunciations': array([], dtype=object)}
 {'accuracy': 10, 'phones': array(['DH', 'AE0', 'N'], dtype=object), 'phones-accuracy': array([2., 2., 2.]), 'stress': 10, 'text': 'THAN', 'total': 10, 'mispronunciations': array([], dtype=object)}
 {'accuracy': 10, 'phones': array(['T', 'UW0'], dtype=object), 'phones-accuracy': array([2. , 1.8]), 'stress': 10, 'text': 'TO', 'total': 10, 'mispronunciations': array([], dtype=object)}
 {'accuracy': 10, 'phones': array(['T', 'EH0', 'L'], dtype=object), 'phones-accuracy': array([2., 2., 2.]), 'stress': 10, 'text': 'TELL', 'total': 10, 'mispronunciations': array([], dtype=object)}
 {'accuracy': 10, 'phones': array(['M', 'IY0'], dtype=object), 'phones-accuracy': array([2., 2.]), 'stress': 10, 'text': 'ME', 'total': 10, 'mispronunciations': array([], dtype=object)}
 {'accuracy': 10, 'phones': array(['AH0', 'B', 'AW1', 'T'], dtype=object), 'phones-accuracy': array([2., 2., 2., 2.]), 'stress': 10, 'text': 'ABOUT', 'total': 10, 'mispronunciations': array([], dtype=object)}
 {'accuracy': 10, 'phones': array(['DH', 'OW0', 'Z'], dtype=object), 'phones-accuracy': array([2. , 2. , 1.8]), 'stress': 10, 'text': 'THOSE', 'total': 10, 'mispronunciations': array([], dtype=object)}
 {'accuracy': 10, 'phones': array(['TH', 'IH0', 'NG', 'Z'], dtype=object), 'phones-accuracy': array([2. , 2. , 2. , 1.6]), 'stress': 10, 'text': 'THINGS', 'total': 10, 'mispronunciations': array([], dtype=object)}]",2244,f,20,train,022440039,-40.51421120762824
022440039,331,IY1,2.640000104904175,2.75,-51.517845153808594,me,,9,10.0,9,8,8,"[{'accuracy': 10, 'phones': array(['HH', 'IY0'], dtype=object), 'phones-accuracy': array([2., 2.]), 'stress': 10, 'text': 'HE', 'total': 10, 'mispronunciations': array([], dtype=object)}
 {'accuracy': 10, 'phones': array(['N', 'OW0', 'Z'], dtype=object), 'phones-accuracy': array([2. , 2. , 1.8]), 'stress': 10, 'text': 'KNOWS', 'total': 10, 'mispronunciations': array([], dtype=object)}
 {'accuracy': 10, 'phones': array(['B', 'EH1', 'T', 'ER0'], dtype=object), 'phones-accuracy': array([2., 2., 2., 2.]), 'stress': 10, 'text': 'BETTER', 'total': 10, 'mispronunciations': array([], dtype=object)}
 {'accuracy': 10, 'phones': array(['DH', 'AE0', 'N'], dtype=object), 'phones-accuracy': array([2., 2., 2.]), 'stress': 10, 'text': 'THAN', 'total': 10, 'mispronunciations': array([], dtype=object)}
 {'accuracy': 10, 'phones': array(['T', 'UW0'], dtype=object), 'phones-accuracy': array([2. , 1.8]), 'stress': 10, 'text': 'TO', 'total': 10, 'mispronunciations': array([], dtype=object)}
 {'accuracy': 10, 'phones': array(['T', 'EH0', 'L'], dtype=object), 'phones-accuracy': array([2., 2., 2.]), 'stress': 10, 'text': 'TELL', 'total': 10, 'mispronunciations': array([], dtype=object)}
 {'accuracy': 10, 'phones': array(['M', 'IY0'], dtype=object), 'phones-accuracy': array([2., 2.]), 'stress': 10, 'text': 'ME', 'total': 10, 'mispronunciations': array([], dtype=object)}
 {'accuracy': 10, 'phones': array(['AH0', 'B', 'AW1', 'T'], dtype=object), 'phones-accuracy': array([2., 2., 2., 2.]), 'stress': 10, 'text': 'ABOUT', 'total': 10, 'mispronunciations': array([], dtype=object)}
 {'accuracy': 10, 'phones': array(['DH', 'OW0', 'Z'], dtype=object), 'phones-accuracy': array([2. , 2. , 1.8]), 'stress': 10, 'text': 'THOSE', 'total': 10, 'mispronunciations': array([], dtype=object)}
 {'accuracy': 10, 'phones': array(['TH', 'IH0', 'NG', 'Z'], dtype=object), 'phones-accuracy': array([2. , 2. , 2. , 1.6]), 'stress': 10, 'text': 'THINGS', 'total': 10, 'mispronunciations': array([], dtype=object)}]",2244,f,20,train,022440039,-51.32297787070274
022440039,332,AH0,2.75,2.819999933242798,-67.56132507324219,about,2.0,9,10.0,9,8,8,"[{'accuracy': 10, 'phones': array(['HH', 'IY0'], dtype=object), 'phones-accuracy': array([2., 2.]), 'stress': 10, 'text': 'HE', 'total': 10, 'mispronunciations': array([], dtype=object)}
 {'accuracy': 10, 'phones': array(['N', 'OW0', 'Z'], dtype=object), 'phones-accuracy': array([2. , 2. , 1.8]), 'stress': 10, 'text': 'KNOWS', 'total': 10, 'mispronunciations': array([], dtype=object)}
 {'accuracy': 10, 'phones': array(['B', 'EH1', 'T', 'ER0'], dtype=object), 'phones-accuracy': array([2., 2., 2., 2.]), 'stress': 10, 'text': 'BETTER', 'total': 10, 'mispronunciations': array([], dtype=object)}
 {'accuracy': 10, 'phones': array(['DH', 'AE0', 'N'], dtype=object), 'phones-accuracy': array([2., 2., 2.]), 'stress': 10, 'text': 'THAN', 'total': 10, 'mispronunciations': array([], dtype=object)}
 {'accuracy': 10, 'phones': array(['T', 'UW0'], dtype=object), 'phones-accuracy': array([2. , 1.8]), 'stress': 10, 'text': 'TO', 'total': 10, 'mispronunciations': array([], dtype=object)}
 {'accuracy': 10, 'phones': array(['T', 'EH0', 'L'], dtype=object), 'phones-accuracy': array([2., 2., 2.]), 'stress': 10, 'text': 'TELL', 'total': 10, 'mispronunciations': array([], dtype=object)}
 {'accuracy': 10, 'phones': array(['M', 'IY0'], dtype=object), 'phones-accuracy': array([2., 2.]), 'stress': 10, 'text': 'ME', 'total': 10, 'mispronunciations': array([], dtype=object)}
 {'accuracy': 10, 'phones': array(['AH0', 'B', 'AW1', 'T'], dtype=object), 'phones-accuracy': array([2., 2., 2., 2.]), 'stress': 10, 'text': 'ABOUT', 'total': 10, 'mispronunciations': array([], dtype=object)}
 {'accuracy': 10, 'phones': array(['DH', 'OW0', 'Z'], dtype=object), 'phones-accuracy': array([2. , 2. , 1.8]), 'stress': 10, 'text': 'THOSE', 'total': 10, 'mispronunciations': array([], dtype=object)}
 {'accuracy': 10, 'phones': array(['TH', 'IH0', 'NG', 'Z'], dtype=object), 'phones-accuracy': array([2. , 2. , 2. , 1.6]), 'stress': 10, 'text': 'THINGS', 'total': 10, 'mispronunciations': array([], dtype=object)}]",2244,f,20,train,022440039,-67.33078379929066
022440039,333,B,2.819999933242798,2.9200000762939453,-54.322845458984375,about,2.0,9,10.0,9,8,8,"[{'accuracy': 10, 'phones': array(['HH', 'IY0'], dtype=object), 'phones-accuracy': array([2., 2.]), 'stress': 10, 'text': 'HE', 'total': 10, 'mispronunciations': array([], dtype=object)}
 {'accuracy': 10, 'phones': array(['N', 'OW0', 'Z'], dtype=object), 'phones-accuracy': array([2. , 2. , 1.8]), 'stress': 10, 'text': 'KNOWS', 'total': 10, 'mispronunciations': array([], dtype=object)}
 {'accuracy': 10, 'phones': array(['B', 'EH1', 'T', 'ER0'], dtype=object), 'phones-accuracy': array([2., 2., 2., 2.]), 'stress': 10, 'text': 'BETTER', 'total': 10, 'mispronunciations': array([], dtype=object)}
 {'accuracy': 10, 'phones': array(['DH', 'AE0', 'N'], dtype=object), 'phones-accuracy': array([2., 2., 2.]), 'stress': 10, 'text': 'THAN', 'total': 10, 'mispronunciations': array([], dtype=object)}
 {'accuracy': 10, 'phones': array(['T', 'UW0'], dtype=object), 'phones-accuracy': array([2. , 1.8]), 'stress': 10, 'text': 'TO', 'total': 10, 'mispronunciations': array([], dtype=object)}
 {'accuracy': 10, 'phones': array(['T', 'EH0', 'L'], dtype=object), 'phones-accuracy': array([2., 2., 2.]), 'stress': 10, 'text': 'TELL', 'total': 10, 'mispronunciations': array([], dtype=object)}
 {'accuracy': 10, 'phones': array(['M', 'IY0'], dtype=object), 'phones-accuracy': array([2., 2.]), 'stress': 10, 'text': 'ME', 'total': 10, 'mispronunciations': array([], dtype=object)}
 {'accuracy': 10, 'phones': array(['AH0', 'B', 'AW1', 'T'], dtype=object), 'phones-accuracy': array([2., 2., 2., 2.]), 'stress': 10, 'text': 'ABOUT', 'total': 10, 'mispronunciations': array([], dtype=object)}
 {'accuracy': 10, 'phones': array(['DH', 'OW0', 'Z'], dtype=object), 'phones-accuracy': array([2. , 2. , 1.8]), 'stress': 10, 'text': 'THOSE', 'total': 10, 'mispronunciations': array([], dtype=object)}
 {'accuracy': 10, 'phones': array(['TH', 'IH0', 'NG', 'Z'], dtype=object), 'phones-accuracy': array([2. , 2. , 2. , 1.6]), 'stress': 10, 'text': 'THINGS', 'total': 10, 'mispronunciations': array([], dtype=object)}]",2244,f,20,train,022440039,-54.19797503948212
022440039,334,AW1,2.9200000762939453,3.0799999237060547,-42.12557220458984,about,2.0,9,10.0,9,8,8,"[{'accuracy': 10, 'phones': array(['HH', 'IY0'], dtype=object), 'phones-accuracy': array([2., 2.]), 'stress': 10, 'text': 'HE', 'total': 10, 'mispronunciations': array([], dtype=object)}
 {'accuracy': 10, 'phones': array(['N', 'OW0', 'Z'], dtype=object), 'phones-accuracy': array([2. , 2. , 1.8]), 'stress': 10, 'text': 'KNOWS', 'total': 10, 'mispronunciations': array([], dtype=object)}
 {'accuracy': 10, 'phones': array(['B', 'EH1', 'T', 'ER0'], dtype=object), 'phones-accuracy': array([2., 2., 2., 2.]), 'stress': 10, 'text': 'BETTER', 'total': 10, 'mispronunciations': array([], dtype=object)}
 {'accuracy': 10, 'phones': array(['DH', 'AE0', 'N'], dtype=object), 'phones-accuracy': array([2., 2., 2.]), 'stress': 10, 'text': 'THAN', 'total': 10, 'mispronunciations': array([], dtype=object)}
 {'accuracy': 10, 'phones': array(['T', 'UW0'], dtype=object), 'phones-accuracy': array([2. , 1.8]), 'stress': 10, 'text': 'TO', 'total': 10, 'mispronunciations': array([], dtype=object)}
 {'accuracy': 10, 'phones': array(['T', 'EH0', 'L'], dtype=object), 'phones-accuracy': array([2., 2., 2.]), 'stress': 10, 'text': 'TELL', 'total': 10, 'mispronunciations': array([], dtype=object)}
 {'accuracy': 10, 'phones': array(['M', 'IY0'], dtype=object), 'phones-accuracy': array([2., 2.]), 'stress': 10, 'text': 'ME', 'total': 10, 'mispronunciations': array([], dtype=object)}
 {'accuracy': 10, 'phones': array(['AH0', 'B', 'AW1', 'T'], dtype=object), 'phones-accuracy': array([2., 2., 2., 2.]), 'stress': 10, 'text': 'ABOUT', 'total': 10, 'mispronunciations': array([], dtype=object)}
 {'accuracy': 10, 'phones': array(['DH', 'OW0', 'Z'], dtype=object), 'phones-accuracy': array([2. , 2. , 1.8]), 'stress': 10, 'text': 'THOSE', 'total': 10, 'mispronunciations': array([], dtype=object)}
 {'accuracy': 10, 'phones': array(['TH', 'IH0', 'NG', 'Z'], dtype=object), 'phones-accuracy': array([2. , 2. , 2. , 1.6]), 'stress': 10, 'text': 'THINGS', 'total': 10, 'mispronunciations': array([], dtype=object)}]",2244,f,20,train,022440039,-41.81008785963058
022440039,335,T,3.0799999237060547,3.190000057220459,-65.95569610595703,about,2.0,9,10.0,9,8,8,"[{'accuracy': 10, 'phones': array(['HH', 'IY0'], dtype=object), 'phones-accuracy': array([2., 2.]), 'stress': 10, 'text': 'HE', 'total': 10, 'mispronunciations': array([], dtype=object)}
 {'accuracy': 10, 'phones': array(['N', 'OW0', 'Z'], dtype=object), 'phones-accuracy': array([2. , 2. , 1.8]), 'stress': 10, 'text': 'KNOWS', 'total': 10, 'mispronunciations': array([], dtype=object)}
 {'accuracy': 10, 'phones': array(['B', 'EH1', 'T', 'ER0'], dtype=object), 'phones-accuracy': array([2., 2., 2., 2.]), 'stress': 10, 'text': 'BETTER', 'total': 10, 'mispronunciations': array([], dtype=object)}
 {'accuracy': 10, 'phones': array(['DH', 'AE0', 'N'], dtype=object), 'phones-accuracy': array([2., 2., 2.]), 'stress': 10, 'text': 'THAN', 'total': 10, 'mispronunciations': array([], dtype=object)}
 {'accuracy': 10, 'phones': array(['T', 'UW0'], dtype=object), 'phones-accuracy': array([2. , 1.8]), 'stress': 10, 'text': 'TO', 'total': 10, 'mispronunciations': array([], dtype=object)}
 {'accuracy': 10, 'phones': array(['T', 'EH0', 'L'], dtype=object), 'phones-accuracy': array([2., 2., 2.]), 'stress': 10, 'text': 'TELL', 'total': 10, 'mispronunciations': array([], dtype=object)}
 {'accuracy': 10, 'phones': array(['M', 'IY0'], dtype=object), 'phones-accuracy': array([2., 2.]), 'stress': 10, 'text': 'ME', 'total': 10, 'mispronunciations': array([], dtype=object)}
 {'accuracy': 10, 'phones': array(['AH0', 'B', 'AW1', 'T'], dtype=object), 'phones-accuracy': array([2., 2., 2., 2.]), 'stress': 10, 'text': 'ABOUT', 'total': 10, 'mispronunciations': array([], dtype=object)}
 {'accuracy': 10, 'phones': array(['DH', 'OW0', 'Z'], dtype=object), 'phones-accuracy': array([2. , 2. , 1.8]), 'stress': 10, 'text': 'THOSE', 'total': 10, 'mispronunciations': array([], dtype=object)}
 {'accuracy': 10, 'phones': array(['TH', 'IH0', 'NG', 'Z'], dtype=object), 'phones-accuracy': array([2. , 2. , 2. , 1.6]), 'stress': 10, 'text': 'THINGS', 'total': 10, 'mispronunciations': array([], dtype=object)}]",2244,f,20,train,022440039,-65.76041252911091
022440039,336,DH,3.190000057220459,3.2300000190734863,-63.17877960205078,those,2.0,9,10.0,9,8,8,"[{'accuracy': 10, 'phones': array(['HH', 'IY0'], dtype=object), 'phones-accuracy': array([2., 2.]), 'stress': 10, 'text': 'HE', 'total': 10, 'mispronunciations': array([], dtype=object)}
 {'accuracy': 10, 'phones': array(['N', 'OW0', 'Z'], dtype=object), 'phones-accuracy': array([2. , 2. , 1.8]), 'stress': 10, 'text': 'KNOWS', 'total': 10, 'mispronunciations': array([], dtype=object)}
 {'accuracy': 10, 'phones': array(['B', 'EH1', 'T', 'ER0'], dtype=object), 'phones-accuracy': array([2., 2., 2., 2.]), 'stress': 10, 'text': 'BETTER', 'total': 10, 'mispronunciations': array([], dtype=object)}
 {'accuracy': 10, 'phones': array(['DH', 'AE0', 'N'], dtype=object), 'phones-accuracy': array([2., 2., 2.]), 'stress': 10, 'text': 'THAN', 'total': 10, 'mispronunciations': array([], dtype=object)}
 {'accuracy': 10, 'phones': array(['T', 'UW0'], dtype=object), 'phones-accuracy': array([2. , 1.8]), 'stress': 10, 'text': 'TO', 'total': 10, 'mispronunciations': array([], dtype=object)}
 {'accuracy': 10, 'phones': array(['T', 'EH0', 'L'], dtype=object), 'phones-accuracy': array([2., 2., 2.]), 'stress': 10, 'text': 'TELL', 'total': 10, 'mispronunciations': array([], dtype=object)}
 {'accuracy': 10, 'phones': array(['M', 'IY0'], dtype=object), 'phones-accuracy': array([2., 2.]), 'stress': 10, 'text': 'ME', 'total': 10, 'mispronunciations': array([], dtype=object)}
 {'accuracy': 10, 'phones': array(['AH0', 'B', 'AW1', 'T'], dtype=object), 'phones-accuracy': array([2., 2., 2., 2.]), 'stress': 10, 'text': 'ABOUT', 'total': 10, 'mispronunciations': array([], dtype=object)}
 {'accuracy': 10, 'phones': array(['DH', 'OW0', 'Z'], dtype=object), 'phones-accuracy': array([2. , 2. , 1.8]), 'stress': 10, 'text': 'THOSE', 'total': 10, 'mispronunciations': array([], dtype=object)}
 {'accuracy': 10, 'phones': array(['TH', 'IH0', 'NG', 'Z'], dtype=object), 'phones-accuracy': array([2. , 2. , 2. , 1.6]), 'stress': 10, 'text': 'THINGS', 'total': 10, 'mispronunciations': array([], dtype=object)}]",2244,f,20,train,022440039,-62.93201193213463
022440039,337,OW1,3.2300000190734863,3.3299999237060547,-40.94278335571289,those,,9,10.0,9,8,8,"[{'accuracy': 10, 'phones': array(['HH', 'IY0'], dtype=object), 'phones-accuracy': array([2., 2.]), 'stress': 10, 'text': 'HE', 'total': 10, 'mispronunciations': array([], dtype=object)}
 {'accuracy': 10, 'phones': array(['N', 'OW0', 'Z'], dtype=object), 'phones-accuracy': array([2. , 2. , 1.8]), 'stress': 10, 'text': 'KNOWS', 'total': 10, 'mispronunciations': array([], dtype=object)}
 {'accuracy': 10, 'phones': array(['B', 'EH1', 'T', 'ER0'], dtype=object), 'phones-accuracy': array([2., 2., 2., 2.]), 'stress': 10, 'text': 'BETTER', 'total': 10, 'mispronunciations': array([], dtype=object)}
 {'accuracy': 10, 'phones': array(['DH', 'AE0', 'N'], dtype=object), 'phones-accuracy': array([2., 2., 2.]), 'stress': 10, 'text': 'THAN', 'total': 10, 'mispronunciations': array([], dtype=object)}
 {'accuracy': 10, 'phones': array(['T', 'UW0'], dtype=object), 'phones-accuracy': array([2. , 1.8]), 'stress': 10, 'text': 'TO', 'total': 10, 'mispronunciations': array([], dtype=object)}
 {'accuracy': 10, 'phones': array(['T', 'EH0', 'L'], dtype=object), 'phones-accuracy': array([2., 2., 2.]), 'stress': 10, 'text': 'TELL', 'total': 10, 'mispronunciations': array([], dtype=object)}
 {'accuracy': 10, 'phones': array(['M', 'IY0'], dtype=object), 'phones-accuracy': array([2., 2.]), 'stress': 10, 'text': 'ME', 'total': 10, 'mispronunciations': array([], dtype=object)}
 {'accuracy': 10, 'phones': array(['AH0', 'B', 'AW1', 'T'], dtype=object), 'phones-accuracy': array([2., 2., 2., 2.]), 'stress': 10, 'text': 'ABOUT', 'total': 10, 'mispronunciations': array([], dtype=object)}
 {'accuracy': 10, 'phones': array(['DH', 'OW0', 'Z'], dtype=object), 'phones-accuracy': array([2. , 2. , 1.8]), 'stress': 10, 'text': 'THOSE', 'total': 10, 'mispronunciations': array([], dtype=object)}
 {'accuracy': 10, 'phones': array(['TH', 'IH0', 'NG', 'Z'], dtype=object), 'phones-accuracy': array([2. , 2. , 2. , 1.6]), 'stress': 10, 'text': 'THINGS', 'total': 10, 'mispronunciations': array([], dtype=object)}]",2244,f,20,train,022440039,-40.54111844301224
022440039,338,Z,3.3299999237060547,3.430000066757202,-54.53815841674805,those,1.8,9,10.0,9,8,8,"[{'accuracy': 10, 'phones': array(['HH', 'IY0'], dtype=object), 'phones-accuracy': array([2., 2.]), 'stress': 10, 'text': 'HE', 'total': 10, 'mispronunciations': array([], dtype=object)}
 {'accuracy': 10, 'phones': array(['N', 'OW0', 'Z'], dtype=object), 'phones-accuracy': array([2. , 2. , 1.8]), 'stress': 10, 'text': 'KNOWS', 'total': 10, 'mispronunciations': array([], dtype=object)}
 {'accuracy': 10, 'phones': array(['B', 'EH1', 'T', 'ER0'], dtype=object), 'phones-accuracy': array([2., 2., 2., 2.]), 'stress': 10, 'text': 'BETTER', 'total': 10, 'mispronunciations': array([], dtype=object)}
 {'accuracy': 10, 'phones': array(['DH', 'AE0', 'N'], dtype=object), 'phones-accuracy': array([2., 2., 2.]), 'stress': 10, 'text': 'THAN', 'total': 10, 'mispronunciations': array([], dtype=object)}
 {'accuracy': 10, 'phones': array(['T', 'UW0'], dtype=object), 'phones-accuracy': array([2. , 1.8]), 'stress': 10, 'text': 'TO', 'total': 10, 'mispronunciations': array([], dtype=object)}
 {'accuracy': 10, 'phones': array(['T', 'EH0', 'L'], dtype=object), 'phones-accuracy': array([2., 2., 2.]), 'stress': 10, 'text': 'TELL', 'total': 10, 'mispronunciations': array([], dtype=object)}
 {'accuracy': 10, 'phones': array(['M', 'IY0'], dtype=object), 'phones-accuracy': array([2., 2.]), 'stress': 10, 'text': 'ME', 'total': 10, 'mispronunciations': array([], dtype=object)}
 {'accuracy': 10, 'phones': array(['AH0', 'B', 'AW1', 'T'], dtype=object), 'phones-accuracy': array([2., 2., 2., 2.]), 'stress': 10, 'text': 'ABOUT', 'total': 10, 'mispronunciations': array([], dtype=object)}
 {'accuracy': 10, 'phones': array(['DH', 'OW0', 'Z'], dtype=object), 'phones-accuracy': array([2. , 2. , 1.8]), 'stress': 10, 'text': 'THOSE', 'total': 10, 'mispronunciations': array([], dtype=object)}
 {'accuracy': 10, 'phones': array(['TH', 'IH0', 'NG', 'Z'], dtype=object), 'phones-accuracy': array([2. , 2. , 2. , 1.6]), 'stress': 10, 'text': 'THINGS', 'total': 10, 'mispronunciations': array([], dtype=object)}]",2244,f,20,train,022440039,-54.265965670347214
022440039,339,TH,3.430000066757202,3.5,-58.99567413330078,things,2.0,9,10.0,9,8,8,"[{'accuracy': 10, 'phones': array(['HH', 'IY0'], dtype=object), 'phones-accuracy': array([2., 2.]), 'stress': 10, 'text': 'HE', 'total': 10, 'mispronunciations': array([], dtype=object)}
 {'accuracy': 10, 'phones': array(['N', 'OW0', 'Z'], dtype=object), 'phones-accuracy': array([2. , 2. , 1.8]), 'stress': 10, 'text': 'KNOWS', 'total': 10, 'mispronunciations': array([], dtype=object)}
 {'accuracy': 10, 'phones': array(['B', 'EH1', 'T', 'ER0'], dtype=object), 'phones-accuracy': array([2., 2., 2., 2.]), 'stress': 10, 'text': 'BETTER', 'total': 10, 'mispronunciations': array([], dtype=object)}
 {'accuracy': 10, 'phones': array(['DH', 'AE0', 'N'], dtype=object), 'phones-accuracy': array([2., 2., 2.]), 'stress': 10, 'text': 'THAN', 'total': 10, 'mispronunciations': array([], dtype=object)}
 {'accuracy': 10, 'phones': array(['T', 'UW0'], dtype=object), 'phones-accuracy': array([2. , 1.8]), 'stress': 10, 'text': 'TO', 'total': 10, 'mispronunciations': array([], dtype=object)}
 {'accuracy': 10, 'phones': array(['T', 'EH0', 'L'], dtype=object), 'phones-accuracy': array([2., 2., 2.]), 'stress': 10, 'text': 'TELL', 'total': 10, 'mispronunciations': array([], dtype=object)}
 {'accuracy': 10, 'phones': array(['M', 'IY0'], dtype=object), 'phones-accuracy': array([2., 2.]), 'stress': 10, 'text': 'ME', 'total': 10, 'mispronunciations': array([], dtype=object)}
 {'accuracy': 10, 'phones': array(['AH0', 'B', 'AW1', 'T'], dtype=object), 'phones-accuracy': array([2., 2., 2., 2.]), 'stress': 10, 'text': 'ABOUT', 'total': 10, 'mispronunciations': array([], dtype=object)}
 {'accuracy': 10, 'phones': array(['DH', 'OW0', 'Z'], dtype=object), 'phones-accuracy': array([2. , 2. , 1.8]), 'stress': 10, 'text': 'THOSE', 'total': 10, 'mispronunciations': array([], dtype=object)}
 {'accuracy': 10, 'phones': array(['TH', 'IH0', 'NG', 'Z'], dtype=object), 'phones-accuracy': array([2. , 2. , 2. , 1.6]), 'stress': 10, 'text': 'THINGS', 'total': 10, 'mispronunciations': array([], dtype=object)}]",2244,f,20,train,022440039,-58.82989485561848
022440039,340,IH1,3.5,3.559999942779541,-46.26955032348633,things,,9,10.0,9,8,8,"[{'accuracy': 10, 'phones': array(['HH', 'IY0'], dtype=object), 'phones-accuracy': array([2., 2.]), 'stress': 10, 'text': 'HE', 'total': 10, 'mispronunciations': array([], dtype=object)}
 {'accuracy': 10, 'phones': array(['N', 'OW0', 'Z'], dtype=object), 'phones-accuracy': array([2. , 2. , 1.8]), 'stress': 10, 'text': 'KNOWS', 'total': 10, 'mispronunciations': array([], dtype=object)}
 {'accuracy': 10, 'phones': array(['B', 'EH1', 'T', 'ER0'], dtype=object), 'phones-accuracy': array([2., 2., 2., 2.]), 'stress': 10, 'text': 'BETTER', 'total': 10, 'mispronunciations': array([], dtype=object)}
 {'accuracy': 10, 'phones': array(['DH', 'AE0', 'N'], dtype=object), 'phones-accuracy': array([2., 2., 2.]), 'stress': 10, 'text': 'THAN', 'total': 10, 'mispronunciations': array([], dtype=object)}
 {'accuracy': 10, 'phones': array(['T', 'UW0'], dtype=object), 'phones-accuracy': array([2. , 1.8]), 'stress': 10, 'text': 'TO', 'total': 10, 'mispronunciations': array([], dtype=object)}
 {'accuracy': 10, 'phones': array(['T', 'EH0', 'L'], dtype=object), 'phones-accuracy': array([2., 2., 2.]), 'stress': 10, 'text': 'TELL', 'total': 10, 'mispronunciations': array([], dtype=object)}
 {'accuracy': 10, 'phones': array(['M', 'IY0'], dtype=object), 'phones-accuracy': array([2., 2.]), 'stress': 10, 'text': 'ME', 'total': 10, 'mispronunciations': array([], dtype=object)}
 {'accuracy': 10, 'phones': array(['AH0', 'B', 'AW1', 'T'], dtype=object), 'phones-accuracy': array([2., 2., 2., 2.]), 'stress': 10, 'text': 'ABOUT', 'total': 10, 'mispronunciations': array([], dtype=object)}
 {'accuracy': 10, 'phones': array(['DH', 'OW0', 'Z'], dtype=object), 'phones-accuracy': array([2. , 2. , 1.8]), 'stress': 10, 'text': 'THOSE', 'total': 10, 'mispronunciations': array([], dtype=object)}
 {'accuracy': 10, 'phones': array(['TH', 'IH0', 'NG', 'Z'], dtype=object), 'phones-accuracy': array([2. , 2. , 2. , 1.6]), 'stress': 10, 'text': 'THINGS', 'total': 10, 'mispronunciations': array([], dtype=object)}]",2244,f,20,train,022440039,-45.95093137025833
022440039,341,NG,3.559999942779541,3.690000057220459,-46.19994735717773,things,2.0,9,10.0,9,8,8,"[{'accuracy': 10, 'phones': array(['HH', 'IY0'], dtype=object), 'phones-accuracy': array([2., 2.]), 'stress': 10, 'text': 'HE', 'total': 10, 'mispronunciations': array([], dtype=object)}
 {'accuracy': 10, 'phones': array(['N', 'OW0', 'Z'], dtype=object), 'phones-accuracy': array([2. , 2. , 1.8]), 'stress': 10, 'text': 'KNOWS', 'total': 10, 'mispronunciations': array([], dtype=object)}
 {'accuracy': 10, 'phones': array(['B', 'EH1', 'T', 'ER0'], dtype=object), 'phones-accuracy': array([2., 2., 2., 2.]), 'stress': 10, 'text': 'BETTER', 'total': 10, 'mispronunciations': array([], dtype=object)}
 {'accuracy': 10, 'phones': array(['DH', 'AE0', 'N'], dtype=object), 'phones-accuracy': array([2., 2., 2.]), 'stress': 10, 'text': 'THAN', 'total': 10, 'mispronunciations': array([], dtype=object)}
 {'accuracy': 10, 'phones': array(['T', 'UW0'], dtype=object), 'phones-accuracy': array([2. , 1.8]), 'stress': 10, 'text': 'TO', 'total': 10, 'mispronunciations': array([], dtype=object)}
 {'accuracy': 10, 'phones': array(['T', 'EH0', 'L'], dtype=object), 'phones-accuracy': array([2., 2., 2.]), 'stress': 10, 'text': 'TELL', 'total': 10, 'mispronunciations': array([], dtype=object)}
 {'accuracy': 10, 'phones': array(['M', 'IY0'], dtype=object), 'phones-accuracy': array([2., 2.]), 'stress': 10, 'text': 'ME', 'total': 10, 'mispronunciations': array([], dtype=object)}
 {'accuracy': 10, 'phones': array(['AH0', 'B', 'AW1', 'T'], dtype=object), 'phones-accuracy': array([2., 2., 2., 2.]), 'stress': 10, 'text': 'ABOUT', 'total': 10, 'mispronunciations': array([], dtype=object)}
 {'accuracy': 10, 'phones': array(['DH', 'OW0', 'Z'], dtype=object), 'phones-accuracy': array([2. , 2. , 1.8]), 'stress': 10, 'text': 'THOSE', 'total': 10, 'mispronunciations': array([], dtype=object)}
 {'accuracy': 10, 'phones': array(['TH', 'IH0', 'NG', 'Z'], dtype=object), 'phones-accuracy': array([2. , 2. , 2. , 1.6]), 'stress': 10, 'text': 'THINGS', 'total': 10, 'mispronunciations': array([], dtype=object)}]",2244,f,20,train,022440039,-45.96657605469226
022440039,342,Z,3.690000057220459,3.890000104904175,-50.6672248840332,things,1.8,9,10.0,9,8,8,"[{'accuracy': 10, 'phones': array(['HH', 'IY0'], dtype=object), 'phones-accuracy': array([2., 2.]), 'stress': 10, 'text': 'HE', 'total': 10, 'mispronunciations': array([], dtype=object)}
 {'accuracy': 10, 'phones': array(['N', 'OW0', 'Z'], dtype=object), 'phones-accuracy': array([2. , 2. , 1.8]), 'stress': 10, 'text': 'KNOWS', 'total': 10, 'mispronunciations': array([], dtype=object)}
 {'accuracy': 10, 'phones': array(['B', 'EH1', 'T', 'ER0'], dtype=object), 'phones-accuracy': array([2., 2., 2., 2.]), 'stress': 10, 'text': 'BETTER', 'total': 10, 'mispronunciations': array([], dtype=object)}
 {'accuracy': 10, 'phones': array(['DH', 'AE0', 'N'], dtype=object), 'phones-accuracy': array([2., 2., 2.]), 'stress': 10, 'text': 'THAN', 'total': 10, 'mispronunciations': array([], dtype=object)}
 {'accuracy': 10, 'phones': array(['T', 'UW0'], dtype=object), 'phones-accuracy': array([2. , 1.8]), 'stress': 10, 'text': 'TO', 'total': 10, 'mispronunciations': array([], dtype=object)}
 {'accuracy': 10, 'phones': array(['T', 'EH0', 'L'], dtype=object), 'phones-accuracy': array([2., 2., 2.]), 'stress': 10, 'text': 'TELL', 'total': 10, 'mispronunciations': array([], dtype=object)}
 {'accuracy': 10, 'phones': array(['M', 'IY0'], dtype=object), 'phones-accuracy': array([2., 2.]), 'stress': 10, 'text': 'ME', 'total': 10, 'mispronunciations': array([], dtype=object)}
 {'accuracy': 10, 'phones': array(['AH0', 'B', 'AW1', 'T'], dtype=object), 'phones-accuracy': array([2., 2., 2., 2.]), 'stress': 10, 'text': 'ABOUT', 'total': 10, 'mispronunciations': array([], dtype=object)}
 {'accuracy': 10, 'phones': array(['DH', 'OW0', 'Z'], dtype=object), 'phones-accuracy': array([2. , 2. , 1.8]), 'stress': 10, 'text': 'THOSE', 'total': 10, 'mispronunciations': array([], dtype=object)}
 {'accuracy': 10, 'phones': array(['TH', 'IH0', 'NG', 'Z'], dtype=object), 'phones-accuracy': array([2. , 2. , 2. , 1.6]), 'stress': 10, 'text': 'THINGS', 'total': 10, 'mispronunciations': array([], dtype=object)}]",2244,f,20,train,022440039,-50.492899641394615
022440039,343,sil,3.890000104904175,4.409999847412109,-40.29925155639648,<eps>,,9,10.0,9,8,8,"[{'accuracy': 10, 'phones': array(['HH', 'IY0'], dtype=object), 'phones-accuracy': array([2., 2.]), 'stress': 10, 'text': 'HE', 'total': 10, 'mispronunciations': array([], dtype=object)}
 {'accuracy': 10, 'phones': array(['N', 'OW0', 'Z'], dtype=object), 'phones-accuracy': array([2. , 2. , 1.8]), 'stress': 10, 'text': 'KNOWS', 'total': 10, 'mispronunciations': array([], dtype=object)}
 {'accuracy': 10, 'phones': array(['B', 'EH1', 'T', 'ER0'], dtype=object), 'phones-accuracy': array([2., 2., 2., 2.]), 'stress': 10, 'text': 'BETTER', 'total': 10, 'mispronunciations': array([], dtype=object)}
 {'accuracy': 10, 'phones': array(['DH', 'AE0', 'N'], dtype=object), 'phones-accuracy': array([2., 2., 2.]), 'stress': 10, 'text': 'THAN', 'total': 10, 'mispronunciations': array([], dtype=object)}
 {'accuracy': 10, 'phones': array(['T', 'UW0'], dtype=object), 'phones-accuracy': array([2. , 1.8]), 'stress': 10, 'text': 'TO', 'total': 10, 'mispronunciations': array([], dtype=object)}
 {'accuracy': 10, 'phones': array(['T', 'EH0', 'L'], dtype=object), 'phones-accuracy': array([2., 2., 2.]), 'stress': 10, 'text': 'TELL', 'total': 10, 'mispronunciations': array([], dtype=object)}
 {'accuracy': 10, 'phones': array(['M', 'IY0'], dtype=object), 'phones-accuracy': array([2., 2.]), 'stress': 10, 'text': 'ME', 'total': 10, 'mispronunciations': array([], dtype=object)}
 {'accuracy': 10, 'phones': array(['AH0', 'B', 'AW1', 'T'], dtype=object), 'phones-accuracy': array([2., 2., 2., 2.]), 'stress': 10, 'text': 'ABOUT', 'total': 10, 'mispronunciations': array([], dtype=object)}
 {'accuracy': 10, 'phones': array(['DH', 'OW0', 'Z'], dtype=object), 'phones-accuracy': array([2. , 2. , 1.8]), 'stress': 10, 'text': 'THOSE', 'total': 10, 'mispronunciations': array([], dtype=object)}
 {'accuracy': 10, 'phones': array(['TH', 'IH0', 'NG', 'Z'], dtype=object), 'phones-accuracy': array([2. , 2. , 2. , 1.6]), 'stress': 10, 'text': 'THINGS', 'total': 10, 'mispronunciations': array([], dtype=object)}]",2244,f,20,train,022440039,-40.25634616240858
022440337,344,sil,0.0,0.5199999809265137,-33.278465270996094,<eps>,,8,10.0,8,8,8,"[{'accuracy': 10, 'phones': array(['W', 'EH0', 'N'], dtype=object), 'phones-accuracy': array([2., 2., 2.]), 'stress': 10, 'text': 'WHEN', 'total': 10, 'mispronunciations': array([], dtype=object)}
 {'accuracy': 10, 'phones': array(['SH', 'IY0'], dtype=object), 'phones-accuracy': array([2. , 1.8]), 'stress': 10, 'text': 'SHE', 'total': 10, 'mispronunciations': array([], dtype=object)}
 {'accuracy': 10, 'phones': array(['L', 'UH0', 'K', 'T'], dtype=object), 'phones-accuracy': array([2., 2., 2., 2.]), 'stress': 10, 'text': 'LOOKED', 'total': 10, 'mispronunciations': array([], dtype=object)}
 {'accuracy': 10, 'phones': array(['AH0', 'P'], dtype=object), 'phones-accuracy': array([2., 2.]), 'stress': 10, 'text': 'UP', 'total': 10, 'mispronunciations': array([], dtype=object)}
 {'accuracy': 10, 'phones': array(['SH', 'IY0'], dtype=object), 'phones-accuracy': array([2. , 1.8]), 'stress': 10, 'text': 'SHE', 'total': 10, 'mispronunciations': array([], dtype=object)}
 {'accuracy': 10, 'phones': array(['B', 'IY0', 'M', 'D'], dtype=object), 'phones-accuracy': array([2. , 2. , 1.4, 1.6]), 'stress': 10, 'text': 'BEAMED', 'total': 10, 'mispronunciations': array([], dtype=object)}]",2244,f,20,train,022440337,-33.247930163517594
022440337,345,HH,0.5199999809265137,0.550000011920929,-50.24065780639648,when,,8,10.0,8,8,8,"[{'accuracy': 10, 'phones': array(['W', 'EH0', 'N'], dtype=object), 'phones-accuracy': array([2., 2., 2.]), 'stress': 10, 'text': 'WHEN', 'total': 10, 'mispronunciations': array([], dtype=object)}
 {'accuracy': 10, 'phones': array(['SH', 'IY0'], dtype=object), 'phones-accuracy': array([2. , 1.8]), 'stress': 10, 'text': 'SHE', 'total': 10, 'mispronunciations': array([], dtype=object)}
 {'accuracy': 10, 'phones': array(['L', 'UH0', 'K', 'T'], dtype=object), 'phones-accuracy': array([2., 2., 2., 2.]), 'stress': 10, 'text': 'LOOKED', 'total': 10, 'mispronunciations': array([], dtype=object)}
 {'accuracy': 10, 'phones': array(['AH0', 'P'], dtype=object), 'phones-accuracy': array([2., 2.]), 'stress': 10, 'text': 'UP', 'total': 10, 'mispronunciations': array([], dtype=object)}
 {'accuracy': 10, 'phones': array(['SH', 'IY0'], dtype=object), 'phones-accuracy': array([2. , 1.8]), 'stress': 10, 'text': 'SHE', 'total': 10, 'mispronunciations': array([], dtype=object)}
 {'accuracy': 10, 'phones': array(['B', 'IY0', 'M', 'D'], dtype=object), 'phones-accuracy': array([2. , 2. , 1.4, 1.6]), 'stress': 10, 'text': 'BEAMED', 'total': 10, 'mispronunciations': array([], dtype=object)}]",2244,f,20,train,022440337,-50.197689414024346
022440337,346,W,0.550000011920929,0.5799999833106995,-57.29850769042969,when,2.0,8,10.0,8,8,8,"[{'accuracy': 10, 'phones': array(['W', 'EH0', 'N'], dtype=object), 'phones-accuracy': array([2., 2., 2.]), 'stress': 10, 'text': 'WHEN', 'total': 10, 'mispronunciations': array([], dtype=object)}
 {'accuracy': 10, 'phones': array(['SH', 'IY0'], dtype=object), 'phones-accuracy': array([2. , 1.8]), 'stress': 10, 'text': 'SHE', 'total': 10, 'mispronunciations': array([], dtype=object)}
 {'accuracy': 10, 'phones': array(['L', 'UH0', 'K', 'T'], dtype=object), 'phones-accuracy': array([2., 2., 2., 2.]), 'stress': 10, 'text': 'LOOKED', 'total': 10, 'mispronunciations': array([], dtype=object)}
 {'accuracy': 10, 'phones': array(['AH0', 'P'], dtype=object), 'phones-accuracy': array([2., 2.]), 'stress': 10, 'text': 'UP', 'total': 10, 'mispronunciations': array([], dtype=object)}
 {'accuracy': 10, 'phones': array(['SH', 'IY0'], dtype=object), 'phones-accuracy': array([2. , 1.8]), 'stress': 10, 'text': 'SHE', 'total': 10, 'mispronunciations': array([], dtype=object)}
 {'accuracy': 10, 'phones': array(['B', 'IY0', 'M', 'D'], dtype=object), 'phones-accuracy': array([2. , 2. , 1.4, 1.6]), 'stress': 10, 'text': 'BEAMED', 'total': 10, 'mispronunciations': array([], dtype=object)}]",2244,f,20,train,022440337,-57.17273709177971
022440337,347,EH1,0.5799999833106995,0.6399999856948853,-46.41346740722656,when,,8,10.0,8,8,8,"[{'accuracy': 10, 'phones': array(['W', 'EH0', 'N'], dtype=object), 'phones-accuracy': array([2., 2., 2.]), 'stress': 10, 'text': 'WHEN', 'total': 10, 'mispronunciations': array([], dtype=object)}
 {'accuracy': 10, 'phones': array(['SH', 'IY0'], dtype=object), 'phones-accuracy': array([2. , 1.8]), 'stress': 10, 'text': 'SHE', 'total': 10, 'mispronunciations': array([], dtype=object)}
 {'accuracy': 10, 'phones': array(['L', 'UH0', 'K', 'T'], dtype=object), 'phones-accuracy': array([2., 2., 2., 2.]), 'stress': 10, 'text': 'LOOKED', 'total': 10, 'mispronunciations': array([], dtype=object)}
 {'accuracy': 10, 'phones': array(['AH0', 'P'], dtype=object), 'phones-accuracy': array([2., 2.]), 'stress': 10, 'text': 'UP', 'total': 10, 'mispronunciations': array([], dtype=object)}
 {'accuracy': 10, 'phones': array(['SH', 'IY0'], dtype=object), 'phones-accuracy': array([2. , 1.8]), 'stress': 10, 'text': 'SHE', 'total': 10, 'mispronunciations': array([], dtype=object)}
 {'accuracy': 10, 'phones': array(['B', 'IY0', 'M', 'D'], dtype=object), 'phones-accuracy': array([2. , 2. , 1.4, 1.6]), 'stress': 10, 'text': 'BEAMED', 'total': 10, 'mispronunciations': array([], dtype=object)}]",2244,f,20,train,022440337,-46.25787356495857
022440337,348,N,0.6399999856948853,0.699999988079071,-51.8422966003418,when,2.0,8,10.0,8,8,8,"[{'accuracy': 10, 'phones': array(['W', 'EH0', 'N'], dtype=object), 'phones-accuracy': array([2., 2., 2.]), 'stress': 10, 'text': 'WHEN', 'total': 10, 'mispronunciations': array([], dtype=object)}
 {'accuracy': 10, 'phones': array(['SH', 'IY0'], dtype=object), 'phones-accuracy': array([2. , 1.8]), 'stress': 10, 'text': 'SHE', 'total': 10, 'mispronunciations': array([], dtype=object)}
 {'accuracy': 10, 'phones': array(['L', 'UH0', 'K', 'T'], dtype=object), 'phones-accuracy': array([2., 2., 2., 2.]), 'stress': 10, 'text': 'LOOKED', 'total': 10, 'mispronunciations': array([], dtype=object)}
 {'accuracy': 10, 'phones': array(['AH0', 'P'], dtype=object), 'phones-accuracy': array([2., 2.]), 'stress': 10, 'text': 'UP', 'total': 10, 'mispronunciations': array([], dtype=object)}
 {'accuracy': 10, 'phones': array(['SH', 'IY0'], dtype=object), 'phones-accuracy': array([2. , 1.8]), 'stress': 10, 'text': 'SHE', 'total': 10, 'mispronunciations': array([], dtype=object)}
 {'accuracy': 10, 'phones': array(['B', 'IY0', 'M', 'D'], dtype=object), 'phones-accuracy': array([2. , 2. , 1.4, 1.6]), 'stress': 10, 'text': 'BEAMED', 'total': 10, 'mispronunciations': array([], dtype=object)}]",2244,f,20,train,022440337,-51.679068490862846
022440337,349,SH,0.699999988079071,0.8299999833106995,-52.87579727172852,she,2.0,8,10.0,8,8,8,"[{'accuracy': 10, 'phones': array(['W', 'EH0', 'N'], dtype=object), 'phones-accuracy': array([2., 2., 2.]), 'stress': 10, 'text': 'WHEN', 'total': 10, 'mispronunciations': array([], dtype=object)}
 {'accuracy': 10, 'phones': array(['SH', 'IY0'], dtype=object), 'phones-accuracy': array([2. , 1.8]), 'stress': 10, 'text': 'SHE', 'total': 10, 'mispronunciations': array([], dtype=object)}
 {'accuracy': 10, 'phones': array(['L', 'UH0', 'K', 'T'], dtype=object), 'phones-accuracy': array([2., 2., 2., 2.]), 'stress': 10, 'text': 'LOOKED', 'total': 10, 'mispronunciations': array([], dtype=object)}
 {'accuracy': 10, 'phones': array(['AH0', 'P'], dtype=object), 'phones-accuracy': array([2., 2.]), 'stress': 10, 'text': 'UP', 'total': 10, 'mispronunciations': array([], dtype=object)}
 {'accuracy': 10, 'phones': array(['SH', 'IY0'], dtype=object), 'phones-accuracy': array([2. , 1.8]), 'stress': 10, 'text': 'SHE', 'total': 10, 'mispronunciations': array([], dtype=object)}
 {'accuracy': 10, 'phones': array(['B', 'IY0', 'M', 'D'], dtype=object), 'phones-accuracy': array([2. , 2. , 1.4, 1.6]), 'stress': 10, 'text': 'BEAMED', 'total': 10, 'mispronunciations': array([], dtype=object)}]",2244,f,20,train,022440337,-52.7460437566042
022440337,350,IY1,0.8299999833106995,0.9300000071525574,-46.56862258911133,she,,8,10.0,8,8,8,"[{'accuracy': 10, 'phones': array(['W', 'EH0', 'N'], dtype=object), 'phones-accuracy': array([2., 2., 2.]), 'stress': 10, 'text': 'WHEN', 'total': 10, 'mispronunciations': array([], dtype=object)}
 {'accuracy': 10, 'phones': array(['SH', 'IY0'], dtype=object), 'phones-accuracy': array([2. , 1.8]), 'stress': 10, 'text': 'SHE', 'total': 10, 'mispronunciations': array([], dtype=object)}
 {'accuracy': 10, 'phones': array(['L', 'UH0', 'K', 'T'], dtype=object), 'phones-accuracy': array([2., 2., 2., 2.]), 'stress': 10, 'text': 'LOOKED', 'total': 10, 'mispronunciations': array([], dtype=object)}
 {'accuracy': 10, 'phones': array(['AH0', 'P'], dtype=object), 'phones-accuracy': array([2., 2.]), 'stress': 10, 'text': 'UP', 'total': 10, 'mispronunciations': array([], dtype=object)}
 {'accuracy': 10, 'phones': array(['SH', 'IY0'], dtype=object), 'phones-accuracy': array([2. , 1.8]), 'stress': 10, 'text': 'SHE', 'total': 10, 'mispronunciations': array([], dtype=object)}
 {'accuracy': 10, 'phones': array(['B', 'IY0', 'M', 'D'], dtype=object), 'phones-accuracy': array([2. , 2. , 1.4, 1.6]), 'stress': 10, 'text': 'BEAMED', 'total': 10, 'mispronunciations': array([], dtype=object)}]",2244,f,20,train,022440337,-46.336852073669434
022440337,351,L,0.9300000071525574,1.0499999523162842,-51.13082504272461,looked,2.0,8,10.0,8,8,8,"[{'accuracy': 10, 'phones': array(['W', 'EH0', 'N'], dtype=object), 'phones-accuracy': array([2., 2., 2.]), 'stress': 10, 'text': 'WHEN', 'total': 10, 'mispronunciations': array([], dtype=object)}
 {'accuracy': 10, 'phones': array(['SH', 'IY0'], dtype=object), 'phones-accuracy': array([2. , 1.8]), 'stress': 10, 'text': 'SHE', 'total': 10, 'mispronunciations': array([], dtype=object)}
 {'accuracy': 10, 'phones': array(['L', 'UH0', 'K', 'T'], dtype=object), 'phones-accuracy': array([2., 2., 2., 2.]), 'stress': 10, 'text': 'LOOKED', 'total': 10, 'mispronunciations': array([], dtype=object)}
 {'accuracy': 10, 'phones': array(['AH0', 'P'], dtype=object), 'phones-accuracy': array([2., 2.]), 'stress': 10, 'text': 'UP', 'total': 10, 'mispronunciations': array([], dtype=object)}
 {'accuracy': 10, 'phones': array(['SH', 'IY0'], dtype=object), 'phones-accuracy': array([2. , 1.8]), 'stress': 10, 'text': 'SHE', 'total': 10, 'mispronunciations': array([], dtype=object)}
 {'accuracy': 10, 'phones': array(['B', 'IY0', 'M', 'D'], dtype=object), 'phones-accuracy': array([2. , 2. , 1.4, 1.6]), 'stress': 10, 'text': 'BEAMED', 'total': 10, 'mispronunciations': array([], dtype=object)}]",2244,f,20,train,022440337,-50.97051918506622
022440337,352,UH1,1.0499999523162842,1.1399999856948853,-53.02293014526367,looked,,8,10.0,8,8,8,"[{'accuracy': 10, 'phones': array(['W', 'EH0', 'N'], dtype=object), 'phones-accuracy': array([2., 2., 2.]), 'stress': 10, 'text': 'WHEN', 'total': 10, 'mispronunciations': array([], dtype=object)}
 {'accuracy': 10, 'phones': array(['SH', 'IY0'], dtype=object), 'phones-accuracy': array([2. , 1.8]), 'stress': 10, 'text': 'SHE', 'total': 10, 'mispronunciations': array([], dtype=object)}
 {'accuracy': 10, 'phones': array(['L', 'UH0', 'K', 'T'], dtype=object), 'phones-accuracy': array([2., 2., 2., 2.]), 'stress': 10, 'text': 'LOOKED', 'total': 10, 'mispronunciations': array([], dtype=object)}
 {'accuracy': 10, 'phones': array(['AH0', 'P'], dtype=object), 'phones-accuracy': array([2., 2.]), 'stress': 10, 'text': 'UP', 'total': 10, 'mispronunciations': array([], dtype=object)}
 {'accuracy': 10, 'phones': array(['SH', 'IY0'], dtype=object), 'phones-accuracy': array([2. , 1.8]), 'stress': 10, 'text': 'SHE', 'total': 10, 'mispronunciations': array([], dtype=object)}
 {'accuracy': 10, 'phones': array(['B', 'IY0', 'M', 'D'], dtype=object), 'phones-accuracy': array([2. , 2. , 1.4, 1.6]), 'stress': 10, 'text': 'BEAMED', 'total': 10, 'mispronunciations': array([], dtype=object)}]",2244,f,20,train,022440337,-52.82416948676109
022440337,353,K,1.1399999856948853,1.2300000190734863,-63.51205062866211,looked,2.0,8,10.0,8,8,8,"[{'accuracy': 10, 'phones': array(['W', 'EH0', 'N'], dtype=object), 'phones-accuracy': array([2., 2., 2.]), 'stress': 10, 'text': 'WHEN', 'total': 10, 'mispronunciations': array([], dtype=object)}
 {'accuracy': 10, 'phones': array(['SH', 'IY0'], dtype=object), 'phones-accuracy': array([2. , 1.8]), 'stress': 10, 'text': 'SHE', 'total': 10, 'mispronunciations': array([], dtype=object)}
 {'accuracy': 10, 'phones': array(['L', 'UH0', 'K', 'T'], dtype=object), 'phones-accuracy': array([2., 2., 2., 2.]), 'stress': 10, 'text': 'LOOKED', 'total': 10, 'mispronunciations': array([], dtype=object)}
 {'accuracy': 10, 'phones': array(['AH0', 'P'], dtype=object), 'phones-accuracy': array([2., 2.]), 'stress': 10, 'text': 'UP', 'total': 10, 'mispronunciations': array([], dtype=object)}
 {'accuracy': 10, 'phones': array(['SH', 'IY0'], dtype=object), 'phones-accuracy': array([2. , 1.8]), 'stress': 10, 'text': 'SHE', 'total': 10, 'mispronunciations': array([], dtype=object)}
 {'accuracy': 10, 'phones': array(['B', 'IY0', 'M', 'D'], dtype=object), 'phones-accuracy': array([2. , 2. , 1.4, 1.6]), 'stress': 10, 'text': 'BEAMED', 'total': 10, 'mispronunciations': array([], dtype=object)}]",2244,f,20,train,022440337,-63.373227283358574
022440337,354,T,1.2300000190734863,1.3200000524520874,-66.14395904541016,looked,2.0,8,10.0,8,8,8,"[{'accuracy': 10, 'phones': array(['W', 'EH0', 'N'], dtype=object), 'phones-accuracy': array([2., 2., 2.]), 'stress': 10, 'text': 'WHEN', 'total': 10, 'mispronunciations': array([], dtype=object)}
 {'accuracy': 10, 'phones': array(['SH', 'IY0'], dtype=object), 'phones-accuracy': array([2. , 1.8]), 'stress': 10, 'text': 'SHE', 'total': 10, 'mispronunciations': array([], dtype=object)}
 {'accuracy': 10, 'phones': array(['L', 'UH0', 'K', 'T'], dtype=object), 'phones-accuracy': array([2., 2., 2., 2.]), 'stress': 10, 'text': 'LOOKED', 'total': 10, 'mispronunciations': array([], dtype=object)}
 {'accuracy': 10, 'phones': array(['AH0', 'P'], dtype=object), 'phones-accuracy': array([2., 2.]), 'stress': 10, 'text': 'UP', 'total': 10, 'mispronunciations': array([], dtype=object)}
 {'accuracy': 10, 'phones': array(['SH', 'IY0'], dtype=object), 'phones-accuracy': array([2. , 1.8]), 'stress': 10, 'text': 'SHE', 'total': 10, 'mispronunciations': array([], dtype=object)}
 {'accuracy': 10, 'phones': array(['B', 'IY0', 'M', 'D'], dtype=object), 'phones-accuracy': array([2. , 2. , 1.4, 1.6]), 'stress': 10, 'text': 'BEAMED', 'total': 10, 'mispronunciations': array([], dtype=object)}]",2244,f,20,train,022440337,-65.93232993781567
022440337,355,AH1,1.3200000524520874,1.4500000476837158,-44.37610626220703,up,,8,10.0,8,8,8,"[{'accuracy': 10, 'phones': array(['W', 'EH0', 'N'], dtype=object), 'phones-accuracy': array([2., 2., 2.]), 'stress': 10, 'text': 'WHEN', 'total': 10, 'mispronunciations': array([], dtype=object)}
 {'accuracy': 10, 'phones': array(['SH', 'IY0'], dtype=object), 'phones-accuracy': array([2. , 1.8]), 'stress': 10, 'text': 'SHE', 'total': 10, 'mispronunciations': array([], dtype=object)}
 {'accuracy': 10, 'phones': array(['L', 'UH0', 'K', 'T'], dtype=object), 'phones-accuracy': array([2., 2., 2., 2.]), 'stress': 10, 'text': 'LOOKED', 'total': 10, 'mispronunciations': array([], dtype=object)}
 {'accuracy': 10, 'phones': array(['AH0', 'P'], dtype=object), 'phones-accuracy': array([2., 2.]), 'stress': 10, 'text': 'UP', 'total': 10, 'mispronunciations': array([], dtype=object)}
 {'accuracy': 10, 'phones': array(['SH', 'IY0'], dtype=object), 'phones-accuracy': array([2. , 1.8]), 'stress': 10, 'text': 'SHE', 'total': 10, 'mispronunciations': array([], dtype=object)}
 {'accuracy': 10, 'phones': array(['B', 'IY0', 'M', 'D'], dtype=object), 'phones-accuracy': array([2. , 2. , 1.4, 1.6]), 'stress': 10, 'text': 'BEAMED', 'total': 10, 'mispronunciations': array([], dtype=object)}]",2244,f,20,train,022440337,-44.281184650957584
022440337,356,P,1.4500000476837158,1.559999942779541,-53.235652923583984,up,2.0,8,10.0,8,8,8,"[{'accuracy': 10, 'phones': array(['W', 'EH0', 'N'], dtype=object), 'phones-accuracy': array([2., 2., 2.]), 'stress': 10, 'text': 'WHEN', 'total': 10, 'mispronunciations': array([], dtype=object)}
 {'accuracy': 10, 'phones': array(['SH', 'IY0'], dtype=object), 'phones-accuracy': array([2. , 1.8]), 'stress': 10, 'text': 'SHE', 'total': 10, 'mispronunciations': array([], dtype=object)}
 {'accuracy': 10, 'phones': array(['L', 'UH0', 'K', 'T'], dtype=object), 'phones-accuracy': array([2., 2., 2., 2.]), 'stress': 10, 'text': 'LOOKED', 'total': 10, 'mispronunciations': array([], dtype=object)}
 {'accuracy': 10, 'phones': array(['AH0', 'P'], dtype=object), 'phones-accuracy': array([2., 2.]), 'stress': 10, 'text': 'UP', 'total': 10, 'mispronunciations': array([], dtype=object)}
 {'accuracy': 10, 'phones': array(['SH', 'IY0'], dtype=object), 'phones-accuracy': array([2. , 1.8]), 'stress': 10, 'text': 'SHE', 'total': 10, 'mispronunciations': array([], dtype=object)}
 {'accuracy': 10, 'phones': array(['B', 'IY0', 'M', 'D'], dtype=object), 'phones-accuracy': array([2. , 2. , 1.4, 1.6]), 'stress': 10, 'text': 'BEAMED', 'total': 10, 'mispronunciations': array([], dtype=object)}]",2244,f,20,train,022440337,-53.16489268094301
022440337,357,SH,1.559999942779541,1.7300000190734863,-51.146270751953125,she,2.0,8,10.0,8,8,8,"[{'accuracy': 10, 'phones': array(['W', 'EH0', 'N'], dtype=object), 'phones-accuracy': array([2., 2., 2.]), 'stress': 10, 'text': 'WHEN', 'total': 10, 'mispronunciations': array([], dtype=object)}
 {'accuracy': 10, 'phones': array(['SH', 'IY0'], dtype=object), 'phones-accuracy': array([2. , 1.8]), 'stress': 10, 'text': 'SHE', 'total': 10, 'mispronunciations': array([], dtype=object)}
 {'accuracy': 10, 'phones': array(['L', 'UH0', 'K', 'T'], dtype=object), 'phones-accuracy': array([2., 2., 2., 2.]), 'stress': 10, 'text': 'LOOKED', 'total': 10, 'mispronunciations': array([], dtype=object)}
 {'accuracy': 10, 'phones': array(['AH0', 'P'], dtype=object), 'phones-accuracy': array([2., 2.]), 'stress': 10, 'text': 'UP', 'total': 10, 'mispronunciations': array([], dtype=object)}
 {'accuracy': 10, 'phones': array(['SH', 'IY0'], dtype=object), 'phones-accuracy': array([2. , 1.8]), 'stress': 10, 'text': 'SHE', 'total': 10, 'mispronunciations': array([], dtype=object)}
 {'accuracy': 10, 'phones': array(['B', 'IY0', 'M', 'D'], dtype=object), 'phones-accuracy': array([2. , 2. , 1.4, 1.6]), 'stress': 10, 'text': 'BEAMED', 'total': 10, 'mispronunciations': array([], dtype=object)}]",2244,f,20,train,022440337,-51.10230090469122
022440337,358,IY1,1.7300000190734863,1.840000033378601,-44.76688003540039,she,,8,10.0,8,8,8,"[{'accuracy': 10, 'phones': array(['W', 'EH0', 'N'], dtype=object), 'phones-accuracy': array([2., 2., 2.]), 'stress': 10, 'text': 'WHEN', 'total': 10, 'mispronunciations': array([], dtype=object)}
 {'accuracy': 10, 'phones': array(['SH', 'IY0'], dtype=object), 'phones-accuracy': array([2. , 1.8]), 'stress': 10, 'text': 'SHE', 'total': 10, 'mispronunciations': array([], dtype=object)}
 {'accuracy': 10, 'phones': array(['L', 'UH0', 'K', 'T'], dtype=object), 'phones-accuracy': array([2., 2., 2., 2.]), 'stress': 10, 'text': 'LOOKED', 'total': 10, 'mispronunciations': array([], dtype=object)}
 {'accuracy': 10, 'phones': array(['AH0', 'P'], dtype=object), 'phones-accuracy': array([2., 2.]), 'stress': 10, 'text': 'UP', 'total': 10, 'mispronunciations': array([], dtype=object)}
 {'accuracy': 10, 'phones': array(['SH', 'IY0'], dtype=object), 'phones-accuracy': array([2. , 1.8]), 'stress': 10, 'text': 'SHE', 'total': 10, 'mispronunciations': array([], dtype=object)}
 {'accuracy': 10, 'phones': array(['B', 'IY0', 'M', 'D'], dtype=object), 'phones-accuracy': array([2. , 2. , 1.4, 1.6]), 'stress': 10, 'text': 'BEAMED', 'total': 10, 'mispronunciations': array([], dtype=object)}]",2244,f,20,train,022440337,-44.54192599654198
022440337,359,B,1.840000033378601,2.0199999809265137,-53.78955841064453,beamed,2.0,8,10.0,8,8,8,"[{'accuracy': 10, 'phones': array(['W', 'EH0', 'N'], dtype=object), 'phones-accuracy': array([2., 2., 2.]), 'stress': 10, 'text': 'WHEN', 'total': 10, 'mispronunciations': array([], dtype=object)}
 {'accuracy': 10, 'phones': array(['SH', 'IY0'], dtype=object), 'phones-accuracy': array([2. , 1.8]), 'stress': 10, 'text': 'SHE', 'total': 10, 'mispronunciations': array([], dtype=object)}
 {'accuracy': 10, 'phones': array(['L', 'UH0', 'K', 'T'], dtype=object), 'phones-accuracy': array([2., 2., 2., 2.]), 'stress': 10, 'text': 'LOOKED', 'total': 10, 'mispronunciations': array([], dtype=object)}
 {'accuracy': 10, 'phones': array(['AH0', 'P'], dtype=object), 'phones-accuracy': array([2., 2.]), 'stress': 10, 'text': 'UP', 'total': 10, 'mispronunciations': array([], dtype=object)}
 {'accuracy': 10, 'phones': array(['SH', 'IY0'], dtype=object), 'phones-accuracy': array([2. , 1.8]), 'stress': 10, 'text': 'SHE', 'total': 10, 'mispronunciations': array([], dtype=object)}
 {'accuracy': 10, 'phones': array(['B', 'IY0', 'M', 'D'], dtype=object), 'phones-accuracy': array([2. , 2. , 1.4, 1.6]), 'stress': 10, 'text': 'BEAMED', 'total': 10, 'mispronunciations': array([], dtype=object)}]",2244,f,20,train,022440337,-53.72281742841005
022440337,360,IY1,2.0199999809265137,2.109999895095825,-51.299560546875,beamed,,8,10.0,8,8,8,"[{'accuracy': 10, 'phones': array(['W', 'EH0', 'N'], dtype=object), 'phones-accuracy': array([2., 2., 2.]), 'stress': 10, 'text': 'WHEN', 'total': 10, 'mispronunciations': array([], dtype=object)}
 {'accuracy': 10, 'phones': array(['SH', 'IY0'], dtype=object), 'phones-accuracy': array([2. , 1.8]), 'stress': 10, 'text': 'SHE', 'total': 10, 'mispronunciations': array([], dtype=object)}
 {'accuracy': 10, 'phones': array(['L', 'UH0', 'K', 'T'], dtype=object), 'phones-accuracy': array([2., 2., 2., 2.]), 'stress': 10, 'text': 'LOOKED', 'total': 10, 'mispronunciations': array([], dtype=object)}
 {'accuracy': 10, 'phones': array(['AH0', 'P'], dtype=object), 'phones-accuracy': array([2., 2.]), 'stress': 10, 'text': 'UP', 'total': 10, 'mispronunciations': array([], dtype=object)}
 {'accuracy': 10, 'phones': array(['SH', 'IY0'], dtype=object), 'phones-accuracy': array([2. , 1.8]), 'stress': 10, 'text': 'SHE', 'total': 10, 'mispronunciations': array([], dtype=object)}
 {'accuracy': 10, 'phones': array(['B', 'IY0', 'M', 'D'], dtype=object), 'phones-accuracy': array([2. , 2. , 1.4, 1.6]), 'stress': 10, 'text': 'BEAMED', 'total': 10, 'mispronunciations': array([], dtype=object)}]",2244,f,20,train,022440337,-51.046228021383286
022440337,361,M,2.109999895095825,2.289999961853028,-48.3779411315918,beamed,1.4,8,10.0,8,8,8,"[{'accuracy': 10, 'phones': array(['W', 'EH0', 'N'], dtype=object), 'phones-accuracy': array([2., 2., 2.]), 'stress': 10, 'text': 'WHEN', 'total': 10, 'mispronunciations': array([], dtype=object)}
 {'accuracy': 10, 'phones': array(['SH', 'IY0'], dtype=object), 'phones-accuracy': array([2. , 1.8]), 'stress': 10, 'text': 'SHE', 'total': 10, 'mispronunciations': array([], dtype=object)}
 {'accuracy': 10, 'phones': array(['L', 'UH0', 'K', 'T'], dtype=object), 'phones-accuracy': array([2., 2., 2., 2.]), 'stress': 10, 'text': 'LOOKED', 'total': 10, 'mispronunciations': array([], dtype=object)}
 {'accuracy': 10, 'phones': array(['AH0', 'P'], dtype=object), 'phones-accuracy': array([2., 2.]), 'stress': 10, 'text': 'UP', 'total': 10, 'mispronunciations': array([], dtype=object)}
 {'accuracy': 10, 'phones': array(['SH', 'IY0'], dtype=object), 'phones-accuracy': array([2. , 1.8]), 'stress': 10, 'text': 'SHE', 'total': 10, 'mispronunciations': array([], dtype=object)}
 {'accuracy': 10, 'phones': array(['B', 'IY0', 'M', 'D'], dtype=object), 'phones-accuracy': array([2. , 2. , 1.4, 1.6]), 'stress': 10, 'text': 'BEAMED', 'total': 10, 'mispronunciations': array([], dtype=object)}]",2244,f,20,train,022440337,-48.19109174609184
022440337,362,D,2.289999961853028,2.450000047683716,-50.62586975097656,beamed,1.6,8,10.0,8,8,8,"[{'accuracy': 10, 'phones': array(['W', 'EH0', 'N'], dtype=object), 'phones-accuracy': array([2., 2., 2.]), 'stress': 10, 'text': 'WHEN', 'total': 10, 'mispronunciations': array([], dtype=object)}
 {'accuracy': 10, 'phones': array(['SH', 'IY0'], dtype=object), 'phones-accuracy': array([2. , 1.8]), 'stress': 10, 'text': 'SHE', 'total': 10, 'mispronunciations': array([], dtype=object)}
 {'accuracy': 10, 'phones': array(['L', 'UH0', 'K', 'T'], dtype=object), 'phones-accuracy': array([2., 2., 2., 2.]), 'stress': 10, 'text': 'LOOKED', 'total': 10, 'mispronunciations': array([], dtype=object)}
 {'accuracy': 10, 'phones': array(['AH0', 'P'], dtype=object), 'phones-accuracy': array([2., 2.]), 'stress': 10, 'text': 'UP', 'total': 10, 'mispronunciations': array([], dtype=object)}
 {'accuracy': 10, 'phones': array(['SH', 'IY0'], dtype=object), 'phones-accuracy': array([2. , 1.8]), 'stress': 10, 'text': 'SHE', 'total': 10, 'mispronunciations': array([], dtype=object)}
 {'accuracy': 10, 'phones': array(['B', 'IY0', 'M', 'D'], dtype=object), 'phones-accuracy': array([2. , 2. , 1.4, 1.6]), 'stress': 10, 'text': 'BEAMED', 'total': 10, 'mispronunciations': array([], dtype=object)}]",2244,f,20,train,022440337,-50.51991916447878
022440337,363,sil,2.450000047683716,3.572999954223633,-34.72412872314453,<eps>,,8,10.0,8,8,8,"[{'accuracy': 10, 'phones': array(['W', 'EH0', 'N'], dtype=object), 'phones-accuracy': array([2., 2., 2.]), 'stress': 10, 'text': 'WHEN', 'total': 10, 'mispronunciations': array([], dtype=object)}
 {'accuracy': 10, 'phones': array(['SH', 'IY0'], dtype=object), 'phones-accuracy': array([2. , 1.8]), 'stress': 10, 'text': 'SHE', 'total': 10, 'mispronunciations': array([], dtype=object)}
 {'accuracy': 10, 'phones': array(['L', 'UH0', 'K', 'T'], dtype=object), 'phones-accuracy': array([2., 2., 2., 2.]), 'stress': 10, 'text': 'LOOKED', 'total': 10, 'mispronunciations': array([], dtype=object)}
 {'accuracy': 10, 'phones': array(['AH0', 'P'], dtype=object), 'phones-accuracy': array([2., 2.]), 'stress': 10, 'text': 'UP', 'total': 10, 'mispronunciations': array([], dtype=object)}
 {'accuracy': 10, 'phones': array(['SH', 'IY0'], dtype=object), 'phones-accuracy': array([2. , 1.8]), 'stress': 10, 'text': 'SHE', 'total': 10, 'mispronunciations': array([], dtype=object)}
 {'accuracy': 10, 'phones': array(['B', 'IY0', 'M', 'D'], dtype=object), 'phones-accuracy': array([2. , 2. , 1.4, 1.6]), 'stress': 10, 'text': 'BEAMED', 'total': 10, 'mispronunciations': array([], dtype=object)}]",2244,f,20,train,022440337,-34.68157934397459
022440038,364,sil,0.0,0.550000011920929,-39.262481689453125,<eps>,,8,10.0,9,8,8,"[{'accuracy': 10, 'phones': array(['IH0', 'N', 'SH', 'UH1', 'ER0', 'AH0', 'N', 'S'], dtype=object), 'phones-accuracy': array([2. , 2. , 2. , 1.6, 1.6, 2. , 2. , 2. ]), 'stress': 10, 'text': 'INSURANCE', 'total': 9, 'mispronunciations': array([], dtype=object)}
 {'accuracy': 10, 'phones': array(['IH0', 'Z'], dtype=object), 'phones-accuracy': array([2. , 1.8]), 'stress': 10, 'text': 'IS', 'total': 10, 'mispronunciations': array([], dtype=object)}
 {'accuracy': 10, 'phones': array(['AH0'], dtype=object), 'phones-accuracy': array([2.]), 'stress': 10, 'text': 'A', 'total': 10, 'mispronunciations': array([], dtype=object)}
 {'accuracy': 10, 'phones': array(['M', 'EY1', 'JH', 'AH0'], dtype=object), 'phones-accuracy': array([2., 2., 2., 2.]), 'stress': 10, 'text': 'MAJOR', 'total': 10, 'mispronunciations': array([], dtype=object)}
 {'accuracy': 10, 'phones': array(['K', 'AH0', 'N', 'S', 'IH2', 'D', 'AH0', 'R', 'EY1', 'SH', 'N'],
       dtype=object), 'phones-accuracy': array([2., 2., 2., 2., 2., 2., 2., 2., 2., 2., 2.]), 'stress': 10, 'text': 'CONSIDERATION', 'total': 10, 'mispronunciations': array([], dtype=object)}
 {'accuracy': 10, 'phones': array(['IH0', 'N'], dtype=object), 'phones-accuracy': array([2., 2.]), 'stress': 10, 'text': 'IN', 'total': 10, 'mispronunciations': array([], dtype=object)}
 {'accuracy': 10, 'phones': array(['M', 'UW1', 'V', 'IH0', 'NG'], dtype=object), 'phones-accuracy': array([2., 2., 2., 2., 2.]), 'stress': 10, 'text': 'MOVING', 'total': 10, 'mispronunciations': array([], dtype=object)}]",2244,f,20,train,022440038,-39.20524348318577
022440038,365,IH0,0.550000011920929,0.6499999761581421,-64.54177856445312,insurance,2.0,8,10.0,9,8,8,"[{'accuracy': 10, 'phones': array(['IH0', 'N', 'SH', 'UH1', 'ER0', 'AH0', 'N', 'S'], dtype=object), 'phones-accuracy': array([2. , 2. , 2. , 1.6, 1.6, 2. , 2. , 2. ]), 'stress': 10, 'text': 'INSURANCE', 'total': 9, 'mispronunciations': array([], dtype=object)}
 {'accuracy': 10, 'phones': array(['IH0', 'Z'], dtype=object), 'phones-accuracy': array([2. , 1.8]), 'stress': 10, 'text': 'IS', 'total': 10, 'mispronunciations': array([], dtype=object)}
 {'accuracy': 10, 'phones': array(['AH0'], dtype=object), 'phones-accuracy': array([2.]), 'stress': 10, 'text': 'A', 'total': 10, 'mispronunciations': array([], dtype=object)}
 {'accuracy': 10, 'phones': array(['M', 'EY1', 'JH', 'AH0'], dtype=object), 'phones-accuracy': array([2., 2., 2., 2.]), 'stress': 10, 'text': 'MAJOR', 'total': 10, 'mispronunciations': array([], dtype=object)}
 {'accuracy': 10, 'phones': array(['K', 'AH0', 'N', 'S', 'IH2', 'D', 'AH0', 'R', 'EY1', 'SH', 'N'],
       dtype=object), 'phones-accuracy': array([2., 2., 2., 2., 2., 2., 2., 2., 2., 2., 2.]), 'stress': 10, 'text': 'CONSIDERATION', 'total': 10, 'mispronunciations': array([], dtype=object)}
 {'accuracy': 10, 'phones': array(['IH0', 'N'], dtype=object), 'phones-accuracy': array([2., 2.]), 'stress': 10, 'text': 'IN', 'total': 10, 'mispronunciations': array([], dtype=object)}
 {'accuracy': 10, 'phones': array(['M', 'UW1', 'V', 'IH0', 'NG'], dtype=object), 'phones-accuracy': array([2., 2., 2., 2., 2.]), 'stress': 10, 'text': 'MOVING', 'total': 10, 'mispronunciations': array([], dtype=object)}]",2244,f,20,train,022440038,-64.30264776945114
022440038,366,N,0.6499999761581421,0.7200000286102295,-54.26084518432617,insurance,2.0,8,10.0,9,8,8,"[{'accuracy': 10, 'phones': array(['IH0', 'N', 'SH', 'UH1', 'ER0', 'AH0', 'N', 'S'], dtype=object), 'phones-accuracy': array([2. , 2. , 2. , 1.6, 1.6, 2. , 2. , 2. ]), 'stress': 10, 'text': 'INSURANCE', 'total': 9, 'mispronunciations': array([], dtype=object)}
 {'accuracy': 10, 'phones': array(['IH0', 'Z'], dtype=object), 'phones-accuracy': array([2. , 1.8]), 'stress': 10, 'text': 'IS', 'total': 10, 'mispronunciations': array([], dtype=object)}
 {'accuracy': 10, 'phones': array(['AH0'], dtype=object), 'phones-accuracy': array([2.]), 'stress': 10, 'text': 'A', 'total': 10, 'mispronunciations': array([], dtype=object)}
 {'accuracy': 10, 'phones': array(['M', 'EY1', 'JH', 'AH0'], dtype=object), 'phones-accuracy': array([2., 2., 2., 2.]), 'stress': 10, 'text': 'MAJOR', 'total': 10, 'mispronunciations': array([], dtype=object)}
 {'accuracy': 10, 'phones': array(['K', 'AH0', 'N', 'S', 'IH2', 'D', 'AH0', 'R', 'EY1', 'SH', 'N'],
       dtype=object), 'phones-accuracy': array([2., 2., 2., 2., 2., 2., 2., 2., 2., 2., 2.]), 'stress': 10, 'text': 'CONSIDERATION', 'total': 10, 'mispronunciations': array([], dtype=object)}
 {'accuracy': 10, 'phones': array(['IH0', 'N'], dtype=object), 'phones-accuracy': array([2., 2.]), 'stress': 10, 'text': 'IN', 'total': 10, 'mispronunciations': array([], dtype=object)}
 {'accuracy': 10, 'phones': array(['M', 'UW1', 'V', 'IH0', 'NG'], dtype=object), 'phones-accuracy': array([2., 2., 2., 2., 2.]), 'stress': 10, 'text': 'MOVING', 'total': 10, 'mispronunciations': array([], dtype=object)}]",2244,f,20,train,022440038,-54.021185502409935
022440038,367,SH,0.7200000286102295,0.8700000047683716,-53.80931091308594,insurance,2.0,8,10.0,9,8,8,"[{'accuracy': 10, 'phones': array(['IH0', 'N', 'SH', 'UH1', 'ER0', 'AH0', 'N', 'S'], dtype=object), 'phones-accuracy': array([2. , 2. , 2. , 1.6, 1.6, 2. , 2. , 2. ]), 'stress': 10, 'text': 'INSURANCE', 'total': 9, 'mispronunciations': array([], dtype=object)}
 {'accuracy': 10, 'phones': array(['IH0', 'Z'], dtype=object), 'phones-accuracy': array([2. , 1.8]), 'stress': 10, 'text': 'IS', 'total': 10, 'mispronunciations': array([], dtype=object)}
 {'accuracy': 10, 'phones': array(['AH0'], dtype=object), 'phones-accuracy': array([2.]), 'stress': 10, 'text': 'A', 'total': 10, 'mispronunciations': array([], dtype=object)}
 {'accuracy': 10, 'phones': array(['M', 'EY1', 'JH', 'AH0'], dtype=object), 'phones-accuracy': array([2., 2., 2., 2.]), 'stress': 10, 'text': 'MAJOR', 'total': 10, 'mispronunciations': array([], dtype=object)}
 {'accuracy': 10, 'phones': array(['K', 'AH0', 'N', 'S', 'IH2', 'D', 'AH0', 'R', 'EY1', 'SH', 'N'],
       dtype=object), 'phones-accuracy': array([2., 2., 2., 2., 2., 2., 2., 2., 2., 2., 2.]), 'stress': 10, 'text': 'CONSIDERATION', 'total': 10, 'mispronunciations': array([], dtype=object)}
 {'accuracy': 10, 'phones': array(['IH0', 'N'], dtype=object), 'phones-accuracy': array([2., 2.]), 'stress': 10, 'text': 'IN', 'total': 10, 'mispronunciations': array([], dtype=object)}
 {'accuracy': 10, 'phones': array(['M', 'UW1', 'V', 'IH0', 'NG'], dtype=object), 'phones-accuracy': array([2., 2., 2., 2., 2.]), 'stress': 10, 'text': 'MOVING', 'total': 10, 'mispronunciations': array([], dtype=object)}]",2244,f,20,train,022440038,-53.68519031256437
022440038,368,UH1,0.8700000047683716,0.9399999976158142,-42.513916015625,insurance,1.6,8,10.0,9,8,8,"[{'accuracy': 10, 'phones': array(['IH0', 'N', 'SH', 'UH1', 'ER0', 'AH0', 'N', 'S'], dtype=object), 'phones-accuracy': array([2. , 2. , 2. , 1.6, 1.6, 2. , 2. , 2. ]), 'stress': 10, 'text': 'INSURANCE', 'total': 9, 'mispronunciations': array([], dtype=object)}
 {'accuracy': 10, 'phones': array(['IH0', 'Z'], dtype=object), 'phones-accuracy': array([2. , 1.8]), 'stress': 10, 'text': 'IS', 'total': 10, 'mispronunciations': array([], dtype=object)}
 {'accuracy': 10, 'phones': array(['AH0'], dtype=object), 'phones-accuracy': array([2.]), 'stress': 10, 'text': 'A', 'total': 10, 'mispronunciations': array([], dtype=object)}
 {'accuracy': 10, 'phones': array(['M', 'EY1', 'JH', 'AH0'], dtype=object), 'phones-accuracy': array([2., 2., 2., 2.]), 'stress': 10, 'text': 'MAJOR', 'total': 10, 'mispronunciations': array([], dtype=object)}
 {'accuracy': 10, 'phones': array(['K', 'AH0', 'N', 'S', 'IH2', 'D', 'AH0', 'R', 'EY1', 'SH', 'N'],
       dtype=object), 'phones-accuracy': array([2., 2., 2., 2., 2., 2., 2., 2., 2., 2., 2.]), 'stress': 10, 'text': 'CONSIDERATION', 'total': 10, 'mispronunciations': array([], dtype=object)}
 {'accuracy': 10, 'phones': array(['IH0', 'N'], dtype=object), 'phones-accuracy': array([2., 2.]), 'stress': 10, 'text': 'IN', 'total': 10, 'mispronunciations': array([], dtype=object)}
 {'accuracy': 10, 'phones': array(['M', 'UW1', 'V', 'IH0', 'NG'], dtype=object), 'phones-accuracy': array([2., 2., 2., 2., 2.]), 'stress': 10, 'text': 'MOVING', 'total': 10, 'mispronunciations': array([], dtype=object)}]",2244,f,20,train,022440038,-42.222521930933
022440038,369,R,0.9399999976158142,1.0,-41.304630279541016,insurance,2.0,8,10.0,9,8,8,"[{'accuracy': 10, 'phones': array(['IH0', 'N', 'SH', 'UH1', 'ER0', 'AH0', 'N', 'S'], dtype=object), 'phones-accuracy': array([2. , 2. , 2. , 1.6, 1.6, 2. , 2. , 2. ]), 'stress': 10, 'text': 'INSURANCE', 'total': 9, 'mispronunciations': array([], dtype=object)}
 {'accuracy': 10, 'phones': array(['IH0', 'Z'], dtype=object), 'phones-accuracy': array([2. , 1.8]), 'stress': 10, 'text': 'IS', 'total': 10, 'mispronunciations': array([], dtype=object)}
 {'accuracy': 10, 'phones': array(['AH0'], dtype=object), 'phones-accuracy': array([2.]), 'stress': 10, 'text': 'A', 'total': 10, 'mispronunciations': array([], dtype=object)}
 {'accuracy': 10, 'phones': array(['M', 'EY1', 'JH', 'AH0'], dtype=object), 'phones-accuracy': array([2., 2., 2., 2.]), 'stress': 10, 'text': 'MAJOR', 'total': 10, 'mispronunciations': array([], dtype=object)}
 {'accuracy': 10, 'phones': array(['K', 'AH0', 'N', 'S', 'IH2', 'D', 'AH0', 'R', 'EY1', 'SH', 'N'],
       dtype=object), 'phones-accuracy': array([2., 2., 2., 2., 2., 2., 2., 2., 2., 2., 2.]), 'stress': 10, 'text': 'CONSIDERATION', 'total': 10, 'mispronunciations': array([], dtype=object)}
 {'accuracy': 10, 'phones': array(['IH0', 'N'], dtype=object), 'phones-accuracy': array([2., 2.]), 'stress': 10, 'text': 'IN', 'total': 10, 'mispronunciations': array([], dtype=object)}
 {'accuracy': 10, 'phones': array(['M', 'UW1', 'V', 'IH0', 'NG'], dtype=object), 'phones-accuracy': array([2., 2., 2., 2., 2.]), 'stress': 10, 'text': 'MOVING', 'total': 10, 'mispronunciations': array([], dtype=object)}]",2244,f,20,train,022440038,-41.09638500213623
022440038,370,AH0,1.0,1.1100000143051147,-43.04014205932617,insurance,2.0,8,10.0,9,8,8,"[{'accuracy': 10, 'phones': array(['IH0', 'N', 'SH', 'UH1', 'ER0', 'AH0', 'N', 'S'], dtype=object), 'phones-accuracy': array([2. , 2. , 2. , 1.6, 1.6, 2. , 2. , 2. ]), 'stress': 10, 'text': 'INSURANCE', 'total': 9, 'mispronunciations': array([], dtype=object)}
 {'accuracy': 10, 'phones': array(['IH0', 'Z'], dtype=object), 'phones-accuracy': array([2. , 1.8]), 'stress': 10, 'text': 'IS', 'total': 10, 'mispronunciations': array([], dtype=object)}
 {'accuracy': 10, 'phones': array(['AH0'], dtype=object), 'phones-accuracy': array([2.]), 'stress': 10, 'text': 'A', 'total': 10, 'mispronunciations': array([], dtype=object)}
 {'accuracy': 10, 'phones': array(['M', 'EY1', 'JH', 'AH0'], dtype=object), 'phones-accuracy': array([2., 2., 2., 2.]), 'stress': 10, 'text': 'MAJOR', 'total': 10, 'mispronunciations': array([], dtype=object)}
 {'accuracy': 10, 'phones': array(['K', 'AH0', 'N', 'S', 'IH2', 'D', 'AH0', 'R', 'EY1', 'SH', 'N'],
       dtype=object), 'phones-accuracy': array([2., 2., 2., 2., 2., 2., 2., 2., 2., 2., 2.]), 'stress': 10, 'text': 'CONSIDERATION', 'total': 10, 'mispronunciations': array([], dtype=object)}
 {'accuracy': 10, 'phones': array(['IH0', 'N'], dtype=object), 'phones-accuracy': array([2., 2.]), 'stress': 10, 'text': 'IN', 'total': 10, 'mispronunciations': array([], dtype=object)}
 {'accuracy': 10, 'phones': array(['M', 'UW1', 'V', 'IH0', 'NG'], dtype=object), 'phones-accuracy': array([2., 2., 2., 2., 2.]), 'stress': 10, 'text': 'MOVING', 'total': 10, 'mispronunciations': array([], dtype=object)}]",2244,f,20,train,022440038,-42.75447154045105
022440038,371,N,1.1100000143051147,1.1699999570846558,-51.0350456237793,insurance,2.0,8,10.0,9,8,8,"[{'accuracy': 10, 'phones': array(['IH0', 'N', 'SH', 'UH1', 'ER0', 'AH0', 'N', 'S'], dtype=object), 'phones-accuracy': array([2. , 2. , 2. , 1.6, 1.6, 2. , 2. , 2. ]), 'stress': 10, 'text': 'INSURANCE', 'total': 9, 'mispronunciations': array([], dtype=object)}
 {'accuracy': 10, 'phones': array(['IH0', 'Z'], dtype=object), 'phones-accuracy': array([2. , 1.8]), 'stress': 10, 'text': 'IS', 'total': 10, 'mispronunciations': array([], dtype=object)}
 {'accuracy': 10, 'phones': array(['AH0'], dtype=object), 'phones-accuracy': array([2.]), 'stress': 10, 'text': 'A', 'total': 10, 'mispronunciations': array([], dtype=object)}
 {'accuracy': 10, 'phones': array(['M', 'EY1', 'JH', 'AH0'], dtype=object), 'phones-accuracy': array([2., 2., 2., 2.]), 'stress': 10, 'text': 'MAJOR', 'total': 10, 'mispronunciations': array([], dtype=object)}
 {'accuracy': 10, 'phones': array(['K', 'AH0', 'N', 'S', 'IH2', 'D', 'AH0', 'R', 'EY1', 'SH', 'N'],
       dtype=object), 'phones-accuracy': array([2., 2., 2., 2., 2., 2., 2., 2., 2., 2., 2.]), 'stress': 10, 'text': 'CONSIDERATION', 'total': 10, 'mispronunciations': array([], dtype=object)}
 {'accuracy': 10, 'phones': array(['IH0', 'N'], dtype=object), 'phones-accuracy': array([2., 2.]), 'stress': 10, 'text': 'IN', 'total': 10, 'mispronunciations': array([], dtype=object)}
 {'accuracy': 10, 'phones': array(['M', 'UW1', 'V', 'IH0', 'NG'], dtype=object), 'phones-accuracy': array([2., 2., 2., 2., 2.]), 'stress': 10, 'text': 'MOVING', 'total': 10, 'mispronunciations': array([], dtype=object)}]",2244,f,20,train,022440038,-50.80616934597492
022440038,372,S,1.1699999570846558,1.2699999809265137,-53.45581817626953,insurance,2.0,8,10.0,9,8,8,"[{'accuracy': 10, 'phones': array(['IH0', 'N', 'SH', 'UH1', 'ER0', 'AH0', 'N', 'S'], dtype=object), 'phones-accuracy': array([2. , 2. , 2. , 1.6, 1.6, 2. , 2. , 2. ]), 'stress': 10, 'text': 'INSURANCE', 'total': 9, 'mispronunciations': array([], dtype=object)}
 {'accuracy': 10, 'phones': array(['IH0', 'Z'], dtype=object), 'phones-accuracy': array([2. , 1.8]), 'stress': 10, 'text': 'IS', 'total': 10, 'mispronunciations': array([], dtype=object)}
 {'accuracy': 10, 'phones': array(['AH0'], dtype=object), 'phones-accuracy': array([2.]), 'stress': 10, 'text': 'A', 'total': 10, 'mispronunciations': array([], dtype=object)}
 {'accuracy': 10, 'phones': array(['M', 'EY1', 'JH', 'AH0'], dtype=object), 'phones-accuracy': array([2., 2., 2., 2.]), 'stress': 10, 'text': 'MAJOR', 'total': 10, 'mispronunciations': array([], dtype=object)}
 {'accuracy': 10, 'phones': array(['K', 'AH0', 'N', 'S', 'IH2', 'D', 'AH0', 'R', 'EY1', 'SH', 'N'],
       dtype=object), 'phones-accuracy': array([2., 2., 2., 2., 2., 2., 2., 2., 2., 2., 2.]), 'stress': 10, 'text': 'CONSIDERATION', 'total': 10, 'mispronunciations': array([], dtype=object)}
 {'accuracy': 10, 'phones': array(['IH0', 'N'], dtype=object), 'phones-accuracy': array([2., 2.]), 'stress': 10, 'text': 'IN', 'total': 10, 'mispronunciations': array([], dtype=object)}
 {'accuracy': 10, 'phones': array(['M', 'UW1', 'V', 'IH0', 'NG'], dtype=object), 'phones-accuracy': array([2., 2., 2., 2., 2.]), 'stress': 10, 'text': 'MOVING', 'total': 10, 'mispronunciations': array([], dtype=object)}]",2244,f,20,train,022440038,-53.220787987113
022440038,373,IH1,1.2699999809265137,1.440000057220459,-60.3955078125,is,,8,10.0,9,8,8,"[{'accuracy': 10, 'phones': array(['IH0', 'N', 'SH', 'UH1', 'ER0', 'AH0', 'N', 'S'], dtype=object), 'phones-accuracy': array([2. , 2. , 2. , 1.6, 1.6, 2. , 2. , 2. ]), 'stress': 10, 'text': 'INSURANCE', 'total': 9, 'mispronunciations': array([], dtype=object)}
 {'accuracy': 10, 'phones': array(['IH0', 'Z'], dtype=object), 'phones-accuracy': array([2. , 1.8]), 'stress': 10, 'text': 'IS', 'total': 10, 'mispronunciations': array([], dtype=object)}
 {'accuracy': 10, 'phones': array(['AH0'], dtype=object), 'phones-accuracy': array([2.]), 'stress': 10, 'text': 'A', 'total': 10, 'mispronunciations': array([], dtype=object)}
 {'accuracy': 10, 'phones': array(['M', 'EY1', 'JH', 'AH0'], dtype=object), 'phones-accuracy': array([2., 2., 2., 2.]), 'stress': 10, 'text': 'MAJOR', 'total': 10, 'mispronunciations': array([], dtype=object)}
 {'accuracy': 10, 'phones': array(['K', 'AH0', 'N', 'S', 'IH2', 'D', 'AH0', 'R', 'EY1', 'SH', 'N'],
       dtype=object), 'phones-accuracy': array([2., 2., 2., 2., 2., 2., 2., 2., 2., 2., 2.]), 'stress': 10, 'text': 'CONSIDERATION', 'total': 10, 'mispronunciations': array([], dtype=object)}
 {'accuracy': 10, 'phones': array(['IH0', 'N'], dtype=object), 'phones-accuracy': array([2., 2.]), 'stress': 10, 'text': 'IN', 'total': 10, 'mispronunciations': array([], dtype=object)}
 {'accuracy': 10, 'phones': array(['M', 'UW1', 'V', 'IH0', 'NG'], dtype=object), 'phones-accuracy': array([2., 2., 2., 2., 2.]), 'stress': 10, 'text': 'MOVING', 'total': 10, 'mispronunciations': array([], dtype=object)}]",2244,f,20,train,022440038,-60.14765591919422
022440038,374,Z,1.440000057220459,1.5099999904632568,-51.53223419189453,is,1.8,8,10.0,9,8,8,"[{'accuracy': 10, 'phones': array(['IH0', 'N', 'SH', 'UH1', 'ER0', 'AH0', 'N', 'S'], dtype=object), 'phones-accuracy': array([2. , 2. , 2. , 1.6, 1.6, 2. , 2. , 2. ]), 'stress': 10, 'text': 'INSURANCE', 'total': 9, 'mispronunciations': array([], dtype=object)}
 {'accuracy': 10, 'phones': array(['IH0', 'Z'], dtype=object), 'phones-accuracy': array([2. , 1.8]), 'stress': 10, 'text': 'IS', 'total': 10, 'mispronunciations': array([], dtype=object)}
 {'accuracy': 10, 'phones': array(['AH0'], dtype=object), 'phones-accuracy': array([2.]), 'stress': 10, 'text': 'A', 'total': 10, 'mispronunciations': array([], dtype=object)}
 {'accuracy': 10, 'phones': array(['M', 'EY1', 'JH', 'AH0'], dtype=object), 'phones-accuracy': array([2., 2., 2., 2.]), 'stress': 10, 'text': 'MAJOR', 'total': 10, 'mispronunciations': array([], dtype=object)}
 {'accuracy': 10, 'phones': array(['K', 'AH0', 'N', 'S', 'IH2', 'D', 'AH0', 'R', 'EY1', 'SH', 'N'],
       dtype=object), 'phones-accuracy': array([2., 2., 2., 2., 2., 2., 2., 2., 2., 2., 2.]), 'stress': 10, 'text': 'CONSIDERATION', 'total': 10, 'mispronunciations': array([], dtype=object)}
 {'accuracy': 10, 'phones': array(['IH0', 'N'], dtype=object), 'phones-accuracy': array([2., 2.]), 'stress': 10, 'text': 'IN', 'total': 10, 'mispronunciations': array([], dtype=object)}
 {'accuracy': 10, 'phones': array(['M', 'UW1', 'V', 'IH0', 'NG'], dtype=object), 'phones-accuracy': array([2., 2., 2., 2., 2.]), 'stress': 10, 'text': 'MOVING', 'total': 10, 'mispronunciations': array([], dtype=object)}]",2244,f,20,train,022440038,-51.33418922126293
022440038,375,AH0,1.5099999904632568,1.6100000143051147,-45.653690338134766,a,2.0,8,10.0,9,8,8,"[{'accuracy': 10, 'phones': array(['IH0', 'N', 'SH', 'UH1', 'ER0', 'AH0', 'N', 'S'], dtype=object), 'phones-accuracy': array([2. , 2. , 2. , 1.6, 1.6, 2. , 2. , 2. ]), 'stress': 10, 'text': 'INSURANCE', 'total': 9, 'mispronunciations': array([], dtype=object)}
 {'accuracy': 10, 'phones': array(['IH0', 'Z'], dtype=object), 'phones-accuracy': array([2. , 1.8]), 'stress': 10, 'text': 'IS', 'total': 10, 'mispronunciations': array([], dtype=object)}
 {'accuracy': 10, 'phones': array(['AH0'], dtype=object), 'phones-accuracy': array([2.]), 'stress': 10, 'text': 'A', 'total': 10, 'mispronunciations': array([], dtype=object)}
 {'accuracy': 10, 'phones': array(['M', 'EY1', 'JH', 'AH0'], dtype=object), 'phones-accuracy': array([2., 2., 2., 2.]), 'stress': 10, 'text': 'MAJOR', 'total': 10, 'mispronunciations': array([], dtype=object)}
 {'accuracy': 10, 'phones': array(['K', 'AH0', 'N', 'S', 'IH2', 'D', 'AH0', 'R', 'EY1', 'SH', 'N'],
       dtype=object), 'phones-accuracy': array([2., 2., 2., 2., 2., 2., 2., 2., 2., 2., 2.]), 'stress': 10, 'text': 'CONSIDERATION', 'total': 10, 'mispronunciations': array([], dtype=object)}
 {'accuracy': 10, 'phones': array(['IH0', 'N'], dtype=object), 'phones-accuracy': array([2., 2.]), 'stress': 10, 'text': 'IN', 'total': 10, 'mispronunciations': array([], dtype=object)}
 {'accuracy': 10, 'phones': array(['M', 'UW1', 'V', 'IH0', 'NG'], dtype=object), 'phones-accuracy': array([2., 2., 2., 2., 2.]), 'stress': 10, 'text': 'MOVING', 'total': 10, 'mispronunciations': array([], dtype=object)}]",2244,f,20,train,022440038,-45.27864682674408
022440038,376,M,1.6100000143051147,1.7400000095367432,-44.84162139892578,major,2.0,8,10.0,9,8,8,"[{'accuracy': 10, 'phones': array(['IH0', 'N', 'SH', 'UH1', 'ER0', 'AH0', 'N', 'S'], dtype=object), 'phones-accuracy': array([2. , 2. , 2. , 1.6, 1.6, 2. , 2. , 2. ]), 'stress': 10, 'text': 'INSURANCE', 'total': 9, 'mispronunciations': array([], dtype=object)}
 {'accuracy': 10, 'phones': array(['IH0', 'Z'], dtype=object), 'phones-accuracy': array([2. , 1.8]), 'stress': 10, 'text': 'IS', 'total': 10, 'mispronunciations': array([], dtype=object)}
 {'accuracy': 10, 'phones': array(['AH0'], dtype=object), 'phones-accuracy': array([2.]), 'stress': 10, 'text': 'A', 'total': 10, 'mispronunciations': array([], dtype=object)}
 {'accuracy': 10, 'phones': array(['M', 'EY1', 'JH', 'AH0'], dtype=object), 'phones-accuracy': array([2., 2., 2., 2.]), 'stress': 10, 'text': 'MAJOR', 'total': 10, 'mispronunciations': array([], dtype=object)}
 {'accuracy': 10, 'phones': array(['K', 'AH0', 'N', 'S', 'IH2', 'D', 'AH0', 'R', 'EY1', 'SH', 'N'],
       dtype=object), 'phones-accuracy': array([2., 2., 2., 2., 2., 2., 2., 2., 2., 2., 2.]), 'stress': 10, 'text': 'CONSIDERATION', 'total': 10, 'mispronunciations': array([], dtype=object)}
 {'accuracy': 10, 'phones': array(['IH0', 'N'], dtype=object), 'phones-accuracy': array([2., 2.]), 'stress': 10, 'text': 'IN', 'total': 10, 'mispronunciations': array([], dtype=object)}
 {'accuracy': 10, 'phones': array(['M', 'UW1', 'V', 'IH0', 'NG'], dtype=object), 'phones-accuracy': array([2., 2., 2., 2., 2.]), 'stress': 10, 'text': 'MOVING', 'total': 10, 'mispronunciations': array([], dtype=object)}]",2244,f,20,train,022440038,-44.71052201092243
022440038,377,EY1,1.7400000095367432,1.940000057220459,-48.18147277832031,major,2.0,8,10.0,9,8,8,"[{'accuracy': 10, 'phones': array(['IH0', 'N', 'SH', 'UH1', 'ER0', 'AH0', 'N', 'S'], dtype=object), 'phones-accuracy': array([2. , 2. , 2. , 1.6, 1.6, 2. , 2. , 2. ]), 'stress': 10, 'text': 'INSURANCE', 'total': 9, 'mispronunciations': array([], dtype=object)}
 {'accuracy': 10, 'phones': array(['IH0', 'Z'], dtype=object), 'phones-accuracy': array([2. , 1.8]), 'stress': 10, 'text': 'IS', 'total': 10, 'mispronunciations': array([], dtype=object)}
 {'accuracy': 10, 'phones': array(['AH0'], dtype=object), 'phones-accuracy': array([2.]), 'stress': 10, 'text': 'A', 'total': 10, 'mispronunciations': array([], dtype=object)}
 {'accuracy': 10, 'phones': array(['M', 'EY1', 'JH', 'AH0'], dtype=object), 'phones-accuracy': array([2., 2., 2., 2.]), 'stress': 10, 'text': 'MAJOR', 'total': 10, 'mispronunciations': array([], dtype=object)}
 {'accuracy': 10, 'phones': array(['K', 'AH0', 'N', 'S', 'IH2', 'D', 'AH0', 'R', 'EY1', 'SH', 'N'],
       dtype=object), 'phones-accuracy': array([2., 2., 2., 2., 2., 2., 2., 2., 2., 2., 2.]), 'stress': 10, 'text': 'CONSIDERATION', 'total': 10, 'mispronunciations': array([], dtype=object)}
 {'accuracy': 10, 'phones': array(['IH0', 'N'], dtype=object), 'phones-accuracy': array([2., 2.]), 'stress': 10, 'text': 'IN', 'total': 10, 'mispronunciations': array([], dtype=object)}
 {'accuracy': 10, 'phones': array(['M', 'UW1', 'V', 'IH0', 'NG'], dtype=object), 'phones-accuracy': array([2., 2., 2., 2., 2.]), 'stress': 10, 'text': 'MOVING', 'total': 10, 'mispronunciations': array([], dtype=object)}]",2244,f,20,train,022440038,-47.80110511183739
022440038,378,JH,1.940000057220459,2.049999952316284,-61.15473937988281,major,2.0,8,10.0,9,8,8,"[{'accuracy': 10, 'phones': array(['IH0', 'N', 'SH', 'UH1', 'ER0', 'AH0', 'N', 'S'], dtype=object), 'phones-accuracy': array([2. , 2. , 2. , 1.6, 1.6, 2. , 2. , 2. ]), 'stress': 10, 'text': 'INSURANCE', 'total': 9, 'mispronunciations': array([], dtype=object)}
 {'accuracy': 10, 'phones': array(['IH0', 'Z'], dtype=object), 'phones-accuracy': array([2. , 1.8]), 'stress': 10, 'text': 'IS', 'total': 10, 'mispronunciations': array([], dtype=object)}
 {'accuracy': 10, 'phones': array(['AH0'], dtype=object), 'phones-accuracy': array([2.]), 'stress': 10, 'text': 'A', 'total': 10, 'mispronunciations': array([], dtype=object)}
 {'accuracy': 10, 'phones': array(['M', 'EY1', 'JH', 'AH0'], dtype=object), 'phones-accuracy': array([2., 2., 2., 2.]), 'stress': 10, 'text': 'MAJOR', 'total': 10, 'mispronunciations': array([], dtype=object)}
 {'accuracy': 10, 'phones': array(['K', 'AH0', 'N', 'S', 'IH2', 'D', 'AH0', 'R', 'EY1', 'SH', 'N'],
       dtype=object), 'phones-accuracy': array([2., 2., 2., 2., 2., 2., 2., 2., 2., 2., 2.]), 'stress': 10, 'text': 'CONSIDERATION', 'total': 10, 'mispronunciations': array([], dtype=object)}
 {'accuracy': 10, 'phones': array(['IH0', 'N'], dtype=object), 'phones-accuracy': array([2., 2.]), 'stress': 10, 'text': 'IN', 'total': 10, 'mispronunciations': array([], dtype=object)}
 {'accuracy': 10, 'phones': array(['M', 'UW1', 'V', 'IH0', 'NG'], dtype=object), 'phones-accuracy': array([2., 2., 2., 2., 2.]), 'stress': 10, 'text': 'MOVING', 'total': 10, 'mispronunciations': array([], dtype=object)}]",2244,f,20,train,022440038,-60.86260125041008
022440038,379,ER0,2.049999952316284,2.240000009536743,-46.774635314941406,major,1.6,8,10.0,9,8,8,"[{'accuracy': 10, 'phones': array(['IH0', 'N', 'SH', 'UH1', 'ER0', 'AH0', 'N', 'S'], dtype=object), 'phones-accuracy': array([2. , 2. , 2. , 1.6, 1.6, 2. , 2. , 2. ]), 'stress': 10, 'text': 'INSURANCE', 'total': 9, 'mispronunciations': array([], dtype=object)}
 {'accuracy': 10, 'phones': array(['IH0', 'Z'], dtype=object), 'phones-accuracy': array([2. , 1.8]), 'stress': 10, 'text': 'IS', 'total': 10, 'mispronunciations': array([], dtype=object)}
 {'accuracy': 10, 'phones': array(['AH0'], dtype=object), 'phones-accuracy': array([2.]), 'stress': 10, 'text': 'A', 'total': 10, 'mispronunciations': array([], dtype=object)}
 {'accuracy': 10, 'phones': array(['M', 'EY1', 'JH', 'AH0'], dtype=object), 'phones-accuracy': array([2., 2., 2., 2.]), 'stress': 10, 'text': 'MAJOR', 'total': 10, 'mispronunciations': array([], dtype=object)}
 {'accuracy': 10, 'phones': array(['K', 'AH0', 'N', 'S', 'IH2', 'D', 'AH0', 'R', 'EY1', 'SH', 'N'],
       dtype=object), 'phones-accuracy': array([2., 2., 2., 2., 2., 2., 2., 2., 2., 2., 2.]), 'stress': 10, 'text': 'CONSIDERATION', 'total': 10, 'mispronunciations': array([], dtype=object)}
 {'accuracy': 10, 'phones': array(['IH0', 'N'], dtype=object), 'phones-accuracy': array([2., 2.]), 'stress': 10, 'text': 'IN', 'total': 10, 'mispronunciations': array([], dtype=object)}
 {'accuracy': 10, 'phones': array(['M', 'UW1', 'V', 'IH0', 'NG'], dtype=object), 'phones-accuracy': array([2., 2., 2., 2., 2.]), 'stress': 10, 'text': 'MOVING', 'total': 10, 'mispronunciations': array([], dtype=object)}]",2244,f,20,train,022440038,-46.437944769859314
022440038,380,sil,2.240000009536743,2.2699999809265137,-68.11356353759766,<eps>,,8,10.0,9,8,8,"[{'accuracy': 10, 'phones': array(['IH0', 'N', 'SH', 'UH1', 'ER0', 'AH0', 'N', 'S'], dtype=object), 'phones-accuracy': array([2. , 2. , 2. , 1.6, 1.6, 2. , 2. , 2. ]), 'stress': 10, 'text': 'INSURANCE', 'total': 9, 'mispronunciations': array([], dtype=object)}
 {'accuracy': 10, 'phones': array(['IH0', 'Z'], dtype=object), 'phones-accuracy': array([2. , 1.8]), 'stress': 10, 'text': 'IS', 'total': 10, 'mispronunciations': array([], dtype=object)}
 {'accuracy': 10, 'phones': array(['AH0'], dtype=object), 'phones-accuracy': array([2.]), 'stress': 10, 'text': 'A', 'total': 10, 'mispronunciations': array([], dtype=object)}
 {'accuracy': 10, 'phones': array(['M', 'EY1', 'JH', 'AH0'], dtype=object), 'phones-accuracy': array([2., 2., 2., 2.]), 'stress': 10, 'text': 'MAJOR', 'total': 10, 'mispronunciations': array([], dtype=object)}
 {'accuracy': 10, 'phones': array(['K', 'AH0', 'N', 'S', 'IH2', 'D', 'AH0', 'R', 'EY1', 'SH', 'N'],
       dtype=object), 'phones-accuracy': array([2., 2., 2., 2., 2., 2., 2., 2., 2., 2., 2.]), 'stress': 10, 'text': 'CONSIDERATION', 'total': 10, 'mispronunciations': array([], dtype=object)}
 {'accuracy': 10, 'phones': array(['IH0', 'N'], dtype=object), 'phones-accuracy': array([2., 2.]), 'stress': 10, 'text': 'IN', 'total': 10, 'mispronunciations': array([], dtype=object)}
 {'accuracy': 10, 'phones': array(['M', 'UW1', 'V', 'IH0', 'NG'], dtype=object), 'phones-accuracy': array([2., 2., 2., 2., 2.]), 'stress': 10, 'text': 'MOVING', 'total': 10, 'mispronunciations': array([], dtype=object)}]",2244,f,20,train,022440038,-67.90111193060875
022440038,381,K,2.2699999809265137,2.3499999046325684,-63.247100830078125,consideration,2.0,8,10.0,9,8,8,"[{'accuracy': 10, 'phones': array(['IH0', 'N', 'SH', 'UH1', 'ER0', 'AH0', 'N', 'S'], dtype=object), 'phones-accuracy': array([2. , 2. , 2. , 1.6, 1.6, 2. , 2. , 2. ]), 'stress': 10, 'text': 'INSURANCE', 'total': 9, 'mispronunciations': array([], dtype=object)}
 {'accuracy': 10, 'phones': array(['IH0', 'Z'], dtype=object), 'phones-accuracy': array([2. , 1.8]), 'stress': 10, 'text': 'IS', 'total': 10, 'mispronunciations': array([], dtype=object)}
 {'accuracy': 10, 'phones': array(['AH0'], dtype=object), 'phones-accuracy': array([2.]), 'stress': 10, 'text': 'A', 'total': 10, 'mispronunciations': array([], dtype=object)}
 {'accuracy': 10, 'phones': array(['M', 'EY1', 'JH', 'AH0'], dtype=object), 'phones-accuracy': array([2., 2., 2., 2.]), 'stress': 10, 'text': 'MAJOR', 'total': 10, 'mispronunciations': array([], dtype=object)}
 {'accuracy': 10, 'phones': array(['K', 'AH0', 'N', 'S', 'IH2', 'D', 'AH0', 'R', 'EY1', 'SH', 'N'],
       dtype=object), 'phones-accuracy': array([2., 2., 2., 2., 2., 2., 2., 2., 2., 2., 2.]), 'stress': 10, 'text': 'CONSIDERATION', 'total': 10, 'mispronunciations': array([], dtype=object)}
 {'accuracy': 10, 'phones': array(['IH0', 'N'], dtype=object), 'phones-accuracy': array([2., 2.]), 'stress': 10, 'text': 'IN', 'total': 10, 'mispronunciations': array([], dtype=object)}
 {'accuracy': 10, 'phones': array(['M', 'UW1', 'V', 'IH0', 'NG'], dtype=object), 'phones-accuracy': array([2., 2., 2., 2., 2.]), 'stress': 10, 'text': 'MOVING', 'total': 10, 'mispronunciations': array([], dtype=object)}]",2244,f,20,train,022440038,-63.12171359360218
022440038,382,AH0,2.3499999046325684,2.4200000762939453,-56.57016372680664,consideration,2.0,8,10.0,9,8,8,"[{'accuracy': 10, 'phones': array(['IH0', 'N', 'SH', 'UH1', 'ER0', 'AH0', 'N', 'S'], dtype=object), 'phones-accuracy': array([2. , 2. , 2. , 1.6, 1.6, 2. , 2. , 2. ]), 'stress': 10, 'text': 'INSURANCE', 'total': 9, 'mispronunciations': array([], dtype=object)}
 {'accuracy': 10, 'phones': array(['IH0', 'Z'], dtype=object), 'phones-accuracy': array([2. , 1.8]), 'stress': 10, 'text': 'IS', 'total': 10, 'mispronunciations': array([], dtype=object)}
 {'accuracy': 10, 'phones': array(['AH0'], dtype=object), 'phones-accuracy': array([2.]), 'stress': 10, 'text': 'A', 'total': 10, 'mispronunciations': array([], dtype=object)}
 {'accuracy': 10, 'phones': array(['M', 'EY1', 'JH', 'AH0'], dtype=object), 'phones-accuracy': array([2., 2., 2., 2.]), 'stress': 10, 'text': 'MAJOR', 'total': 10, 'mispronunciations': array([], dtype=object)}
 {'accuracy': 10, 'phones': array(['K', 'AH0', 'N', 'S', 'IH2', 'D', 'AH0', 'R', 'EY1', 'SH', 'N'],
       dtype=object), 'phones-accuracy': array([2., 2., 2., 2., 2., 2., 2., 2., 2., 2., 2.]), 'stress': 10, 'text': 'CONSIDERATION', 'total': 10, 'mispronunciations': array([], dtype=object)}
 {'accuracy': 10, 'phones': array(['IH0', 'N'], dtype=object), 'phones-accuracy': array([2., 2.]), 'stress': 10, 'text': 'IN', 'total': 10, 'mispronunciations': array([], dtype=object)}
 {'accuracy': 10, 'phones': array(['M', 'UW1', 'V', 'IH0', 'NG'], dtype=object), 'phones-accuracy': array([2., 2., 2., 2., 2.]), 'stress': 10, 'text': 'MOVING', 'total': 10, 'mispronunciations': array([], dtype=object)}]",2244,f,20,train,022440038,-56.31270560622215
022440038,383,N,2.4200000762939453,2.4600000381469727,-57.66561126708984,consideration,2.0,8,10.0,9,8,8,"[{'accuracy': 10, 'phones': array(['IH0', 'N', 'SH', 'UH1', 'ER0', 'AH0', 'N', 'S'], dtype=object), 'phones-accuracy': array([2. , 2. , 2. , 1.6, 1.6, 2. , 2. , 2. ]), 'stress': 10, 'text': 'INSURANCE', 'total': 9, 'mispronunciations': array([], dtype=object)}
 {'accuracy': 10, 'phones': array(['IH0', 'Z'], dtype=object), 'phones-accuracy': array([2. , 1.8]), 'stress': 10, 'text': 'IS', 'total': 10, 'mispronunciations': array([], dtype=object)}
 {'accuracy': 10, 'phones': array(['AH0'], dtype=object), 'phones-accuracy': array([2.]), 'stress': 10, 'text': 'A', 'total': 10, 'mispronunciations': array([], dtype=object)}
 {'accuracy': 10, 'phones': array(['M', 'EY1', 'JH', 'AH0'], dtype=object), 'phones-accuracy': array([2., 2., 2., 2.]), 'stress': 10, 'text': 'MAJOR', 'total': 10, 'mispronunciations': array([], dtype=object)}
 {'accuracy': 10, 'phones': array(['K', 'AH0', 'N', 'S', 'IH2', 'D', 'AH0', 'R', 'EY1', 'SH', 'N'],
       dtype=object), 'phones-accuracy': array([2., 2., 2., 2., 2., 2., 2., 2., 2., 2., 2.]), 'stress': 10, 'text': 'CONSIDERATION', 'total': 10, 'mispronunciations': array([], dtype=object)}
 {'accuracy': 10, 'phones': array(['IH0', 'N'], dtype=object), 'phones-accuracy': array([2., 2.]), 'stress': 10, 'text': 'IN', 'total': 10, 'mispronunciations': array([], dtype=object)}
 {'accuracy': 10, 'phones': array(['M', 'UW1', 'V', 'IH0', 'NG'], dtype=object), 'phones-accuracy': array([2., 2., 2., 2., 2.]), 'stress': 10, 'text': 'MOVING', 'total': 10, 'mispronunciations': array([], dtype=object)}]",2244,f,20,train,022440038,-57.53977043926715
022440038,384,S,2.4600000381469727,2.569999933242798,-56.7100715637207,consideration,2.0,8,10.0,9,8,8,"[{'accuracy': 10, 'phones': array(['IH0', 'N', 'SH', 'UH1', 'ER0', 'AH0', 'N', 'S'], dtype=object), 'phones-accuracy': array([2. , 2. , 2. , 1.6, 1.6, 2. , 2. , 2. ]), 'stress': 10, 'text': 'INSURANCE', 'total': 9, 'mispronunciations': array([], dtype=object)}
 {'accuracy': 10, 'phones': array(['IH0', 'Z'], dtype=object), 'phones-accuracy': array([2. , 1.8]), 'stress': 10, 'text': 'IS', 'total': 10, 'mispronunciations': array([], dtype=object)}
 {'accuracy': 10, 'phones': array(['AH0'], dtype=object), 'phones-accuracy': array([2.]), 'stress': 10, 'text': 'A', 'total': 10, 'mispronunciations': array([], dtype=object)}
 {'accuracy': 10, 'phones': array(['M', 'EY1', 'JH', 'AH0'], dtype=object), 'phones-accuracy': array([2., 2., 2., 2.]), 'stress': 10, 'text': 'MAJOR', 'total': 10, 'mispronunciations': array([], dtype=object)}
 {'accuracy': 10, 'phones': array(['K', 'AH0', 'N', 'S', 'IH2', 'D', 'AH0', 'R', 'EY1', 'SH', 'N'],
       dtype=object), 'phones-accuracy': array([2., 2., 2., 2., 2., 2., 2., 2., 2., 2., 2.]), 'stress': 10, 'text': 'CONSIDERATION', 'total': 10, 'mispronunciations': array([], dtype=object)}
 {'accuracy': 10, 'phones': array(['IH0', 'N'], dtype=object), 'phones-accuracy': array([2., 2.]), 'stress': 10, 'text': 'IN', 'total': 10, 'mispronunciations': array([], dtype=object)}
 {'accuracy': 10, 'phones': array(['M', 'UW1', 'V', 'IH0', 'NG'], dtype=object), 'phones-accuracy': array([2., 2., 2., 2., 2.]), 'stress': 10, 'text': 'MOVING', 'total': 10, 'mispronunciations': array([], dtype=object)}]",2244,f,20,train,022440038,-56.539116233587265
022440038,385,IH2,2.569999933242798,2.6600000858306885,-56.5828742980957,consideration,2.0,8,10.0,9,8,8,"[{'accuracy': 10, 'phones': array(['IH0', 'N', 'SH', 'UH1', 'ER0', 'AH0', 'N', 'S'], dtype=object), 'phones-accuracy': array([2. , 2. , 2. , 1.6, 1.6, 2. , 2. , 2. ]), 'stress': 10, 'text': 'INSURANCE', 'total': 9, 'mispronunciations': array([], dtype=object)}
 {'accuracy': 10, 'phones': array(['IH0', 'Z'], dtype=object), 'phones-accuracy': array([2. , 1.8]), 'stress': 10, 'text': 'IS', 'total': 10, 'mispronunciations': array([], dtype=object)}
 {'accuracy': 10, 'phones': array(['AH0'], dtype=object), 'phones-accuracy': array([2.]), 'stress': 10, 'text': 'A', 'total': 10, 'mispronunciations': array([], dtype=object)}
 {'accuracy': 10, 'phones': array(['M', 'EY1', 'JH', 'AH0'], dtype=object), 'phones-accuracy': array([2., 2., 2., 2.]), 'stress': 10, 'text': 'MAJOR', 'total': 10, 'mispronunciations': array([], dtype=object)}
 {'accuracy': 10, 'phones': array(['K', 'AH0', 'N', 'S', 'IH2', 'D', 'AH0', 'R', 'EY1', 'SH', 'N'],
       dtype=object), 'phones-accuracy': array([2., 2., 2., 2., 2., 2., 2., 2., 2., 2., 2.]), 'stress': 10, 'text': 'CONSIDERATION', 'total': 10, 'mispronunciations': array([], dtype=object)}
 {'accuracy': 10, 'phones': array(['IH0', 'N'], dtype=object), 'phones-accuracy': array([2., 2.]), 'stress': 10, 'text': 'IN', 'total': 10, 'mispronunciations': array([], dtype=object)}
 {'accuracy': 10, 'phones': array(['M', 'UW1', 'V', 'IH0', 'NG'], dtype=object), 'phones-accuracy': array([2., 2., 2., 2., 2.]), 'stress': 10, 'text': 'MOVING', 'total': 10, 'mispronunciations': array([], dtype=object)}]",2244,f,20,train,022440038,-56.36757010221481
022440038,386,D,2.6600000858306885,2.690000057220459,-51.5225944519043,consideration,2.0,8,10.0,9,8,8,"[{'accuracy': 10, 'phones': array(['IH0', 'N', 'SH', 'UH1', 'ER0', 'AH0', 'N', 'S'], dtype=object), 'phones-accuracy': array([2. , 2. , 2. , 1.6, 1.6, 2. , 2. , 2. ]), 'stress': 10, 'text': 'INSURANCE', 'total': 9, 'mispronunciations': array([], dtype=object)}
 {'accuracy': 10, 'phones': array(['IH0', 'Z'], dtype=object), 'phones-accuracy': array([2. , 1.8]), 'stress': 10, 'text': 'IS', 'total': 10, 'mispronunciations': array([], dtype=object)}
 {'accuracy': 10, 'phones': array(['AH0'], dtype=object), 'phones-accuracy': array([2.]), 'stress': 10, 'text': 'A', 'total': 10, 'mispronunciations': array([], dtype=object)}
 {'accuracy': 10, 'phones': array(['M', 'EY1', 'JH', 'AH0'], dtype=object), 'phones-accuracy': array([2., 2., 2., 2.]), 'stress': 10, 'text': 'MAJOR', 'total': 10, 'mispronunciations': array([], dtype=object)}
 {'accuracy': 10, 'phones': array(['K', 'AH0', 'N', 'S', 'IH2', 'D', 'AH0', 'R', 'EY1', 'SH', 'N'],
       dtype=object), 'phones-accuracy': array([2., 2., 2., 2., 2., 2., 2., 2., 2., 2., 2.]), 'stress': 10, 'text': 'CONSIDERATION', 'total': 10, 'mispronunciations': array([], dtype=object)}
 {'accuracy': 10, 'phones': array(['IH0', 'N'], dtype=object), 'phones-accuracy': array([2., 2.]), 'stress': 10, 'text': 'IN', 'total': 10, 'mispronunciations': array([], dtype=object)}
 {'accuracy': 10, 'phones': array(['M', 'UW1', 'V', 'IH0', 'NG'], dtype=object), 'phones-accuracy': array([2., 2., 2., 2., 2.]), 'stress': 10, 'text': 'MOVING', 'total': 10, 'mispronunciations': array([], dtype=object)}]",2244,f,20,train,022440038,-51.305678963661194
022440038,387,ER0,2.690000057220459,2.8299999237060547,-42.07666778564453,consideration,1.6,8,10.0,9,8,8,"[{'accuracy': 10, 'phones': array(['IH0', 'N', 'SH', 'UH1', 'ER0', 'AH0', 'N', 'S'], dtype=object), 'phones-accuracy': array([2. , 2. , 2. , 1.6, 1.6, 2. , 2. , 2. ]), 'stress': 10, 'text': 'INSURANCE', 'total': 9, 'mispronunciations': array([], dtype=object)}
 {'accuracy': 10, 'phones': array(['IH0', 'Z'], dtype=object), 'phones-accuracy': array([2. , 1.8]), 'stress': 10, 'text': 'IS', 'total': 10, 'mispronunciations': array([], dtype=object)}
 {'accuracy': 10, 'phones': array(['AH0'], dtype=object), 'phones-accuracy': array([2.]), 'stress': 10, 'text': 'A', 'total': 10, 'mispronunciations': array([], dtype=object)}
 {'accuracy': 10, 'phones': array(['M', 'EY1', 'JH', 'AH0'], dtype=object), 'phones-accuracy': array([2., 2., 2., 2.]), 'stress': 10, 'text': 'MAJOR', 'total': 10, 'mispronunciations': array([], dtype=object)}
 {'accuracy': 10, 'phones': array(['K', 'AH0', 'N', 'S', 'IH2', 'D', 'AH0', 'R', 'EY1', 'SH', 'N'],
       dtype=object), 'phones-accuracy': array([2., 2., 2., 2., 2., 2., 2., 2., 2., 2., 2.]), 'stress': 10, 'text': 'CONSIDERATION', 'total': 10, 'mispronunciations': array([], dtype=object)}
 {'accuracy': 10, 'phones': array(['IH0', 'N'], dtype=object), 'phones-accuracy': array([2., 2.]), 'stress': 10, 'text': 'IN', 'total': 10, 'mispronunciations': array([], dtype=object)}
 {'accuracy': 10, 'phones': array(['M', 'UW1', 'V', 'IH0', 'NG'], dtype=object), 'phones-accuracy': array([2., 2., 2., 2., 2.]), 'stress': 10, 'text': 'MOVING', 'total': 10, 'mispronunciations': array([], dtype=object)}]",2244,f,20,train,022440038,-41.60970735549927
022440038,388,EY1,2.8299999237060547,2.970000028610229,-43.23670196533203,consideration,2.0,8,10.0,9,8,8,"[{'accuracy': 10, 'phones': array(['IH0', 'N', 'SH', 'UH1', 'ER0', 'AH0', 'N', 'S'], dtype=object), 'phones-accuracy': array([2. , 2. , 2. , 1.6, 1.6, 2. , 2. , 2. ]), 'stress': 10, 'text': 'INSURANCE', 'total': 9, 'mispronunciations': array([], dtype=object)}
 {'accuracy': 10, 'phones': array(['IH0', 'Z'], dtype=object), 'phones-accuracy': array([2. , 1.8]), 'stress': 10, 'text': 'IS', 'total': 10, 'mispronunciations': array([], dtype=object)}
 {'accuracy': 10, 'phones': array(['AH0'], dtype=object), 'phones-accuracy': array([2.]), 'stress': 10, 'text': 'A', 'total': 10, 'mispronunciations': array([], dtype=object)}
 {'accuracy': 10, 'phones': array(['M', 'EY1', 'JH', 'AH0'], dtype=object), 'phones-accuracy': array([2., 2., 2., 2.]), 'stress': 10, 'text': 'MAJOR', 'total': 10, 'mispronunciations': array([], dtype=object)}
 {'accuracy': 10, 'phones': array(['K', 'AH0', 'N', 'S', 'IH2', 'D', 'AH0', 'R', 'EY1', 'SH', 'N'],
       dtype=object), 'phones-accuracy': array([2., 2., 2., 2., 2., 2., 2., 2., 2., 2., 2.]), 'stress': 10, 'text': 'CONSIDERATION', 'total': 10, 'mispronunciations': array([], dtype=object)}
 {'accuracy': 10, 'phones': array(['IH0', 'N'], dtype=object), 'phones-accuracy': array([2., 2.]), 'stress': 10, 'text': 'IN', 'total': 10, 'mispronunciations': array([], dtype=object)}
 {'accuracy': 10, 'phones': array(['M', 'UW1', 'V', 'IH0', 'NG'], dtype=object), 'phones-accuracy': array([2., 2., 2., 2., 2.]), 'stress': 10, 'text': 'MOVING', 'total': 10, 'mispronunciations': array([], dtype=object)}]",2244,f,20,train,022440038,-42.961007386446
022440038,389,SH,2.970000028610229,3.0799999237060547,-61.9642333984375,consideration,2.0,8,10.0,9,8,8,"[{'accuracy': 10, 'phones': array(['IH0', 'N', 'SH', 'UH1', 'ER0', 'AH0', 'N', 'S'], dtype=object), 'phones-accuracy': array([2. , 2. , 2. , 1.6, 1.6, 2. , 2. , 2. ]), 'stress': 10, 'text': 'INSURANCE', 'total': 9, 'mispronunciations': array([], dtype=object)}
 {'accuracy': 10, 'phones': array(['IH0', 'Z'], dtype=object), 'phones-accuracy': array([2. , 1.8]), 'stress': 10, 'text': 'IS', 'total': 10, 'mispronunciations': array([], dtype=object)}
 {'accuracy': 10, 'phones': array(['AH0'], dtype=object), 'phones-accuracy': array([2.]), 'stress': 10, 'text': 'A', 'total': 10, 'mispronunciations': array([], dtype=object)}
 {'accuracy': 10, 'phones': array(['M', 'EY1', 'JH', 'AH0'], dtype=object), 'phones-accuracy': array([2., 2., 2., 2.]), 'stress': 10, 'text': 'MAJOR', 'total': 10, 'mispronunciations': array([], dtype=object)}
 {'accuracy': 10, 'phones': array(['K', 'AH0', 'N', 'S', 'IH2', 'D', 'AH0', 'R', 'EY1', 'SH', 'N'],
       dtype=object), 'phones-accuracy': array([2., 2., 2., 2., 2., 2., 2., 2., 2., 2., 2.]), 'stress': 10, 'text': 'CONSIDERATION', 'total': 10, 'mispronunciations': array([], dtype=object)}
 {'accuracy': 10, 'phones': array(['IH0', 'N'], dtype=object), 'phones-accuracy': array([2., 2.]), 'stress': 10, 'text': 'IN', 'total': 10, 'mispronunciations': array([], dtype=object)}
 {'accuracy': 10, 'phones': array(['M', 'UW1', 'V', 'IH0', 'NG'], dtype=object), 'phones-accuracy': array([2., 2., 2., 2., 2.]), 'stress': 10, 'text': 'MOVING', 'total': 10, 'mispronunciations': array([], dtype=object)}]",2244,f,20,train,022440038,-61.662588238716125
022440038,390,AH0,3.0799999237060547,3.1600000858306885,-50.17649841308594,consideration,2.0,8,10.0,9,8,8,"[{'accuracy': 10, 'phones': array(['IH0', 'N', 'SH', 'UH1', 'ER0', 'AH0', 'N', 'S'], dtype=object), 'phones-accuracy': array([2. , 2. , 2. , 1.6, 1.6, 2. , 2. , 2. ]), 'stress': 10, 'text': 'INSURANCE', 'total': 9, 'mispronunciations': array([], dtype=object)}
 {'accuracy': 10, 'phones': array(['IH0', 'Z'], dtype=object), 'phones-accuracy': array([2. , 1.8]), 'stress': 10, 'text': 'IS', 'total': 10, 'mispronunciations': array([], dtype=object)}
 {'accuracy': 10, 'phones': array(['AH0'], dtype=object), 'phones-accuracy': array([2.]), 'stress': 10, 'text': 'A', 'total': 10, 'mispronunciations': array([], dtype=object)}
 {'accuracy': 10, 'phones': array(['M', 'EY1', 'JH', 'AH0'], dtype=object), 'phones-accuracy': array([2., 2., 2., 2.]), 'stress': 10, 'text': 'MAJOR', 'total': 10, 'mispronunciations': array([], dtype=object)}
 {'accuracy': 10, 'phones': array(['K', 'AH0', 'N', 'S', 'IH2', 'D', 'AH0', 'R', 'EY1', 'SH', 'N'],
       dtype=object), 'phones-accuracy': array([2., 2., 2., 2., 2., 2., 2., 2., 2., 2., 2.]), 'stress': 10, 'text': 'CONSIDERATION', 'total': 10, 'mispronunciations': array([], dtype=object)}
 {'accuracy': 10, 'phones': array(['IH0', 'N'], dtype=object), 'phones-accuracy': array([2., 2.]), 'stress': 10, 'text': 'IN', 'total': 10, 'mispronunciations': array([], dtype=object)}
 {'accuracy': 10, 'phones': array(['M', 'UW1', 'V', 'IH0', 'NG'], dtype=object), 'phones-accuracy': array([2., 2., 2., 2., 2.]), 'stress': 10, 'text': 'MOVING', 'total': 10, 'mispronunciations': array([], dtype=object)}]",2244,f,20,train,022440038,-49.90825483202934
022440038,391,N,3.1600000858306885,3.200000047683716,-51.46391296386719,consideration,2.0,8,10.0,9,8,8,"[{'accuracy': 10, 'phones': array(['IH0', 'N', 'SH', 'UH1', 'ER0', 'AH0', 'N', 'S'], dtype=object), 'phones-accuracy': array([2. , 2. , 2. , 1.6, 1.6, 2. , 2. , 2. ]), 'stress': 10, 'text': 'INSURANCE', 'total': 9, 'mispronunciations': array([], dtype=object)}
 {'accuracy': 10, 'phones': array(['IH0', 'Z'], dtype=object), 'phones-accuracy': array([2. , 1.8]), 'stress': 10, 'text': 'IS', 'total': 10, 'mispronunciations': array([], dtype=object)}
 {'accuracy': 10, 'phones': array(['AH0'], dtype=object), 'phones-accuracy': array([2.]), 'stress': 10, 'text': 'A', 'total': 10, 'mispronunciations': array([], dtype=object)}
 {'accuracy': 10, 'phones': array(['M', 'EY1', 'JH', 'AH0'], dtype=object), 'phones-accuracy': array([2., 2., 2., 2.]), 'stress': 10, 'text': 'MAJOR', 'total': 10, 'mispronunciations': array([], dtype=object)}
 {'accuracy': 10, 'phones': array(['K', 'AH0', 'N', 'S', 'IH2', 'D', 'AH0', 'R', 'EY1', 'SH', 'N'],
       dtype=object), 'phones-accuracy': array([2., 2., 2., 2., 2., 2., 2., 2., 2., 2., 2.]), 'stress': 10, 'text': 'CONSIDERATION', 'total': 10, 'mispronunciations': array([], dtype=object)}
 {'accuracy': 10, 'phones': array(['IH0', 'N'], dtype=object), 'phones-accuracy': array([2., 2.]), 'stress': 10, 'text': 'IN', 'total': 10, 'mispronunciations': array([], dtype=object)}
 {'accuracy': 10, 'phones': array(['M', 'UW1', 'V', 'IH0', 'NG'], dtype=object), 'phones-accuracy': array([2., 2., 2., 2., 2.]), 'stress': 10, 'text': 'MOVING', 'total': 10, 'mispronunciations': array([], dtype=object)}]",2244,f,20,train,022440038,-51.265075758099556
022440038,392,IH1,3.200000047683716,3.299999952316284,-55.31752395629883,in,,8,10.0,9,8,8,"[{'accuracy': 10, 'phones': array(['IH0', 'N', 'SH', 'UH1', 'ER0', 'AH0', 'N', 'S'], dtype=object), 'phones-accuracy': array([2. , 2. , 2. , 1.6, 1.6, 2. , 2. , 2. ]), 'stress': 10, 'text': 'INSURANCE', 'total': 9, 'mispronunciations': array([], dtype=object)}
 {'accuracy': 10, 'phones': array(['IH0', 'Z'], dtype=object), 'phones-accuracy': array([2. , 1.8]), 'stress': 10, 'text': 'IS', 'total': 10, 'mispronunciations': array([], dtype=object)}
 {'accuracy': 10, 'phones': array(['AH0'], dtype=object), 'phones-accuracy': array([2.]), 'stress': 10, 'text': 'A', 'total': 10, 'mispronunciations': array([], dtype=object)}
 {'accuracy': 10, 'phones': array(['M', 'EY1', 'JH', 'AH0'], dtype=object), 'phones-accuracy': array([2., 2., 2., 2.]), 'stress': 10, 'text': 'MAJOR', 'total': 10, 'mispronunciations': array([], dtype=object)}
 {'accuracy': 10, 'phones': array(['K', 'AH0', 'N', 'S', 'IH2', 'D', 'AH0', 'R', 'EY1', 'SH', 'N'],
       dtype=object), 'phones-accuracy': array([2., 2., 2., 2., 2., 2., 2., 2., 2., 2., 2.]), 'stress': 10, 'text': 'CONSIDERATION', 'total': 10, 'mispronunciations': array([], dtype=object)}
 {'accuracy': 10, 'phones': array(['IH0', 'N'], dtype=object), 'phones-accuracy': array([2., 2.]), 'stress': 10, 'text': 'IN', 'total': 10, 'mispronunciations': array([], dtype=object)}
 {'accuracy': 10, 'phones': array(['M', 'UW1', 'V', 'IH0', 'NG'], dtype=object), 'phones-accuracy': array([2., 2., 2., 2., 2.]), 'stress': 10, 'text': 'MOVING', 'total': 10, 'mispronunciations': array([], dtype=object)}]",2244,f,20,train,022440038,-55.04658779501915
022440038,393,N,3.299999952316284,3.359999895095825,-36.33259963989258,in,2.0,8,10.0,9,8,8,"[{'accuracy': 10, 'phones': array(['IH0', 'N', 'SH', 'UH1', 'ER0', 'AH0', 'N', 'S'], dtype=object), 'phones-accuracy': array([2. , 2. , 2. , 1.6, 1.6, 2. , 2. , 2. ]), 'stress': 10, 'text': 'INSURANCE', 'total': 9, 'mispronunciations': array([], dtype=object)}
 {'accuracy': 10, 'phones': array(['IH0', 'Z'], dtype=object), 'phones-accuracy': array([2. , 1.8]), 'stress': 10, 'text': 'IS', 'total': 10, 'mispronunciations': array([], dtype=object)}
 {'accuracy': 10, 'phones': array(['AH0'], dtype=object), 'phones-accuracy': array([2.]), 'stress': 10, 'text': 'A', 'total': 10, 'mispronunciations': array([], dtype=object)}
 {'accuracy': 10, 'phones': array(['M', 'EY1', 'JH', 'AH0'], dtype=object), 'phones-accuracy': array([2., 2., 2., 2.]), 'stress': 10, 'text': 'MAJOR', 'total': 10, 'mispronunciations': array([], dtype=object)}
 {'accuracy': 10, 'phones': array(['K', 'AH0', 'N', 'S', 'IH2', 'D', 'AH0', 'R', 'EY1', 'SH', 'N'],
       dtype=object), 'phones-accuracy': array([2., 2., 2., 2., 2., 2., 2., 2., 2., 2., 2.]), 'stress': 10, 'text': 'CONSIDERATION', 'total': 10, 'mispronunciations': array([], dtype=object)}
 {'accuracy': 10, 'phones': array(['IH0', 'N'], dtype=object), 'phones-accuracy': array([2., 2.]), 'stress': 10, 'text': 'IN', 'total': 10, 'mispronunciations': array([], dtype=object)}
 {'accuracy': 10, 'phones': array(['M', 'UW1', 'V', 'IH0', 'NG'], dtype=object), 'phones-accuracy': array([2., 2., 2., 2., 2.]), 'stress': 10, 'text': 'MOVING', 'total': 10, 'mispronunciations': array([], dtype=object)}]",2244,f,20,train,022440038,-36.16703820228577
022440038,394,M,3.359999895095825,3.430000066757202,-33.42097854614258,moving,2.0,8,10.0,9,8,8,"[{'accuracy': 10, 'phones': array(['IH0', 'N', 'SH', 'UH1', 'ER0', 'AH0', 'N', 'S'], dtype=object), 'phones-accuracy': array([2. , 2. , 2. , 1.6, 1.6, 2. , 2. , 2. ]), 'stress': 10, 'text': 'INSURANCE', 'total': 9, 'mispronunciations': array([], dtype=object)}
 {'accuracy': 10, 'phones': array(['IH0', 'Z'], dtype=object), 'phones-accuracy': array([2. , 1.8]), 'stress': 10, 'text': 'IS', 'total': 10, 'mispronunciations': array([], dtype=object)}
 {'accuracy': 10, 'phones': array(['AH0'], dtype=object), 'phones-accuracy': array([2.]), 'stress': 10, 'text': 'A', 'total': 10, 'mispronunciations': array([], dtype=object)}
 {'accuracy': 10, 'phones': array(['M', 'EY1', 'JH', 'AH0'], dtype=object), 'phones-accuracy': array([2., 2., 2., 2.]), 'stress': 10, 'text': 'MAJOR', 'total': 10, 'mispronunciations': array([], dtype=object)}
 {'accuracy': 10, 'phones': array(['K', 'AH0', 'N', 'S', 'IH2', 'D', 'AH0', 'R', 'EY1', 'SH', 'N'],
       dtype=object), 'phones-accuracy': array([2., 2., 2., 2., 2., 2., 2., 2., 2., 2., 2.]), 'stress': 10, 'text': 'CONSIDERATION', 'total': 10, 'mispronunciations': array([], dtype=object)}
 {'accuracy': 10, 'phones': array(['IH0', 'N'], dtype=object), 'phones-accuracy': array([2., 2.]), 'stress': 10, 'text': 'IN', 'total': 10, 'mispronunciations': array([], dtype=object)}
 {'accuracy': 10, 'phones': array(['M', 'UW1', 'V', 'IH0', 'NG'], dtype=object), 'phones-accuracy': array([2., 2., 2., 2., 2.]), 'stress': 10, 'text': 'MOVING', 'total': 10, 'mispronunciations': array([], dtype=object)}]",2244,f,20,train,022440038,-33.28527723252773
022440038,395,UW1,3.430000066757202,3.5999999046325684,-38.98672866821289,moving,2.0,8,10.0,9,8,8,"[{'accuracy': 10, 'phones': array(['IH0', 'N', 'SH', 'UH1', 'ER0', 'AH0', 'N', 'S'], dtype=object), 'phones-accuracy': array([2. , 2. , 2. , 1.6, 1.6, 2. , 2. , 2. ]), 'stress': 10, 'text': 'INSURANCE', 'total': 9, 'mispronunciations': array([], dtype=object)}
 {'accuracy': 10, 'phones': array(['IH0', 'Z'], dtype=object), 'phones-accuracy': array([2. , 1.8]), 'stress': 10, 'text': 'IS', 'total': 10, 'mispronunciations': array([], dtype=object)}
 {'accuracy': 10, 'phones': array(['AH0'], dtype=object), 'phones-accuracy': array([2.]), 'stress': 10, 'text': 'A', 'total': 10, 'mispronunciations': array([], dtype=object)}
 {'accuracy': 10, 'phones': array(['M', 'EY1', 'JH', 'AH0'], dtype=object), 'phones-accuracy': array([2., 2., 2., 2.]), 'stress': 10, 'text': 'MAJOR', 'total': 10, 'mispronunciations': array([], dtype=object)}
 {'accuracy': 10, 'phones': array(['K', 'AH0', 'N', 'S', 'IH2', 'D', 'AH0', 'R', 'EY1', 'SH', 'N'],
       dtype=object), 'phones-accuracy': array([2., 2., 2., 2., 2., 2., 2., 2., 2., 2., 2.]), 'stress': 10, 'text': 'CONSIDERATION', 'total': 10, 'mispronunciations': array([], dtype=object)}
 {'accuracy': 10, 'phones': array(['IH0', 'N'], dtype=object), 'phones-accuracy': array([2., 2.]), 'stress': 10, 'text': 'IN', 'total': 10, 'mispronunciations': array([], dtype=object)}
 {'accuracy': 10, 'phones': array(['M', 'UW1', 'V', 'IH0', 'NG'], dtype=object), 'phones-accuracy': array([2., 2., 2., 2., 2.]), 'stress': 10, 'text': 'MOVING', 'total': 10, 'mispronunciations': array([], dtype=object)}]",2244,f,20,train,022440038,-38.80518019199371
022440038,396,V,3.5999999046325684,3.630000114440918,-51.97359848022461,moving,2.0,8,10.0,9,8,8,"[{'accuracy': 10, 'phones': array(['IH0', 'N', 'SH', 'UH1', 'ER0', 'AH0', 'N', 'S'], dtype=object), 'phones-accuracy': array([2. , 2. , 2. , 1.6, 1.6, 2. , 2. , 2. ]), 'stress': 10, 'text': 'INSURANCE', 'total': 9, 'mispronunciations': array([], dtype=object)}
 {'accuracy': 10, 'phones': array(['IH0', 'Z'], dtype=object), 'phones-accuracy': array([2. , 1.8]), 'stress': 10, 'text': 'IS', 'total': 10, 'mispronunciations': array([], dtype=object)}
 {'accuracy': 10, 'phones': array(['AH0'], dtype=object), 'phones-accuracy': array([2.]), 'stress': 10, 'text': 'A', 'total': 10, 'mispronunciations': array([], dtype=object)}
 {'accuracy': 10, 'phones': array(['M', 'EY1', 'JH', 'AH0'], dtype=object), 'phones-accuracy': array([2., 2., 2., 2.]), 'stress': 10, 'text': 'MAJOR', 'total': 10, 'mispronunciations': array([], dtype=object)}
 {'accuracy': 10, 'phones': array(['K', 'AH0', 'N', 'S', 'IH2', 'D', 'AH0', 'R', 'EY1', 'SH', 'N'],
       dtype=object), 'phones-accuracy': array([2., 2., 2., 2., 2., 2., 2., 2., 2., 2., 2.]), 'stress': 10, 'text': 'CONSIDERATION', 'total': 10, 'mispronunciations': array([], dtype=object)}
 {'accuracy': 10, 'phones': array(['IH0', 'N'], dtype=object), 'phones-accuracy': array([2., 2.]), 'stress': 10, 'text': 'IN', 'total': 10, 'mispronunciations': array([], dtype=object)}
 {'accuracy': 10, 'phones': array(['M', 'UW1', 'V', 'IH0', 'NG'], dtype=object), 'phones-accuracy': array([2., 2., 2., 2., 2.]), 'stress': 10, 'text': 'MOVING', 'total': 10, 'mispronunciations': array([], dtype=object)}]",2244,f,20,train,022440038,-51.77912491559982
022440038,397,IH0,3.630000114440918,3.7100000381469727,-56.38181686401367,moving,2.0,8,10.0,9,8,8,"[{'accuracy': 10, 'phones': array(['IH0', 'N', 'SH', 'UH1', 'ER0', 'AH0', 'N', 'S'], dtype=object), 'phones-accuracy': array([2. , 2. , 2. , 1.6, 1.6, 2. , 2. , 2. ]), 'stress': 10, 'text': 'INSURANCE', 'total': 9, 'mispronunciations': array([], dtype=object)}
 {'accuracy': 10, 'phones': array(['IH0', 'Z'], dtype=object), 'phones-accuracy': array([2. , 1.8]), 'stress': 10, 'text': 'IS', 'total': 10, 'mispronunciations': array([], dtype=object)}
 {'accuracy': 10, 'phones': array(['AH0'], dtype=object), 'phones-accuracy': array([2.]), 'stress': 10, 'text': 'A', 'total': 10, 'mispronunciations': array([], dtype=object)}
 {'accuracy': 10, 'phones': array(['M', 'EY1', 'JH', 'AH0'], dtype=object), 'phones-accuracy': array([2., 2., 2., 2.]), 'stress': 10, 'text': 'MAJOR', 'total': 10, 'mispronunciations': array([], dtype=object)}
 {'accuracy': 10, 'phones': array(['K', 'AH0', 'N', 'S', 'IH2', 'D', 'AH0', 'R', 'EY1', 'SH', 'N'],
       dtype=object), 'phones-accuracy': array([2., 2., 2., 2., 2., 2., 2., 2., 2., 2., 2.]), 'stress': 10, 'text': 'CONSIDERATION', 'total': 10, 'mispronunciations': array([], dtype=object)}
 {'accuracy': 10, 'phones': array(['IH0', 'N'], dtype=object), 'phones-accuracy': array([2., 2.]), 'stress': 10, 'text': 'IN', 'total': 10, 'mispronunciations': array([], dtype=object)}
 {'accuracy': 10, 'phones': array(['M', 'UW1', 'V', 'IH0', 'NG'], dtype=object), 'phones-accuracy': array([2., 2., 2., 2., 2.]), 'stress': 10, 'text': 'MOVING', 'total': 10, 'mispronunciations': array([], dtype=object)}]",2244,f,20,train,022440038,-55.797017991542816
022440038,398,NG,3.7100000381469727,4.130000114440918,-42.14242935180664,moving,2.0,8,10.0,9,8,8,"[{'accuracy': 10, 'phones': array(['IH0', 'N', 'SH', 'UH1', 'ER0', 'AH0', 'N', 'S'], dtype=object), 'phones-accuracy': array([2. , 2. , 2. , 1.6, 1.6, 2. , 2. , 2. ]), 'stress': 10, 'text': 'INSURANCE', 'total': 9, 'mispronunciations': array([], dtype=object)}
 {'accuracy': 10, 'phones': array(['IH0', 'Z'], dtype=object), 'phones-accuracy': array([2. , 1.8]), 'stress': 10, 'text': 'IS', 'total': 10, 'mispronunciations': array([], dtype=object)}
 {'accuracy': 10, 'phones': array(['AH0'], dtype=object), 'phones-accuracy': array([2.]), 'stress': 10, 'text': 'A', 'total': 10, 'mispronunciations': array([], dtype=object)}
 {'accuracy': 10, 'phones': array(['M', 'EY1', 'JH', 'AH0'], dtype=object), 'phones-accuracy': array([2., 2., 2., 2.]), 'stress': 10, 'text': 'MAJOR', 'total': 10, 'mispronunciations': array([], dtype=object)}
 {'accuracy': 10, 'phones': array(['K', 'AH0', 'N', 'S', 'IH2', 'D', 'AH0', 'R', 'EY1', 'SH', 'N'],
       dtype=object), 'phones-accuracy': array([2., 2., 2., 2., 2., 2., 2., 2., 2., 2., 2.]), 'stress': 10, 'text': 'CONSIDERATION', 'total': 10, 'mispronunciations': array([], dtype=object)}
 {'accuracy': 10, 'phones': array(['IH0', 'N'], dtype=object), 'phones-accuracy': array([2., 2.]), 'stress': 10, 'text': 'IN', 'total': 10, 'mispronunciations': array([], dtype=object)}
 {'accuracy': 10, 'phones': array(['M', 'UW1', 'V', 'IH0', 'NG'], dtype=object), 'phones-accuracy': array([2., 2., 2., 2., 2.]), 'stress': 10, 'text': 'MOVING', 'total': 10, 'mispronunciations': array([], dtype=object)}]",2244,f,20,train,022440038,-42.09598343446851
022440038,399,sil,4.130000114440918,4.4720001220703125,-36.61539459228516,<eps>,,8,10.0,9,8,8,"[{'accuracy': 10, 'phones': array(['IH0', 'N', 'SH', 'UH1', 'ER0', 'AH0', 'N', 'S'], dtype=object), 'phones-accuracy': array([2. , 2. , 2. , 1.6, 1.6, 2. , 2. , 2. ]), 'stress': 10, 'text': 'INSURANCE', 'total': 9, 'mispronunciations': array([], dtype=object)}
 {'accuracy': 10, 'phones': array(['IH0', 'Z'], dtype=object), 'phones-accuracy': array([2. , 1.8]), 'stress': 10, 'text': 'IS', 'total': 10, 'mispronunciations': array([], dtype=object)}
 {'accuracy': 10, 'phones': array(['AH0'], dtype=object), 'phones-accuracy': array([2.]), 'stress': 10, 'text': 'A', 'total': 10, 'mispronunciations': array([], dtype=object)}
 {'accuracy': 10, 'phones': array(['M', 'EY1', 'JH', 'AH0'], dtype=object), 'phones-accuracy': array([2., 2., 2., 2.]), 'stress': 10, 'text': 'MAJOR', 'total': 10, 'mispronunciations': array([], dtype=object)}
 {'accuracy': 10, 'phones': array(['K', 'AH0', 'N', 'S', 'IH2', 'D', 'AH0', 'R', 'EY1', 'SH', 'N'],
       dtype=object), 'phones-accuracy': array([2., 2., 2., 2., 2., 2., 2., 2., 2., 2., 2.]), 'stress': 10, 'text': 'CONSIDERATION', 'total': 10, 'mispronunciations': array([], dtype=object)}
 {'accuracy': 10, 'phones': array(['IH0', 'N'], dtype=object), 'phones-accuracy': array([2., 2.]), 'stress': 10, 'text': 'IN', 'total': 10, 'mispronunciations': array([], dtype=object)}
 {'accuracy': 10, 'phones': array(['M', 'UW1', 'V', 'IH0', 'NG'], dtype=object), 'phones-accuracy': array([2., 2., 2., 2., 2.]), 'stress': 10, 'text': 'MOVING', 'total': 10, 'mispronunciations': array([], dtype=object)}]",2244,f,20,train,022440038,-36.5624401010573
022440139,400,sil,0.0,0.550000011920929,-44.66519927978516,<eps>,,9,10.0,10,9,9,"[{'accuracy': 10, 'phones': array(['P', 'AH0', 'P'], dtype=object), 'phones-accuracy': array([2., 2., 2.]), 'stress': 10, 'text': 'POP', 'total': 10, 'mispronunciations': array([], dtype=object)}
 {'accuracy': 10, 'phones': array(['IH0', 'T'], dtype=object), 'phones-accuracy': array([2., 2.]), 'stress': 10, 'text': 'IT', 'total': 10, 'mispronunciations': array([], dtype=object)}
 {'accuracy': 10, 'phones': array(['AH0', 'N'], dtype=object), 'phones-accuracy': array([2., 2.]), 'stress': 10, 'text': 'ON', 'total': 10, 'mispronunciations': array([], dtype=object)}
 {'accuracy': 10, 'phones': array(['DH', 'AH0'], dtype=object), 'phones-accuracy': array([2., 2.]), 'stress': 10, 'text': 'THE', 'total': 10, 'mispronunciations': array([], dtype=object)}
 {'accuracy': 10, 'phones': array(['L', 'IH0', 'S', 'T'], dtype=object), 'phones-accuracy': array([2., 2., 2., 2.]), 'stress': 10, 'text': 'LIST', 'total': 10, 'mispronunciations': array([], dtype=object)}]",2244,f,20,train,022440139,-44.60263359546662
022440139,401,P,0.550000011920929,0.6299999952316284,-61.01784896850586,pop,2.0,9,10.0,10,9,9,"[{'accuracy': 10, 'phones': array(['P', 'AH0', 'P'], dtype=object), 'phones-accuracy': array([2., 2., 2.]), 'stress': 10, 'text': 'POP', 'total': 10, 'mispronunciations': array([], dtype=object)}
 {'accuracy': 10, 'phones': array(['IH0', 'T'], dtype=object), 'phones-accuracy': array([2., 2.]), 'stress': 10, 'text': 'IT', 'total': 10, 'mispronunciations': array([], dtype=object)}
 {'accuracy': 10, 'phones': array(['AH0', 'N'], dtype=object), 'phones-accuracy': array([2., 2.]), 'stress': 10, 'text': 'ON', 'total': 10, 'mispronunciations': array([], dtype=object)}
 {'accuracy': 10, 'phones': array(['DH', 'AH0'], dtype=object), 'phones-accuracy': array([2., 2.]), 'stress': 10, 'text': 'THE', 'total': 10, 'mispronunciations': array([], dtype=object)}
 {'accuracy': 10, 'phones': array(['L', 'IH0', 'S', 'T'], dtype=object), 'phones-accuracy': array([2., 2., 2., 2.]), 'stress': 10, 'text': 'LIST', 'total': 10, 'mispronunciations': array([], dtype=object)}]",2244,f,20,train,022440139,-60.917471922934055
022440139,402,AA1,0.6299999952316284,0.7300000190734863,-41.639305114746094,pop,,9,10.0,10,9,9,"[{'accuracy': 10, 'phones': array(['P', 'AH0', 'P'], dtype=object), 'phones-accuracy': array([2., 2., 2.]), 'stress': 10, 'text': 'POP', 'total': 10, 'mispronunciations': array([], dtype=object)}
 {'accuracy': 10, 'phones': array(['IH0', 'T'], dtype=object), 'phones-accuracy': array([2., 2.]), 'stress': 10, 'text': 'IT', 'total': 10, 'mispronunciations': array([], dtype=object)}
 {'accuracy': 10, 'phones': array(['AH0', 'N'], dtype=object), 'phones-accuracy': array([2., 2.]), 'stress': 10, 'text': 'ON', 'total': 10, 'mispronunciations': array([], dtype=object)}
 {'accuracy': 10, 'phones': array(['DH', 'AH0'], dtype=object), 'phones-accuracy': array([2., 2.]), 'stress': 10, 'text': 'THE', 'total': 10, 'mispronunciations': array([], dtype=object)}
 {'accuracy': 10, 'phones': array(['L', 'IH0', 'S', 'T'], dtype=object), 'phones-accuracy': array([2., 2., 2., 2.]), 'stress': 10, 'text': 'LIST', 'total': 10, 'mispronunciations': array([], dtype=object)}]",2244,f,20,train,022440139,-41.470429480075836
022440139,403,P,0.7300000190734863,0.8100000023841858,-58.60624313354492,pop,2.0,9,10.0,10,9,9,"[{'accuracy': 10, 'phones': array(['P', 'AH0', 'P'], dtype=object), 'phones-accuracy': array([2., 2., 2.]), 'stress': 10, 'text': 'POP', 'total': 10, 'mispronunciations': array([], dtype=object)}
 {'accuracy': 10, 'phones': array(['IH0', 'T'], dtype=object), 'phones-accuracy': array([2., 2.]), 'stress': 10, 'text': 'IT', 'total': 10, 'mispronunciations': array([], dtype=object)}
 {'accuracy': 10, 'phones': array(['AH0', 'N'], dtype=object), 'phones-accuracy': array([2., 2.]), 'stress': 10, 'text': 'ON', 'total': 10, 'mispronunciations': array([], dtype=object)}
 {'accuracy': 10, 'phones': array(['DH', 'AH0'], dtype=object), 'phones-accuracy': array([2., 2.]), 'stress': 10, 'text': 'THE', 'total': 10, 'mispronunciations': array([], dtype=object)}
 {'accuracy': 10, 'phones': array(['L', 'IH0', 'S', 'T'], dtype=object), 'phones-accuracy': array([2., 2., 2., 2.]), 'stress': 10, 'text': 'LIST', 'total': 10, 'mispronunciations': array([], dtype=object)}]",2244,f,20,train,022440139,-58.556507740169764
022440139,404,IH1,0.8100000023841858,1.0,-53.56321334838867,it,,9,10.0,10,9,9,"[{'accuracy': 10, 'phones': array(['P', 'AH0', 'P'], dtype=object), 'phones-accuracy': array([2., 2., 2.]), 'stress': 10, 'text': 'POP', 'total': 10, 'mispronunciations': array([], dtype=object)}
 {'accuracy': 10, 'phones': array(['IH0', 'T'], dtype=object), 'phones-accuracy': array([2., 2.]), 'stress': 10, 'text': 'IT', 'total': 10, 'mispronunciations': array([], dtype=object)}
 {'accuracy': 10, 'phones': array(['AH0', 'N'], dtype=object), 'phones-accuracy': array([2., 2.]), 'stress': 10, 'text': 'ON', 'total': 10, 'mispronunciations': array([], dtype=object)}
 {'accuracy': 10, 'phones': array(['DH', 'AH0'], dtype=object), 'phones-accuracy': array([2., 2.]), 'stress': 10, 'text': 'THE', 'total': 10, 'mispronunciations': array([], dtype=object)}
 {'accuracy': 10, 'phones': array(['L', 'IH0', 'S', 'T'], dtype=object), 'phones-accuracy': array([2., 2., 2., 2.]), 'stress': 10, 'text': 'LIST', 'total': 10, 'mispronunciations': array([], dtype=object)}]",2244,f,20,train,022440139,-53.26211217045784
022440139,405,T,1.0,1.1799999475479126,-58.24666976928711,it,2.0,9,10.0,10,9,9,"[{'accuracy': 10, 'phones': array(['P', 'AH0', 'P'], dtype=object), 'phones-accuracy': array([2., 2., 2.]), 'stress': 10, 'text': 'POP', 'total': 10, 'mispronunciations': array([], dtype=object)}
 {'accuracy': 10, 'phones': array(['IH0', 'T'], dtype=object), 'phones-accuracy': array([2., 2.]), 'stress': 10, 'text': 'IT', 'total': 10, 'mispronunciations': array([], dtype=object)}
 {'accuracy': 10, 'phones': array(['AH0', 'N'], dtype=object), 'phones-accuracy': array([2., 2.]), 'stress': 10, 'text': 'ON', 'total': 10, 'mispronunciations': array([], dtype=object)}
 {'accuracy': 10, 'phones': array(['DH', 'AH0'], dtype=object), 'phones-accuracy': array([2., 2.]), 'stress': 10, 'text': 'THE', 'total': 10, 'mispronunciations': array([], dtype=object)}
 {'accuracy': 10, 'phones': array(['L', 'IH0', 'S', 'T'], dtype=object), 'phones-accuracy': array([2., 2., 2., 2.]), 'stress': 10, 'text': 'LIST', 'total': 10, 'mispronunciations': array([], dtype=object)}]",2244,f,20,train,022440139,-57.830008029937744
022440139,406,AA1,1.1799999475479126,1.2599999904632568,-57.3612060546875,on,,9,10.0,10,9,9,"[{'accuracy': 10, 'phones': array(['P', 'AH0', 'P'], dtype=object), 'phones-accuracy': array([2., 2., 2.]), 'stress': 10, 'text': 'POP', 'total': 10, 'mispronunciations': array([], dtype=object)}
 {'accuracy': 10, 'phones': array(['IH0', 'T'], dtype=object), 'phones-accuracy': array([2., 2.]), 'stress': 10, 'text': 'IT', 'total': 10, 'mispronunciations': array([], dtype=object)}
 {'accuracy': 10, 'phones': array(['AH0', 'N'], dtype=object), 'phones-accuracy': array([2., 2.]), 'stress': 10, 'text': 'ON', 'total': 10, 'mispronunciations': array([], dtype=object)}
 {'accuracy': 10, 'phones': array(['DH', 'AH0'], dtype=object), 'phones-accuracy': array([2., 2.]), 'stress': 10, 'text': 'THE', 'total': 10, 'mispronunciations': array([], dtype=object)}
 {'accuracy': 10, 'phones': array(['L', 'IH0', 'S', 'T'], dtype=object), 'phones-accuracy': array([2., 2., 2., 2.]), 'stress': 10, 'text': 'LIST', 'total': 10, 'mispronunciations': array([], dtype=object)}]",2244,f,20,train,022440139,-57.16401989758015
022440139,407,N,1.2599999904632568,1.3200000524520874,-39.0546989440918,on,2.0,9,10.0,10,9,9,"[{'accuracy': 10, 'phones': array(['P', 'AH0', 'P'], dtype=object), 'phones-accuracy': array([2., 2., 2.]), 'stress': 10, 'text': 'POP', 'total': 10, 'mispronunciations': array([], dtype=object)}
 {'accuracy': 10, 'phones': array(['IH0', 'T'], dtype=object), 'phones-accuracy': array([2., 2.]), 'stress': 10, 'text': 'IT', 'total': 10, 'mispronunciations': array([], dtype=object)}
 {'accuracy': 10, 'phones': array(['AH0', 'N'], dtype=object), 'phones-accuracy': array([2., 2.]), 'stress': 10, 'text': 'ON', 'total': 10, 'mispronunciations': array([], dtype=object)}
 {'accuracy': 10, 'phones': array(['DH', 'AH0'], dtype=object), 'phones-accuracy': array([2., 2.]), 'stress': 10, 'text': 'THE', 'total': 10, 'mispronunciations': array([], dtype=object)}
 {'accuracy': 10, 'phones': array(['L', 'IH0', 'S', 'T'], dtype=object), 'phones-accuracy': array([2., 2., 2., 2.]), 'stress': 10, 'text': 'LIST', 'total': 10, 'mispronunciations': array([], dtype=object)}]",2244,f,20,train,022440139,-38.78378039598465
022440139,408,DH,1.3200000524520874,1.3600000143051147,-48.88011932373047,the,2.0,9,10.0,10,9,9,"[{'accuracy': 10, 'phones': array(['P', 'AH0', 'P'], dtype=object), 'phones-accuracy': array([2., 2., 2.]), 'stress': 10, 'text': 'POP', 'total': 10, 'mispronunciations': array([], dtype=object)}
 {'accuracy': 10, 'phones': array(['IH0', 'T'], dtype=object), 'phones-accuracy': array([2., 2.]), 'stress': 10, 'text': 'IT', 'total': 10, 'mispronunciations': array([], dtype=object)}
 {'accuracy': 10, 'phones': array(['AH0', 'N'], dtype=object), 'phones-accuracy': array([2., 2.]), 'stress': 10, 'text': 'ON', 'total': 10, 'mispronunciations': array([], dtype=object)}
 {'accuracy': 10, 'phones': array(['DH', 'AH0'], dtype=object), 'phones-accuracy': array([2., 2.]), 'stress': 10, 'text': 'THE', 'total': 10, 'mispronunciations': array([], dtype=object)}
 {'accuracy': 10, 'phones': array(['L', 'IH0', 'S', 'T'], dtype=object), 'phones-accuracy': array([2., 2., 2., 2.]), 'stress': 10, 'text': 'LIST', 'total': 10, 'mispronunciations': array([], dtype=object)}]",2244,f,20,train,022440139,-48.83076884970069
022440139,409,AH0,1.3600000143051147,1.4299999475479126,-43.847904205322266,the,2.0,9,10.0,10,9,9,"[{'accuracy': 10, 'phones': array(['P', 'AH0', 'P'], dtype=object), 'phones-accuracy': array([2., 2., 2.]), 'stress': 10, 'text': 'POP', 'total': 10, 'mispronunciations': array([], dtype=object)}
 {'accuracy': 10, 'phones': array(['IH0', 'T'], dtype=object), 'phones-accuracy': array([2., 2.]), 'stress': 10, 'text': 'IT', 'total': 10, 'mispronunciations': array([], dtype=object)}
 {'accuracy': 10, 'phones': array(['AH0', 'N'], dtype=object), 'phones-accuracy': array([2., 2.]), 'stress': 10, 'text': 'ON', 'total': 10, 'mispronunciations': array([], dtype=object)}
 {'accuracy': 10, 'phones': array(['DH', 'AH0'], dtype=object), 'phones-accuracy': array([2., 2.]), 'stress': 10, 'text': 'THE', 'total': 10, 'mispronunciations': array([], dtype=object)}
 {'accuracy': 10, 'phones': array(['L', 'IH0', 'S', 'T'], dtype=object), 'phones-accuracy': array([2., 2., 2., 2.]), 'stress': 10, 'text': 'LIST', 'total': 10, 'mispronunciations': array([], dtype=object)}]",2244,f,20,train,022440139,-43.203436851501465
022440139,410,L,1.4299999475479126,1.4900000095367432,-45.3370361328125,list,2.0,9,10.0,10,9,9,"[{'accuracy': 10, 'phones': array(['P', 'AH0', 'P'], dtype=object), 'phones-accuracy': array([2., 2., 2.]), 'stress': 10, 'text': 'POP', 'total': 10, 'mispronunciations': array([], dtype=object)}
 {'accuracy': 10, 'phones': array(['IH0', 'T'], dtype=object), 'phones-accuracy': array([2., 2.]), 'stress': 10, 'text': 'IT', 'total': 10, 'mispronunciations': array([], dtype=object)}
 {'accuracy': 10, 'phones': array(['AH0', 'N'], dtype=object), 'phones-accuracy': array([2., 2.]), 'stress': 10, 'text': 'ON', 'total': 10, 'mispronunciations': array([], dtype=object)}
 {'accuracy': 10, 'phones': array(['DH', 'AH0'], dtype=object), 'phones-accuracy': array([2., 2.]), 'stress': 10, 'text': 'THE', 'total': 10, 'mispronunciations': array([], dtype=object)}
 {'accuracy': 10, 'phones': array(['L', 'IH0', 'S', 'T'], dtype=object), 'phones-accuracy': array([2., 2., 2., 2.]), 'stress': 10, 'text': 'LIST', 'total': 10, 'mispronunciations': array([], dtype=object)}]",2244,f,20,train,022440139,-45.16303730010986
022440139,411,IH1,1.4900000095367432,1.6100000143051147,-58.46672439575195,list,,9,10.0,10,9,9,"[{'accuracy': 10, 'phones': array(['P', 'AH0', 'P'], dtype=object), 'phones-accuracy': array([2., 2., 2.]), 'stress': 10, 'text': 'POP', 'total': 10, 'mispronunciations': array([], dtype=object)}
 {'accuracy': 10, 'phones': array(['IH0', 'T'], dtype=object), 'phones-accuracy': array([2., 2.]), 'stress': 10, 'text': 'IT', 'total': 10, 'mispronunciations': array([], dtype=object)}
 {'accuracy': 10, 'phones': array(['AH0', 'N'], dtype=object), 'phones-accuracy': array([2., 2.]), 'stress': 10, 'text': 'ON', 'total': 10, 'mispronunciations': array([], dtype=object)}
 {'accuracy': 10, 'phones': array(['DH', 'AH0'], dtype=object), 'phones-accuracy': array([2., 2.]), 'stress': 10, 'text': 'THE', 'total': 10, 'mispronunciations': array([], dtype=object)}
 {'accuracy': 10, 'phones': array(['L', 'IH0', 'S', 'T'], dtype=object), 'phones-accuracy': array([2., 2., 2., 2.]), 'stress': 10, 'text': 'LIST', 'total': 10, 'mispronunciations': array([], dtype=object)}]",2244,f,20,train,022440139,-57.89453560113907
022440139,412,S,1.6100000143051147,1.690000057220459,-53.86212158203125,list,2.0,9,10.0,10,9,9,"[{'accuracy': 10, 'phones': array(['P', 'AH0', 'P'], dtype=object), 'phones-accuracy': array([2., 2., 2.]), 'stress': 10, 'text': 'POP', 'total': 10, 'mispronunciations': array([], dtype=object)}
 {'accuracy': 10, 'phones': array(['IH0', 'T'], dtype=object), 'phones-accuracy': array([2., 2.]), 'stress': 10, 'text': 'IT', 'total': 10, 'mispronunciations': array([], dtype=object)}
 {'accuracy': 10, 'phones': array(['AH0', 'N'], dtype=object), 'phones-accuracy': array([2., 2.]), 'stress': 10, 'text': 'ON', 'total': 10, 'mispronunciations': array([], dtype=object)}
 {'accuracy': 10, 'phones': array(['DH', 'AH0'], dtype=object), 'phones-accuracy': array([2., 2.]), 'stress': 10, 'text': 'THE', 'total': 10, 'mispronunciations': array([], dtype=object)}
 {'accuracy': 10, 'phones': array(['L', 'IH0', 'S', 'T'], dtype=object), 'phones-accuracy': array([2., 2., 2., 2.]), 'stress': 10, 'text': 'LIST', 'total': 10, 'mispronunciations': array([], dtype=object)}]",2244,f,20,train,022440139,-53.729011699557304
022440139,413,T,1.690000057220459,1.7999999523162842,-54.03942489624024,list,2.0,9,10.0,10,9,9,"[{'accuracy': 10, 'phones': array(['P', 'AH0', 'P'], dtype=object), 'phones-accuracy': array([2., 2., 2.]), 'stress': 10, 'text': 'POP', 'total': 10, 'mispronunciations': array([], dtype=object)}
 {'accuracy': 10, 'phones': array(['IH0', 'T'], dtype=object), 'phones-accuracy': array([2., 2.]), 'stress': 10, 'text': 'IT', 'total': 10, 'mispronunciations': array([], dtype=object)}
 {'accuracy': 10, 'phones': array(['AH0', 'N'], dtype=object), 'phones-accuracy': array([2., 2.]), 'stress': 10, 'text': 'ON', 'total': 10, 'mispronunciations': array([], dtype=object)}
 {'accuracy': 10, 'phones': array(['DH', 'AH0'], dtype=object), 'phones-accuracy': array([2., 2.]), 'stress': 10, 'text': 'THE', 'total': 10, 'mispronunciations': array([], dtype=object)}
 {'accuracy': 10, 'phones': array(['L', 'IH0', 'S', 'T'], dtype=object), 'phones-accuracy': array([2., 2., 2., 2.]), 'stress': 10, 'text': 'LIST', 'total': 10, 'mispronunciations': array([], dtype=object)}]",2244,f,20,train,022440139,-53.93298121541739
022440139,414,sil,1.7999999523162842,2.428999900817871,-38.861961364746094,<eps>,,9,10.0,10,9,9,"[{'accuracy': 10, 'phones': array(['P', 'AH0', 'P'], dtype=object), 'phones-accuracy': array([2., 2., 2.]), 'stress': 10, 'text': 'POP', 'total': 10, 'mispronunciations': array([], dtype=object)}
 {'accuracy': 10, 'phones': array(['IH0', 'T'], dtype=object), 'phones-accuracy': array([2., 2.]), 'stress': 10, 'text': 'IT', 'total': 10, 'mispronunciations': array([], dtype=object)}
 {'accuracy': 10, 'phones': array(['AH0', 'N'], dtype=object), 'phones-accuracy': array([2., 2.]), 'stress': 10, 'text': 'ON', 'total': 10, 'mispronunciations': array([], dtype=object)}
 {'accuracy': 10, 'phones': array(['DH', 'AH0'], dtype=object), 'phones-accuracy': array([2., 2.]), 'stress': 10, 'text': 'THE', 'total': 10, 'mispronunciations': array([], dtype=object)}
 {'accuracy': 10, 'phones': array(['L', 'IH0', 'S', 'T'], dtype=object), 'phones-accuracy': array([2., 2., 2., 2.]), 'stress': 10, 'text': 'LIST', 'total': 10, 'mispronunciations': array([], dtype=object)}]",2244,f,20,train,022440139,-38.830739649012685
022440062,415,sil,0.0,0.550000011920929,-52.360145568847656,<eps>,,8,10.0,8,8,8,"[{'accuracy': 10, 'phones': array(['AA1', 'F', 'T', 'AH0'], dtype=object), 'phones-accuracy': array([2., 2., 2., 2.]), 'stress': 10, 'text': 'AFTER', 'total': 10, 'mispronunciations': array([], dtype=object)}
 {'accuracy': 10, 'phones': array(['DH', 'AE0', 'T'], dtype=object), 'phones-accuracy': array([1.8, 2. , 2. ]), 'stress': 10, 'text': 'THAT', 'total': 10, 'mispronunciations': array([], dtype=object)}
 {'accuracy': 10, 'phones': array(['K', 'AH0', 'M', 'Z'], dtype=object), 'phones-accuracy': array([2. , 2. , 2. , 1.8]), 'stress': 10, 'text': 'COMES', 'total': 10, 'mispronunciations': array([], dtype=object)}
 {'accuracy': 10, 'phones': array(['DH', 'AH0'], dtype=object), 'phones-accuracy': array([2., 2.]), 'stress': 10, 'text': 'THE', 'total': 10, 'mispronunciations': array([], dtype=object)}
 {'accuracy': 10, 'phones': array(['Y', 'UW0', 'N', 'AY1', 'T', 'IH0', 'D'], dtype=object), 'phones-accuracy': array([2., 2., 2., 2., 2., 2., 2.]), 'stress': 10, 'text': 'UNITED', 'total': 10, 'mispronunciations': array([], dtype=object)}
 {'accuracy': 10, 'phones': array(['S', 'T', 'EY0', 'T', 'S'], dtype=object), 'phones-accuracy': array([2., 2., 2., 2., 2.]), 'stress': 10, 'text': 'STATES', 'total': 10, 'mispronunciations': array([], dtype=object)}
 {'accuracy': 10, 'phones': array(['AE0', 'N', 'D'], dtype=object), 'phones-accuracy': array([2. , 2. , 1.8]), 'stress': 10, 'text': 'AND', 'total': 10, 'mispronunciations': array([], dtype=object)}
 {'accuracy': 10, 'phones': array(['DH', 'AH0'], dtype=object), 'phones-accuracy': array([2., 2.]), 'stress': 10, 'text': 'THE', 'total': 10, 'mispronunciations': array([], dtype=object)}
 {'accuracy': 8, 'phones': array(['W', 'ER0', 'L', 'D'], dtype=object), 'phones-accuracy': array([2. , 2. , 1.4, 1.8]), 'stress': 10, 'text': 'WORLD', 'total': 8, 'mispronunciations': array([], dtype=object)}]",2244,f,20,train,022440062,-52.33637603186071
022440062,416,AE1,0.550000011920929,0.6600000262260437,-46.527793884277344,after,,8,10.0,8,8,8,"[{'accuracy': 10, 'phones': array(['AA1', 'F', 'T', 'AH0'], dtype=object), 'phones-accuracy': array([2., 2., 2., 2.]), 'stress': 10, 'text': 'AFTER', 'total': 10, 'mispronunciations': array([], dtype=object)}
 {'accuracy': 10, 'phones': array(['DH', 'AE0', 'T'], dtype=object), 'phones-accuracy': array([1.8, 2. , 2. ]), 'stress': 10, 'text': 'THAT', 'total': 10, 'mispronunciations': array([], dtype=object)}
 {'accuracy': 10, 'phones': array(['K', 'AH0', 'M', 'Z'], dtype=object), 'phones-accuracy': array([2. , 2. , 2. , 1.8]), 'stress': 10, 'text': 'COMES', 'total': 10, 'mispronunciations': array([], dtype=object)}
 {'accuracy': 10, 'phones': array(['DH', 'AH0'], dtype=object), 'phones-accuracy': array([2., 2.]), 'stress': 10, 'text': 'THE', 'total': 10, 'mispronunciations': array([], dtype=object)}
 {'accuracy': 10, 'phones': array(['Y', 'UW0', 'N', 'AY1', 'T', 'IH0', 'D'], dtype=object), 'phones-accuracy': array([2., 2., 2., 2., 2., 2., 2.]), 'stress': 10, 'text': 'UNITED', 'total': 10, 'mispronunciations': array([], dtype=object)}
 {'accuracy': 10, 'phones': array(['S', 'T', 'EY0', 'T', 'S'], dtype=object), 'phones-accuracy': array([2., 2., 2., 2., 2.]), 'stress': 10, 'text': 'STATES', 'total': 10, 'mispronunciations': array([], dtype=object)}
 {'accuracy': 10, 'phones': array(['AE0', 'N', 'D'], dtype=object), 'phones-accuracy': array([2. , 2. , 1.8]), 'stress': 10, 'text': 'AND', 'total': 10, 'mispronunciations': array([], dtype=object)}
 {'accuracy': 10, 'phones': array(['DH', 'AH0'], dtype=object), 'phones-accuracy': array([2., 2.]), 'stress': 10, 'text': 'THE', 'total': 10, 'mispronunciations': array([], dtype=object)}
 {'accuracy': 8, 'phones': array(['W', 'ER0', 'L', 'D'], dtype=object), 'phones-accuracy': array([2. , 2. , 1.4, 1.8]), 'stress': 10, 'text': 'WORLD', 'total': 8, 'mispronunciations': array([], dtype=object)}]",2244,f,20,train,022440062,-46.34837093949318
022440062,417,F,0.6600000262260437,0.75,-62.75379943847656,after,2.0,8,10.0,8,8,8,"[{'accuracy': 10, 'phones': array(['AA1', 'F', 'T', 'AH0'], dtype=object), 'phones-accuracy': array([2., 2., 2., 2.]), 'stress': 10, 'text': 'AFTER', 'total': 10, 'mispronunciations': array([], dtype=object)}
 {'accuracy': 10, 'phones': array(['DH', 'AE0', 'T'], dtype=object), 'phones-accuracy': array([1.8, 2. , 2. ]), 'stress': 10, 'text': 'THAT', 'total': 10, 'mispronunciations': array([], dtype=object)}
 {'accuracy': 10, 'phones': array(['K', 'AH0', 'M', 'Z'], dtype=object), 'phones-accuracy': array([2. , 2. , 2. , 1.8]), 'stress': 10, 'text': 'COMES', 'total': 10, 'mispronunciations': array([], dtype=object)}
 {'accuracy': 10, 'phones': array(['DH', 'AH0'], dtype=object), 'phones-accuracy': array([2., 2.]), 'stress': 10, 'text': 'THE', 'total': 10, 'mispronunciations': array([], dtype=object)}
 {'accuracy': 10, 'phones': array(['Y', 'UW0', 'N', 'AY1', 'T', 'IH0', 'D'], dtype=object), 'phones-accuracy': array([2., 2., 2., 2., 2., 2., 2.]), 'stress': 10, 'text': 'UNITED', 'total': 10, 'mispronunciations': array([], dtype=object)}
 {'accuracy': 10, 'phones': array(['S', 'T', 'EY0', 'T', 'S'], dtype=object), 'phones-accuracy': array([2., 2., 2., 2., 2.]), 'stress': 10, 'text': 'STATES', 'total': 10, 'mispronunciations': array([], dtype=object)}
 {'accuracy': 10, 'phones': array(['AE0', 'N', 'D'], dtype=object), 'phones-accuracy': array([2. , 2. , 1.8]), 'stress': 10, 'text': 'AND', 'total': 10, 'mispronunciations': array([], dtype=object)}
 {'accuracy': 10, 'phones': array(['DH', 'AH0'], dtype=object), 'phones-accuracy': array([2., 2.]), 'stress': 10, 'text': 'THE', 'total': 10, 'mispronunciations': array([], dtype=object)}
 {'accuracy': 8, 'phones': array(['W', 'ER0', 'L', 'D'], dtype=object), 'phones-accuracy': array([2. , 2. , 1.4, 1.8]), 'stress': 10, 'text': 'WORLD', 'total': 8, 'mispronunciations': array([], dtype=object)}]",2244,f,20,train,022440062,-62.63314038515091
022440062,418,T,0.75,0.8100000023841858,-61.0650749206543,after,2.0,8,10.0,8,8,8,"[{'accuracy': 10, 'phones': array(['AA1', 'F', 'T', 'AH0'], dtype=object), 'phones-accuracy': array([2., 2., 2., 2.]), 'stress': 10, 'text': 'AFTER', 'total': 10, 'mispronunciations': array([], dtype=object)}
 {'accuracy': 10, 'phones': array(['DH', 'AE0', 'T'], dtype=object), 'phones-accuracy': array([1.8, 2. , 2. ]), 'stress': 10, 'text': 'THAT', 'total': 10, 'mispronunciations': array([], dtype=object)}
 {'accuracy': 10, 'phones': array(['K', 'AH0', 'M', 'Z'], dtype=object), 'phones-accuracy': array([2. , 2. , 2. , 1.8]), 'stress': 10, 'text': 'COMES', 'total': 10, 'mispronunciations': array([], dtype=object)}
 {'accuracy': 10, 'phones': array(['DH', 'AH0'], dtype=object), 'phones-accuracy': array([2., 2.]), 'stress': 10, 'text': 'THE', 'total': 10, 'mispronunciations': array([], dtype=object)}
 {'accuracy': 10, 'phones': array(['Y', 'UW0', 'N', 'AY1', 'T', 'IH0', 'D'], dtype=object), 'phones-accuracy': array([2., 2., 2., 2., 2., 2., 2.]), 'stress': 10, 'text': 'UNITED', 'total': 10, 'mispronunciations': array([], dtype=object)}
 {'accuracy': 10, 'phones': array(['S', 'T', 'EY0', 'T', 'S'], dtype=object), 'phones-accuracy': array([2., 2., 2., 2., 2.]), 'stress': 10, 'text': 'STATES', 'total': 10, 'mispronunciations': array([], dtype=object)}
 {'accuracy': 10, 'phones': array(['AE0', 'N', 'D'], dtype=object), 'phones-accuracy': array([2. , 2. , 1.8]), 'stress': 10, 'text': 'AND', 'total': 10, 'mispronunciations': array([], dtype=object)}
 {'accuracy': 10, 'phones': array(['DH', 'AH0'], dtype=object), 'phones-accuracy': array([2., 2.]), 'stress': 10, 'text': 'THE', 'total': 10, 'mispronunciations': array([], dtype=object)}
 {'accuracy': 8, 'phones': array(['W', 'ER0', 'L', 'D'], dtype=object), 'phones-accuracy': array([2. , 2. , 1.4, 1.8]), 'stress': 10, 'text': 'WORLD', 'total': 8, 'mispronunciations': array([], dtype=object)}]",2244,f,20,train,022440062,-60.9850485175848
022440062,419,ER0,0.8100000023841858,0.8700000047683716,-50.336551666259766,after,2.0,8,10.0,8,8,8,"[{'accuracy': 10, 'phones': array(['AA1', 'F', 'T', 'AH0'], dtype=object), 'phones-accuracy': array([2., 2., 2., 2.]), 'stress': 10, 'text': 'AFTER', 'total': 10, 'mispronunciations': array([], dtype=object)}
 {'accuracy': 10, 'phones': array(['DH', 'AE0', 'T'], dtype=object), 'phones-accuracy': array([1.8, 2. , 2. ]), 'stress': 10, 'text': 'THAT', 'total': 10, 'mispronunciations': array([], dtype=object)}
 {'accuracy': 10, 'phones': array(['K', 'AH0', 'M', 'Z'], dtype=object), 'phones-accuracy': array([2. , 2. , 2. , 1.8]), 'stress': 10, 'text': 'COMES', 'total': 10, 'mispronunciations': array([], dtype=object)}
 {'accuracy': 10, 'phones': array(['DH', 'AH0'], dtype=object), 'phones-accuracy': array([2., 2.]), 'stress': 10, 'text': 'THE', 'total': 10, 'mispronunciations': array([], dtype=object)}
 {'accuracy': 10, 'phones': array(['Y', 'UW0', 'N', 'AY1', 'T', 'IH0', 'D'], dtype=object), 'phones-accuracy': array([2., 2., 2., 2., 2., 2., 2.]), 'stress': 10, 'text': 'UNITED', 'total': 10, 'mispronunciations': array([], dtype=object)}
 {'accuracy': 10, 'phones': array(['S', 'T', 'EY0', 'T', 'S'], dtype=object), 'phones-accuracy': array([2., 2., 2., 2., 2.]), 'stress': 10, 'text': 'STATES', 'total': 10, 'mispronunciations': array([], dtype=object)}
 {'accuracy': 10, 'phones': array(['AE0', 'N', 'D'], dtype=object), 'phones-accuracy': array([2. , 2. , 1.8]), 'stress': 10, 'text': 'AND', 'total': 10, 'mispronunciations': array([], dtype=object)}
 {'accuracy': 10, 'phones': array(['DH', 'AH0'], dtype=object), 'phones-accuracy': array([2., 2.]), 'stress': 10, 'text': 'THE', 'total': 10, 'mispronunciations': array([], dtype=object)}
 {'accuracy': 8, 'phones': array(['W', 'ER0', 'L', 'D'], dtype=object), 'phones-accuracy': array([2. , 2. , 1.4, 1.8]), 'stress': 10, 'text': 'WORLD', 'total': 8, 'mispronunciations': array([], dtype=object)}]",2244,f,20,train,022440062,-50.15845513343811
022440062,420,DH,0.8700000047683716,0.9800000190734864,-57.27106094360352,that,1.8,8,10.0,8,8,8,"[{'accuracy': 10, 'phones': array(['AA1', 'F', 'T', 'AH0'], dtype=object), 'phones-accuracy': array([2., 2., 2., 2.]), 'stress': 10, 'text': 'AFTER', 'total': 10, 'mispronunciations': array([], dtype=object)}
 {'accuracy': 10, 'phones': array(['DH', 'AE0', 'T'], dtype=object), 'phones-accuracy': array([1.8, 2. , 2. ]), 'stress': 10, 'text': 'THAT', 'total': 10, 'mispronunciations': array([], dtype=object)}
 {'accuracy': 10, 'phones': array(['K', 'AH0', 'M', 'Z'], dtype=object), 'phones-accuracy': array([2. , 2. , 2. , 1.8]), 'stress': 10, 'text': 'COMES', 'total': 10, 'mispronunciations': array([], dtype=object)}
 {'accuracy': 10, 'phones': array(['DH', 'AH0'], dtype=object), 'phones-accuracy': array([2., 2.]), 'stress': 10, 'text': 'THE', 'total': 10, 'mispronunciations': array([], dtype=object)}
 {'accuracy': 10, 'phones': array(['Y', 'UW0', 'N', 'AY1', 'T', 'IH0', 'D'], dtype=object), 'phones-accuracy': array([2., 2., 2., 2., 2., 2., 2.]), 'stress': 10, 'text': 'UNITED', 'total': 10, 'mispronunciations': array([], dtype=object)}
 {'accuracy': 10, 'phones': array(['S', 'T', 'EY0', 'T', 'S'], dtype=object), 'phones-accuracy': array([2., 2., 2., 2., 2.]), 'stress': 10, 'text': 'STATES', 'total': 10, 'mispronunciations': array([], dtype=object)}
 {'accuracy': 10, 'phones': array(['AE0', 'N', 'D'], dtype=object), 'phones-accuracy': array([2. , 2. , 1.8]), 'stress': 10, 'text': 'AND', 'total': 10, 'mispronunciations': array([], dtype=object)}
 {'accuracy': 10, 'phones': array(['DH', 'AH0'], dtype=object), 'phones-accuracy': array([2., 2.]), 'stress': 10, 'text': 'THE', 'total': 10, 'mispronunciations': array([], dtype=object)}
 {'accuracy': 8, 'phones': array(['W', 'ER0', 'L', 'D'], dtype=object), 'phones-accuracy': array([2. , 2. , 1.4, 1.8]), 'stress': 10, 'text': 'WORLD', 'total': 8, 'mispronunciations': array([], dtype=object)}]",2244,f,20,train,022440062,-57.05703000724316
022440062,421,AE1,0.9800000190734864,1.1399999856948853,-45.38402938842773,that,,8,10.0,8,8,8,"[{'accuracy': 10, 'phones': array(['AA1', 'F', 'T', 'AH0'], dtype=object), 'phones-accuracy': array([2., 2., 2., 2.]), 'stress': 10, 'text': 'AFTER', 'total': 10, 'mispronunciations': array([], dtype=object)}
 {'accuracy': 10, 'phones': array(['DH', 'AE0', 'T'], dtype=object), 'phones-accuracy': array([1.8, 2. , 2. ]), 'stress': 10, 'text': 'THAT', 'total': 10, 'mispronunciations': array([], dtype=object)}
 {'accuracy': 10, 'phones': array(['K', 'AH0', 'M', 'Z'], dtype=object), 'phones-accuracy': array([2. , 2. , 2. , 1.8]), 'stress': 10, 'text': 'COMES', 'total': 10, 'mispronunciations': array([], dtype=object)}
 {'accuracy': 10, 'phones': array(['DH', 'AH0'], dtype=object), 'phones-accuracy': array([2., 2.]), 'stress': 10, 'text': 'THE', 'total': 10, 'mispronunciations': array([], dtype=object)}
 {'accuracy': 10, 'phones': array(['Y', 'UW0', 'N', 'AY1', 'T', 'IH0', 'D'], dtype=object), 'phones-accuracy': array([2., 2., 2., 2., 2., 2., 2.]), 'stress': 10, 'text': 'UNITED', 'total': 10, 'mispronunciations': array([], dtype=object)}
 {'accuracy': 10, 'phones': array(['S', 'T', 'EY0', 'T', 'S'], dtype=object), 'phones-accuracy': array([2., 2., 2., 2., 2.]), 'stress': 10, 'text': 'STATES', 'total': 10, 'mispronunciations': array([], dtype=object)}
 {'accuracy': 10, 'phones': array(['AE0', 'N', 'D'], dtype=object), 'phones-accuracy': array([2. , 2. , 1.8]), 'stress': 10, 'text': 'AND', 'total': 10, 'mispronunciations': array([], dtype=object)}
 {'accuracy': 10, 'phones': array(['DH', 'AH0'], dtype=object), 'phones-accuracy': array([2., 2.]), 'stress': 10, 'text': 'THE', 'total': 10, 'mispronunciations': array([], dtype=object)}
 {'accuracy': 8, 'phones': array(['W', 'ER0', 'L', 'D'], dtype=object), 'phones-accuracy': array([2. , 2. , 1.4, 1.8]), 'stress': 10, 'text': 'WORLD', 'total': 8, 'mispronunciations': array([], dtype=object)}]",2244,f,20,train,022440062,-45.127211272716515
022440062,422,T,1.1399999856948853,1.2599999904632568,-66.82096099853516,that,2.0,8,10.0,8,8,8,"[{'accuracy': 10, 'phones': array(['AA1', 'F', 'T', 'AH0'], dtype=object), 'phones-accuracy': array([2., 2., 2., 2.]), 'stress': 10, 'text': 'AFTER', 'total': 10, 'mispronunciations': array([], dtype=object)}
 {'accuracy': 10, 'phones': array(['DH', 'AE0', 'T'], dtype=object), 'phones-accuracy': array([1.8, 2. , 2. ]), 'stress': 10, 'text': 'THAT', 'total': 10, 'mispronunciations': array([], dtype=object)}
 {'accuracy': 10, 'phones': array(['K', 'AH0', 'M', 'Z'], dtype=object), 'phones-accuracy': array([2. , 2. , 2. , 1.8]), 'stress': 10, 'text': 'COMES', 'total': 10, 'mispronunciations': array([], dtype=object)}
 {'accuracy': 10, 'phones': array(['DH', 'AH0'], dtype=object), 'phones-accuracy': array([2., 2.]), 'stress': 10, 'text': 'THE', 'total': 10, 'mispronunciations': array([], dtype=object)}
 {'accuracy': 10, 'phones': array(['Y', 'UW0', 'N', 'AY1', 'T', 'IH0', 'D'], dtype=object), 'phones-accuracy': array([2., 2., 2., 2., 2., 2., 2.]), 'stress': 10, 'text': 'UNITED', 'total': 10, 'mispronunciations': array([], dtype=object)}
 {'accuracy': 10, 'phones': array(['S', 'T', 'EY0', 'T', 'S'], dtype=object), 'phones-accuracy': array([2., 2., 2., 2., 2.]), 'stress': 10, 'text': 'STATES', 'total': 10, 'mispronunciations': array([], dtype=object)}
 {'accuracy': 10, 'phones': array(['AE0', 'N', 'D'], dtype=object), 'phones-accuracy': array([2. , 2. , 1.8]), 'stress': 10, 'text': 'AND', 'total': 10, 'mispronunciations': array([], dtype=object)}
 {'accuracy': 10, 'phones': array(['DH', 'AH0'], dtype=object), 'phones-accuracy': array([2., 2.]), 'stress': 10, 'text': 'THE', 'total': 10, 'mispronunciations': array([], dtype=object)}
 {'accuracy': 8, 'phones': array(['W', 'ER0', 'L', 'D'], dtype=object), 'phones-accuracy': array([2. , 2. , 1.4, 1.8]), 'stress': 10, 'text': 'WORLD', 'total': 8, 'mispronunciations': array([], dtype=object)}]",2244,f,20,train,022440062,-66.7060197815299
022440062,423,K,1.2599999904632568,1.340000033378601,-62.10602188110352,comes,2.0,8,10.0,8,8,8,"[{'accuracy': 10, 'phones': array(['AA1', 'F', 'T', 'AH0'], dtype=object), 'phones-accuracy': array([2., 2., 2., 2.]), 'stress': 10, 'text': 'AFTER', 'total': 10, 'mispronunciations': array([], dtype=object)}
 {'accuracy': 10, 'phones': array(['DH', 'AE0', 'T'], dtype=object), 'phones-accuracy': array([1.8, 2. , 2. ]), 'stress': 10, 'text': 'THAT', 'total': 10, 'mispronunciations': array([], dtype=object)}
 {'accuracy': 10, 'phones': array(['K', 'AH0', 'M', 'Z'], dtype=object), 'phones-accuracy': array([2. , 2. , 2. , 1.8]), 'stress': 10, 'text': 'COMES', 'total': 10, 'mispronunciations': array([], dtype=object)}
 {'accuracy': 10, 'phones': array(['DH', 'AH0'], dtype=object), 'phones-accuracy': array([2., 2.]), 'stress': 10, 'text': 'THE', 'total': 10, 'mispronunciations': array([], dtype=object)}
 {'accuracy': 10, 'phones': array(['Y', 'UW0', 'N', 'AY1', 'T', 'IH0', 'D'], dtype=object), 'phones-accuracy': array([2., 2., 2., 2., 2., 2., 2.]), 'stress': 10, 'text': 'UNITED', 'total': 10, 'mispronunciations': array([], dtype=object)}
 {'accuracy': 10, 'phones': array(['S', 'T', 'EY0', 'T', 'S'], dtype=object), 'phones-accuracy': array([2., 2., 2., 2., 2.]), 'stress': 10, 'text': 'STATES', 'total': 10, 'mispronunciations': array([], dtype=object)}
 {'accuracy': 10, 'phones': array(['AE0', 'N', 'D'], dtype=object), 'phones-accuracy': array([2. , 2. , 1.8]), 'stress': 10, 'text': 'AND', 'total': 10, 'mispronunciations': array([], dtype=object)}
 {'accuracy': 10, 'phones': array(['DH', 'AH0'], dtype=object), 'phones-accuracy': array([2., 2.]), 'stress': 10, 'text': 'THE', 'total': 10, 'mispronunciations': array([], dtype=object)}
 {'accuracy': 8, 'phones': array(['W', 'ER0', 'L', 'D'], dtype=object), 'phones-accuracy': array([2. , 2. , 1.4, 1.8]), 'stress': 10, 'text': 'WORLD', 'total': 8, 'mispronunciations': array([], dtype=object)}]",2244,f,20,train,022440062,-61.93618957698346
022440062,424,AH1,1.340000033378601,1.4900000095367432,-48.372596740722656,comes,,8,10.0,8,8,8,"[{'accuracy': 10, 'phones': array(['AA1', 'F', 'T', 'AH0'], dtype=object), 'phones-accuracy': array([2., 2., 2., 2.]), 'stress': 10, 'text': 'AFTER', 'total': 10, 'mispronunciations': array([], dtype=object)}
 {'accuracy': 10, 'phones': array(['DH', 'AE0', 'T'], dtype=object), 'phones-accuracy': array([1.8, 2. , 2. ]), 'stress': 10, 'text': 'THAT', 'total': 10, 'mispronunciations': array([], dtype=object)}
 {'accuracy': 10, 'phones': array(['K', 'AH0', 'M', 'Z'], dtype=object), 'phones-accuracy': array([2. , 2. , 2. , 1.8]), 'stress': 10, 'text': 'COMES', 'total': 10, 'mispronunciations': array([], dtype=object)}
 {'accuracy': 10, 'phones': array(['DH', 'AH0'], dtype=object), 'phones-accuracy': array([2., 2.]), 'stress': 10, 'text': 'THE', 'total': 10, 'mispronunciations': array([], dtype=object)}
 {'accuracy': 10, 'phones': array(['Y', 'UW0', 'N', 'AY1', 'T', 'IH0', 'D'], dtype=object), 'phones-accuracy': array([2., 2., 2., 2., 2., 2., 2.]), 'stress': 10, 'text': 'UNITED', 'total': 10, 'mispronunciations': array([], dtype=object)}
 {'accuracy': 10, 'phones': array(['S', 'T', 'EY0', 'T', 'S'], dtype=object), 'phones-accuracy': array([2., 2., 2., 2., 2.]), 'stress': 10, 'text': 'STATES', 'total': 10, 'mispronunciations': array([], dtype=object)}
 {'accuracy': 10, 'phones': array(['AE0', 'N', 'D'], dtype=object), 'phones-accuracy': array([2. , 2. , 1.8]), 'stress': 10, 'text': 'AND', 'total': 10, 'mispronunciations': array([], dtype=object)}
 {'accuracy': 10, 'phones': array(['DH', 'AH0'], dtype=object), 'phones-accuracy': array([2., 2.]), 'stress': 10, 'text': 'THE', 'total': 10, 'mispronunciations': array([], dtype=object)}
 {'accuracy': 8, 'phones': array(['W', 'ER0', 'L', 'D'], dtype=object), 'phones-accuracy': array([2. , 2. , 1.4, 1.8]), 'stress': 10, 'text': 'WORLD', 'total': 8, 'mispronunciations': array([], dtype=object)}]",2244,f,20,train,022440062,-48.15901117026806
022440062,425,M,1.4900000095367432,1.5399999618530271,-49.89262008666992,comes,2.0,8,10.0,8,8,8,"[{'accuracy': 10, 'phones': array(['AA1', 'F', 'T', 'AH0'], dtype=object), 'phones-accuracy': array([2., 2., 2., 2.]), 'stress': 10, 'text': 'AFTER', 'total': 10, 'mispronunciations': array([], dtype=object)}
 {'accuracy': 10, 'phones': array(['DH', 'AE0', 'T'], dtype=object), 'phones-accuracy': array([1.8, 2. , 2. ]), 'stress': 10, 'text': 'THAT', 'total': 10, 'mispronunciations': array([], dtype=object)}
 {'accuracy': 10, 'phones': array(['K', 'AH0', 'M', 'Z'], dtype=object), 'phones-accuracy': array([2. , 2. , 2. , 1.8]), 'stress': 10, 'text': 'COMES', 'total': 10, 'mispronunciations': array([], dtype=object)}
 {'accuracy': 10, 'phones': array(['DH', 'AH0'], dtype=object), 'phones-accuracy': array([2., 2.]), 'stress': 10, 'text': 'THE', 'total': 10, 'mispronunciations': array([], dtype=object)}
 {'accuracy': 10, 'phones': array(['Y', 'UW0', 'N', 'AY1', 'T', 'IH0', 'D'], dtype=object), 'phones-accuracy': array([2., 2., 2., 2., 2., 2., 2.]), 'stress': 10, 'text': 'UNITED', 'total': 10, 'mispronunciations': array([], dtype=object)}
 {'accuracy': 10, 'phones': array(['S', 'T', 'EY0', 'T', 'S'], dtype=object), 'phones-accuracy': array([2., 2., 2., 2., 2.]), 'stress': 10, 'text': 'STATES', 'total': 10, 'mispronunciations': array([], dtype=object)}
 {'accuracy': 10, 'phones': array(['AE0', 'N', 'D'], dtype=object), 'phones-accuracy': array([2. , 2. , 1.8]), 'stress': 10, 'text': 'AND', 'total': 10, 'mispronunciations': array([], dtype=object)}
 {'accuracy': 10, 'phones': array(['DH', 'AH0'], dtype=object), 'phones-accuracy': array([2., 2.]), 'stress': 10, 'text': 'THE', 'total': 10, 'mispronunciations': array([], dtype=object)}
 {'accuracy': 8, 'phones': array(['W', 'ER0', 'L', 'D'], dtype=object), 'phones-accuracy': array([2. , 2. , 1.4, 1.8]), 'stress': 10, 'text': 'WORLD', 'total': 8, 'mispronunciations': array([], dtype=object)}]",2244,f,20,train,022440062,-49.73577702045441
022440062,426,Z,1.5399999618530271,1.7200000286102295,-53.60347366333008,comes,1.8,8,10.0,8,8,8,"[{'accuracy': 10, 'phones': array(['AA1', 'F', 'T', 'AH0'], dtype=object), 'phones-accuracy': array([2., 2., 2., 2.]), 'stress': 10, 'text': 'AFTER', 'total': 10, 'mispronunciations': array([], dtype=object)}
 {'accuracy': 10, 'phones': array(['DH', 'AE0', 'T'], dtype=object), 'phones-accuracy': array([1.8, 2. , 2. ]), 'stress': 10, 'text': 'THAT', 'total': 10, 'mispronunciations': array([], dtype=object)}
 {'accuracy': 10, 'phones': array(['K', 'AH0', 'M', 'Z'], dtype=object), 'phones-accuracy': array([2. , 2. , 2. , 1.8]), 'stress': 10, 'text': 'COMES', 'total': 10, 'mispronunciations': array([], dtype=object)}
 {'accuracy': 10, 'phones': array(['DH', 'AH0'], dtype=object), 'phones-accuracy': array([2., 2.]), 'stress': 10, 'text': 'THE', 'total': 10, 'mispronunciations': array([], dtype=object)}
 {'accuracy': 10, 'phones': array(['Y', 'UW0', 'N', 'AY1', 'T', 'IH0', 'D'], dtype=object), 'phones-accuracy': array([2., 2., 2., 2., 2., 2., 2.]), 'stress': 10, 'text': 'UNITED', 'total': 10, 'mispronunciations': array([], dtype=object)}
 {'accuracy': 10, 'phones': array(['S', 'T', 'EY0', 'T', 'S'], dtype=object), 'phones-accuracy': array([2., 2., 2., 2., 2.]), 'stress': 10, 'text': 'STATES', 'total': 10, 'mispronunciations': array([], dtype=object)}
 {'accuracy': 10, 'phones': array(['AE0', 'N', 'D'], dtype=object), 'phones-accuracy': array([2. , 2. , 1.8]), 'stress': 10, 'text': 'AND', 'total': 10, 'mispronunciations': array([], dtype=object)}
 {'accuracy': 10, 'phones': array(['DH', 'AH0'], dtype=object), 'phones-accuracy': array([2., 2.]), 'stress': 10, 'text': 'THE', 'total': 10, 'mispronunciations': array([], dtype=object)}
 {'accuracy': 8, 'phones': array(['W', 'ER0', 'L', 'D'], dtype=object), 'phones-accuracy': array([2. , 2. , 1.4, 1.8]), 'stress': 10, 'text': 'WORLD', 'total': 8, 'mispronunciations': array([], dtype=object)}]",2244,f,20,train,022440062,-53.50609252601862
022440062,427,sil,1.7200000286102295,1.9700000286102293,-46.36659622192383,<eps>,,8,10.0,8,8,8,"[{'accuracy': 10, 'phones': array(['AA1', 'F', 'T', 'AH0'], dtype=object), 'phones-accuracy': array([2., 2., 2., 2.]), 'stress': 10, 'text': 'AFTER', 'total': 10, 'mispronunciations': array([], dtype=object)}
 {'accuracy': 10, 'phones': array(['DH', 'AE0', 'T'], dtype=object), 'phones-accuracy': array([1.8, 2. , 2. ]), 'stress': 10, 'text': 'THAT', 'total': 10, 'mispronunciations': array([], dtype=object)}
 {'accuracy': 10, 'phones': array(['K', 'AH0', 'M', 'Z'], dtype=object), 'phones-accuracy': array([2. , 2. , 2. , 1.8]), 'stress': 10, 'text': 'COMES', 'total': 10, 'mispronunciations': array([], dtype=object)}
 {'accuracy': 10, 'phones': array(['DH', 'AH0'], dtype=object), 'phones-accuracy': array([2., 2.]), 'stress': 10, 'text': 'THE', 'total': 10, 'mispronunciations': array([], dtype=object)}
 {'accuracy': 10, 'phones': array(['Y', 'UW0', 'N', 'AY1', 'T', 'IH0', 'D'], dtype=object), 'phones-accuracy': array([2., 2., 2., 2., 2., 2., 2.]), 'stress': 10, 'text': 'UNITED', 'total': 10, 'mispronunciations': array([], dtype=object)}
 {'accuracy': 10, 'phones': array(['S', 'T', 'EY0', 'T', 'S'], dtype=object), 'phones-accuracy': array([2., 2., 2., 2., 2.]), 'stress': 10, 'text': 'STATES', 'total': 10, 'mispronunciations': array([], dtype=object)}
 {'accuracy': 10, 'phones': array(['AE0', 'N', 'D'], dtype=object), 'phones-accuracy': array([2. , 2. , 1.8]), 'stress': 10, 'text': 'AND', 'total': 10, 'mispronunciations': array([], dtype=object)}
 {'accuracy': 10, 'phones': array(['DH', 'AH0'], dtype=object), 'phones-accuracy': array([2., 2.]), 'stress': 10, 'text': 'THE', 'total': 10, 'mispronunciations': array([], dtype=object)}
 {'accuracy': 8, 'phones': array(['W', 'ER0', 'L', 'D'], dtype=object), 'phones-accuracy': array([2. , 2. , 1.4, 1.8]), 'stress': 10, 'text': 'WORLD', 'total': 8, 'mispronunciations': array([], dtype=object)}]",2244,f,20,train,022440062,-46.32808139547706
022440062,428,DH,1.9700000286102293,2.0299999713897705,-65.02375030517578,the,1.8,8,10.0,8,8,8,"[{'accuracy': 10, 'phones': array(['AA1', 'F', 'T', 'AH0'], dtype=object), 'phones-accuracy': array([2., 2., 2., 2.]), 'stress': 10, 'text': 'AFTER', 'total': 10, 'mispronunciations': array([], dtype=object)}
 {'accuracy': 10, 'phones': array(['DH', 'AE0', 'T'], dtype=object), 'phones-accuracy': array([1.8, 2. , 2. ]), 'stress': 10, 'text': 'THAT', 'total': 10, 'mispronunciations': array([], dtype=object)}
 {'accuracy': 10, 'phones': array(['K', 'AH0', 'M', 'Z'], dtype=object), 'phones-accuracy': array([2. , 2. , 2. , 1.8]), 'stress': 10, 'text': 'COMES', 'total': 10, 'mispronunciations': array([], dtype=object)}
 {'accuracy': 10, 'phones': array(['DH', 'AH0'], dtype=object), 'phones-accuracy': array([2., 2.]), 'stress': 10, 'text': 'THE', 'total': 10, 'mispronunciations': array([], dtype=object)}
 {'accuracy': 10, 'phones': array(['Y', 'UW0', 'N', 'AY1', 'T', 'IH0', 'D'], dtype=object), 'phones-accuracy': array([2., 2., 2., 2., 2., 2., 2.]), 'stress': 10, 'text': 'UNITED', 'total': 10, 'mispronunciations': array([], dtype=object)}
 {'accuracy': 10, 'phones': array(['S', 'T', 'EY0', 'T', 'S'], dtype=object), 'phones-accuracy': array([2., 2., 2., 2., 2.]), 'stress': 10, 'text': 'STATES', 'total': 10, 'mispronunciations': array([], dtype=object)}
 {'accuracy': 10, 'phones': array(['AE0', 'N', 'D'], dtype=object), 'phones-accuracy': array([2. , 2. , 1.8]), 'stress': 10, 'text': 'AND', 'total': 10, 'mispronunciations': array([], dtype=object)}
 {'accuracy': 10, 'phones': array(['DH', 'AH0'], dtype=object), 'phones-accuracy': array([2., 2.]), 'stress': 10, 'text': 'THE', 'total': 10, 'mispronunciations': array([], dtype=object)}
 {'accuracy': 8, 'phones': array(['W', 'ER0', 'L', 'D'], dtype=object), 'phones-accuracy': array([2. , 2. , 1.4, 1.8]), 'stress': 10, 'text': 'WORLD', 'total': 8, 'mispronunciations': array([], dtype=object)}]",2244,f,20,train,022440062,-64.97526478022337
022440062,429,AH0,2.0299999713897705,2.150000095367432,-73.27075958251953,the,2.0,8,10.0,8,8,8,"[{'accuracy': 10, 'phones': array(['AA1', 'F', 'T', 'AH0'], dtype=object), 'phones-accuracy': array([2., 2., 2., 2.]), 'stress': 10, 'text': 'AFTER', 'total': 10, 'mispronunciations': array([], dtype=object)}
 {'accuracy': 10, 'phones': array(['DH', 'AE0', 'T'], dtype=object), 'phones-accuracy': array([1.8, 2. , 2. ]), 'stress': 10, 'text': 'THAT', 'total': 10, 'mispronunciations': array([], dtype=object)}
 {'accuracy': 10, 'phones': array(['K', 'AH0', 'M', 'Z'], dtype=object), 'phones-accuracy': array([2. , 2. , 2. , 1.8]), 'stress': 10, 'text': 'COMES', 'total': 10, 'mispronunciations': array([], dtype=object)}
 {'accuracy': 10, 'phones': array(['DH', 'AH0'], dtype=object), 'phones-accuracy': array([2., 2.]), 'stress': 10, 'text': 'THE', 'total': 10, 'mispronunciations': array([], dtype=object)}
 {'accuracy': 10, 'phones': array(['Y', 'UW0', 'N', 'AY1', 'T', 'IH0', 'D'], dtype=object), 'phones-accuracy': array([2., 2., 2., 2., 2., 2., 2.]), 'stress': 10, 'text': 'UNITED', 'total': 10, 'mispronunciations': array([], dtype=object)}
 {'accuracy': 10, 'phones': array(['S', 'T', 'EY0', 'T', 'S'], dtype=object), 'phones-accuracy': array([2., 2., 2., 2., 2.]), 'stress': 10, 'text': 'STATES', 'total': 10, 'mispronunciations': array([], dtype=object)}
 {'accuracy': 10, 'phones': array(['AE0', 'N', 'D'], dtype=object), 'phones-accuracy': array([2. , 2. , 1.8]), 'stress': 10, 'text': 'AND', 'total': 10, 'mispronunciations': array([], dtype=object)}
 {'accuracy': 10, 'phones': array(['DH', 'AH0'], dtype=object), 'phones-accuracy': array([2., 2.]), 'stress': 10, 'text': 'THE', 'total': 10, 'mispronunciations': array([], dtype=object)}
 {'accuracy': 8, 'phones': array(['W', 'ER0', 'L', 'D'], dtype=object), 'phones-accuracy': array([2. , 2. , 1.4, 1.8]), 'stress': 10, 'text': 'WORLD', 'total': 8, 'mispronunciations': array([], dtype=object)}]",2244,f,20,train,022440062,-73.07885341346264
022440062,430,Y,2.150000095367432,2.200000047683716,-52.8513069152832,united,2.0,8,10.0,8,8,8,"[{'accuracy': 10, 'phones': array(['AA1', 'F', 'T', 'AH0'], dtype=object), 'phones-accuracy': array([2., 2., 2., 2.]), 'stress': 10, 'text': 'AFTER', 'total': 10, 'mispronunciations': array([], dtype=object)}
 {'accuracy': 10, 'phones': array(['DH', 'AE0', 'T'], dtype=object), 'phones-accuracy': array([1.8, 2. , 2. ]), 'stress': 10, 'text': 'THAT', 'total': 10, 'mispronunciations': array([], dtype=object)}
 {'accuracy': 10, 'phones': array(['K', 'AH0', 'M', 'Z'], dtype=object), 'phones-accuracy': array([2. , 2. , 2. , 1.8]), 'stress': 10, 'text': 'COMES', 'total': 10, 'mispronunciations': array([], dtype=object)}
 {'accuracy': 10, 'phones': array(['DH', 'AH0'], dtype=object), 'phones-accuracy': array([2., 2.]), 'stress': 10, 'text': 'THE', 'total': 10, 'mispronunciations': array([], dtype=object)}
 {'accuracy': 10, 'phones': array(['Y', 'UW0', 'N', 'AY1', 'T', 'IH0', 'D'], dtype=object), 'phones-accuracy': array([2., 2., 2., 2., 2., 2., 2.]), 'stress': 10, 'text': 'UNITED', 'total': 10, 'mispronunciations': array([], dtype=object)}
 {'accuracy': 10, 'phones': array(['S', 'T', 'EY0', 'T', 'S'], dtype=object), 'phones-accuracy': array([2., 2., 2., 2., 2.]), 'stress': 10, 'text': 'STATES', 'total': 10, 'mispronunciations': array([], dtype=object)}
 {'accuracy': 10, 'phones': array(['AE0', 'N', 'D'], dtype=object), 'phones-accuracy': array([2. , 2. , 1.8]), 'stress': 10, 'text': 'AND', 'total': 10, 'mispronunciations': array([], dtype=object)}
 {'accuracy': 10, 'phones': array(['DH', 'AH0'], dtype=object), 'phones-accuracy': array([2., 2.]), 'stress': 10, 'text': 'THE', 'total': 10, 'mispronunciations': array([], dtype=object)}
 {'accuracy': 8, 'phones': array(['W', 'ER0', 'L', 'D'], dtype=object), 'phones-accuracy': array([2. , 2. , 1.4, 1.8]), 'stress': 10, 'text': 'WORLD', 'total': 8, 'mispronunciations': array([], dtype=object)}]",2244,f,20,train,022440062,-52.57605841755867
022440062,431,UW0,2.200000047683716,2.2699999809265137,-50.90551376342773,united,2.0,8,10.0,8,8,8,"[{'accuracy': 10, 'phones': array(['AA1', 'F', 'T', 'AH0'], dtype=object), 'phones-accuracy': array([2., 2., 2., 2.]), 'stress': 10, 'text': 'AFTER', 'total': 10, 'mispronunciations': array([], dtype=object)}
 {'accuracy': 10, 'phones': array(['DH', 'AE0', 'T'], dtype=object), 'phones-accuracy': array([1.8, 2. , 2. ]), 'stress': 10, 'text': 'THAT', 'total': 10, 'mispronunciations': array([], dtype=object)}
 {'accuracy': 10, 'phones': array(['K', 'AH0', 'M', 'Z'], dtype=object), 'phones-accuracy': array([2. , 2. , 2. , 1.8]), 'stress': 10, 'text': 'COMES', 'total': 10, 'mispronunciations': array([], dtype=object)}
 {'accuracy': 10, 'phones': array(['DH', 'AH0'], dtype=object), 'phones-accuracy': array([2., 2.]), 'stress': 10, 'text': 'THE', 'total': 10, 'mispronunciations': array([], dtype=object)}
 {'accuracy': 10, 'phones': array(['Y', 'UW0', 'N', 'AY1', 'T', 'IH0', 'D'], dtype=object), 'phones-accuracy': array([2., 2., 2., 2., 2., 2., 2.]), 'stress': 10, 'text': 'UNITED', 'total': 10, 'mispronunciations': array([], dtype=object)}
 {'accuracy': 10, 'phones': array(['S', 'T', 'EY0', 'T', 'S'], dtype=object), 'phones-accuracy': array([2., 2., 2., 2., 2.]), 'stress': 10, 'text': 'STATES', 'total': 10, 'mispronunciations': array([], dtype=object)}
 {'accuracy': 10, 'phones': array(['AE0', 'N', 'D'], dtype=object), 'phones-accuracy': array([2. , 2. , 1.8]), 'stress': 10, 'text': 'AND', 'total': 10, 'mispronunciations': array([], dtype=object)}
 {'accuracy': 10, 'phones': array(['DH', 'AH0'], dtype=object), 'phones-accuracy': array([2., 2.]), 'stress': 10, 'text': 'THE', 'total': 10, 'mispronunciations': array([], dtype=object)}
 {'accuracy': 8, 'phones': array(['W', 'ER0', 'L', 'D'], dtype=object), 'phones-accuracy': array([2. , 2. , 1.4, 1.8]), 'stress': 10, 'text': 'WORLD', 'total': 8, 'mispronunciations': array([], dtype=object)}]",2244,f,20,train,022440062,-50.76064626872539
022440062,432,N,2.2699999809265137,2.3499999046325684,-57.71161651611328,united,2.0,8,10.0,8,8,8,"[{'accuracy': 10, 'phones': array(['AA1', 'F', 'T', 'AH0'], dtype=object), 'phones-accuracy': array([2., 2., 2., 2.]), 'stress': 10, 'text': 'AFTER', 'total': 10, 'mispronunciations': array([], dtype=object)}
 {'accuracy': 10, 'phones': array(['DH', 'AE0', 'T'], dtype=object), 'phones-accuracy': array([1.8, 2. , 2. ]), 'stress': 10, 'text': 'THAT', 'total': 10, 'mispronunciations': array([], dtype=object)}
 {'accuracy': 10, 'phones': array(['K', 'AH0', 'M', 'Z'], dtype=object), 'phones-accuracy': array([2. , 2. , 2. , 1.8]), 'stress': 10, 'text': 'COMES', 'total': 10, 'mispronunciations': array([], dtype=object)}
 {'accuracy': 10, 'phones': array(['DH', 'AH0'], dtype=object), 'phones-accuracy': array([2., 2.]), 'stress': 10, 'text': 'THE', 'total': 10, 'mispronunciations': array([], dtype=object)}
 {'accuracy': 10, 'phones': array(['Y', 'UW0', 'N', 'AY1', 'T', 'IH0', 'D'], dtype=object), 'phones-accuracy': array([2., 2., 2., 2., 2., 2., 2.]), 'stress': 10, 'text': 'UNITED', 'total': 10, 'mispronunciations': array([], dtype=object)}
 {'accuracy': 10, 'phones': array(['S', 'T', 'EY0', 'T', 'S'], dtype=object), 'phones-accuracy': array([2., 2., 2., 2., 2.]), 'stress': 10, 'text': 'STATES', 'total': 10, 'mispronunciations': array([], dtype=object)}
 {'accuracy': 10, 'phones': array(['AE0', 'N', 'D'], dtype=object), 'phones-accuracy': array([2. , 2. , 1.8]), 'stress': 10, 'text': 'AND', 'total': 10, 'mispronunciations': array([], dtype=object)}
 {'accuracy': 10, 'phones': array(['DH', 'AH0'], dtype=object), 'phones-accuracy': array([2., 2.]), 'stress': 10, 'text': 'THE', 'total': 10, 'mispronunciations': array([], dtype=object)}
 {'accuracy': 8, 'phones': array(['W', 'ER0', 'L', 'D'], dtype=object), 'phones-accuracy': array([2. , 2. , 1.4, 1.8]), 'stress': 10, 'text': 'WORLD', 'total': 8, 'mispronunciations': array([], dtype=object)}]",2244,f,20,train,022440062,-57.52669137716293
022440062,433,AY1,2.3499999046325684,2.490000009536743,-58.3359489440918,united,2.0,8,10.0,8,8,8,"[{'accuracy': 10, 'phones': array(['AA1', 'F', 'T', 'AH0'], dtype=object), 'phones-accuracy': array([2., 2., 2., 2.]), 'stress': 10, 'text': 'AFTER', 'total': 10, 'mispronunciations': array([], dtype=object)}
 {'accuracy': 10, 'phones': array(['DH', 'AE0', 'T'], dtype=object), 'phones-accuracy': array([1.8, 2. , 2. ]), 'stress': 10, 'text': 'THAT', 'total': 10, 'mispronunciations': array([], dtype=object)}
 {'accuracy': 10, 'phones': array(['K', 'AH0', 'M', 'Z'], dtype=object), 'phones-accuracy': array([2. , 2. , 2. , 1.8]), 'stress': 10, 'text': 'COMES', 'total': 10, 'mispronunciations': array([], dtype=object)}
 {'accuracy': 10, 'phones': array(['DH', 'AH0'], dtype=object), 'phones-accuracy': array([2., 2.]), 'stress': 10, 'text': 'THE', 'total': 10, 'mispronunciations': array([], dtype=object)}
 {'accuracy': 10, 'phones': array(['Y', 'UW0', 'N', 'AY1', 'T', 'IH0', 'D'], dtype=object), 'phones-accuracy': array([2., 2., 2., 2., 2., 2., 2.]), 'stress': 10, 'text': 'UNITED', 'total': 10, 'mispronunciations': array([], dtype=object)}
 {'accuracy': 10, 'phones': array(['S', 'T', 'EY0', 'T', 'S'], dtype=object), 'phones-accuracy': array([2., 2., 2., 2., 2.]), 'stress': 10, 'text': 'STATES', 'total': 10, 'mispronunciations': array([], dtype=object)}
 {'accuracy': 10, 'phones': array(['AE0', 'N', 'D'], dtype=object), 'phones-accuracy': array([2. , 2. , 1.8]), 'stress': 10, 'text': 'AND', 'total': 10, 'mispronunciations': array([], dtype=object)}
 {'accuracy': 10, 'phones': array(['DH', 'AH0'], dtype=object), 'phones-accuracy': array([2., 2.]), 'stress': 10, 'text': 'THE', 'total': 10, 'mispronunciations': array([], dtype=object)}
 {'accuracy': 8, 'phones': array(['W', 'ER0', 'L', 'D'], dtype=object), 'phones-accuracy': array([2. , 2. , 1.4, 1.8]), 'stress': 10, 'text': 'WORLD', 'total': 8, 'mispronunciations': array([], dtype=object)}]",2244,f,20,train,022440062,-58.061055809259415
022440062,434,T,2.490000009536743,2.5899999141693115,-59.73849487304688,united,2.0,8,10.0,8,8,8,"[{'accuracy': 10, 'phones': array(['AA1', 'F', 'T', 'AH0'], dtype=object), 'phones-accuracy': array([2., 2., 2., 2.]), 'stress': 10, 'text': 'AFTER', 'total': 10, 'mispronunciations': array([], dtype=object)}
 {'accuracy': 10, 'phones': array(['DH', 'AE0', 'T'], dtype=object), 'phones-accuracy': array([1.8, 2. , 2. ]), 'stress': 10, 'text': 'THAT', 'total': 10, 'mispronunciations': array([], dtype=object)}
 {'accuracy': 10, 'phones': array(['K', 'AH0', 'M', 'Z'], dtype=object), 'phones-accuracy': array([2. , 2. , 2. , 1.8]), 'stress': 10, 'text': 'COMES', 'total': 10, 'mispronunciations': array([], dtype=object)}
 {'accuracy': 10, 'phones': array(['DH', 'AH0'], dtype=object), 'phones-accuracy': array([2., 2.]), 'stress': 10, 'text': 'THE', 'total': 10, 'mispronunciations': array([], dtype=object)}
 {'accuracy': 10, 'phones': array(['Y', 'UW0', 'N', 'AY1', 'T', 'IH0', 'D'], dtype=object), 'phones-accuracy': array([2., 2., 2., 2., 2., 2., 2.]), 'stress': 10, 'text': 'UNITED', 'total': 10, 'mispronunciations': array([], dtype=object)}
 {'accuracy': 10, 'phones': array(['S', 'T', 'EY0', 'T', 'S'], dtype=object), 'phones-accuracy': array([2., 2., 2., 2., 2.]), 'stress': 10, 'text': 'STATES', 'total': 10, 'mispronunciations': array([], dtype=object)}
 {'accuracy': 10, 'phones': array(['AE0', 'N', 'D'], dtype=object), 'phones-accuracy': array([2. , 2. , 1.8]), 'stress': 10, 'text': 'AND', 'total': 10, 'mispronunciations': array([], dtype=object)}
 {'accuracy': 10, 'phones': array(['DH', 'AH0'], dtype=object), 'phones-accuracy': array([2., 2.]), 'stress': 10, 'text': 'THE', 'total': 10, 'mispronunciations': array([], dtype=object)}
 {'accuracy': 8, 'phones': array(['W', 'ER0', 'L', 'D'], dtype=object), 'phones-accuracy': array([2. , 2. , 1.4, 1.8]), 'stress': 10, 'text': 'WORLD', 'total': 8, 'mispronunciations': array([], dtype=object)}]",2244,f,20,train,022440062,-59.410481750965126
022440062,435,IH0,2.5899999141693115,2.640000104904175,-55.71630859375,united,2.0,8,10.0,8,8,8,"[{'accuracy': 10, 'phones': array(['AA1', 'F', 'T', 'AH0'], dtype=object), 'phones-accuracy': array([2., 2., 2., 2.]), 'stress': 10, 'text': 'AFTER', 'total': 10, 'mispronunciations': array([], dtype=object)}
 {'accuracy': 10, 'phones': array(['DH', 'AE0', 'T'], dtype=object), 'phones-accuracy': array([1.8, 2. , 2. ]), 'stress': 10, 'text': 'THAT', 'total': 10, 'mispronunciations': array([], dtype=object)}
 {'accuracy': 10, 'phones': array(['K', 'AH0', 'M', 'Z'], dtype=object), 'phones-accuracy': array([2. , 2. , 2. , 1.8]), 'stress': 10, 'text': 'COMES', 'total': 10, 'mispronunciations': array([], dtype=object)}
 {'accuracy': 10, 'phones': array(['DH', 'AH0'], dtype=object), 'phones-accuracy': array([2., 2.]), 'stress': 10, 'text': 'THE', 'total': 10, 'mispronunciations': array([], dtype=object)}
 {'accuracy': 10, 'phones': array(['Y', 'UW0', 'N', 'AY1', 'T', 'IH0', 'D'], dtype=object), 'phones-accuracy': array([2., 2., 2., 2., 2., 2., 2.]), 'stress': 10, 'text': 'UNITED', 'total': 10, 'mispronunciations': array([], dtype=object)}
 {'accuracy': 10, 'phones': array(['S', 'T', 'EY0', 'T', 'S'], dtype=object), 'phones-accuracy': array([2., 2., 2., 2., 2.]), 'stress': 10, 'text': 'STATES', 'total': 10, 'mispronunciations': array([], dtype=object)}
 {'accuracy': 10, 'phones': array(['AE0', 'N', 'D'], dtype=object), 'phones-accuracy': array([2. , 2. , 1.8]), 'stress': 10, 'text': 'AND', 'total': 10, 'mispronunciations': array([], dtype=object)}
 {'accuracy': 10, 'phones': array(['DH', 'AH0'], dtype=object), 'phones-accuracy': array([2., 2.]), 'stress': 10, 'text': 'THE', 'total': 10, 'mispronunciations': array([], dtype=object)}
 {'accuracy': 8, 'phones': array(['W', 'ER0', 'L', 'D'], dtype=object), 'phones-accuracy': array([2. , 2. , 1.4, 1.8]), 'stress': 10, 'text': 'WORLD', 'total': 8, 'mispronunciations': array([], dtype=object)}]",2244,f,20,train,022440062,-55.462959945201874
022440062,436,D,2.640000104904175,2.690000057220459,-51.9921875,united,2.0,8,10.0,8,8,8,"[{'accuracy': 10, 'phones': array(['AA1', 'F', 'T', 'AH0'], dtype=object), 'phones-accuracy': array([2., 2., 2., 2.]), 'stress': 10, 'text': 'AFTER', 'total': 10, 'mispronunciations': array([], dtype=object)}
 {'accuracy': 10, 'phones': array(['DH', 'AE0', 'T'], dtype=object), 'phones-accuracy': array([1.8, 2. , 2. ]), 'stress': 10, 'text': 'THAT', 'total': 10, 'mispronunciations': array([], dtype=object)}
 {'accuracy': 10, 'phones': array(['K', 'AH0', 'M', 'Z'], dtype=object), 'phones-accuracy': array([2. , 2. , 2. , 1.8]), 'stress': 10, 'text': 'COMES', 'total': 10, 'mispronunciations': array([], dtype=object)}
 {'accuracy': 10, 'phones': array(['DH', 'AH0'], dtype=object), 'phones-accuracy': array([2., 2.]), 'stress': 10, 'text': 'THE', 'total': 10, 'mispronunciations': array([], dtype=object)}
 {'accuracy': 10, 'phones': array(['Y', 'UW0', 'N', 'AY1', 'T', 'IH0', 'D'], dtype=object), 'phones-accuracy': array([2., 2., 2., 2., 2., 2., 2.]), 'stress': 10, 'text': 'UNITED', 'total': 10, 'mispronunciations': array([], dtype=object)}
 {'accuracy': 10, 'phones': array(['S', 'T', 'EY0', 'T', 'S'], dtype=object), 'phones-accuracy': array([2., 2., 2., 2., 2.]), 'stress': 10, 'text': 'STATES', 'total': 10, 'mispronunciations': array([], dtype=object)}
 {'accuracy': 10, 'phones': array(['AE0', 'N', 'D'], dtype=object), 'phones-accuracy': array([2. , 2. , 1.8]), 'stress': 10, 'text': 'AND', 'total': 10, 'mispronunciations': array([], dtype=object)}
 {'accuracy': 10, 'phones': array(['DH', 'AH0'], dtype=object), 'phones-accuracy': array([2., 2.]), 'stress': 10, 'text': 'THE', 'total': 10, 'mispronunciations': array([], dtype=object)}
 {'accuracy': 8, 'phones': array(['W', 'ER0', 'L', 'D'], dtype=object), 'phones-accuracy': array([2. , 2. , 1.4, 1.8]), 'stress': 10, 'text': 'WORLD', 'total': 8, 'mispronunciations': array([], dtype=object)}]",2244,f,20,train,022440062,-51.7758352458477
022440062,437,S,2.690000057220459,2.740000009536743,-53.7075309753418,states,2.0,8,10.0,8,8,8,"[{'accuracy': 10, 'phones': array(['AA1', 'F', 'T', 'AH0'], dtype=object), 'phones-accuracy': array([2., 2., 2., 2.]), 'stress': 10, 'text': 'AFTER', 'total': 10, 'mispronunciations': array([], dtype=object)}
 {'accuracy': 10, 'phones': array(['DH', 'AE0', 'T'], dtype=object), 'phones-accuracy': array([1.8, 2. , 2. ]), 'stress': 10, 'text': 'THAT', 'total': 10, 'mispronunciations': array([], dtype=object)}
 {'accuracy': 10, 'phones': array(['K', 'AH0', 'M', 'Z'], dtype=object), 'phones-accuracy': array([2. , 2. , 2. , 1.8]), 'stress': 10, 'text': 'COMES', 'total': 10, 'mispronunciations': array([], dtype=object)}
 {'accuracy': 10, 'phones': array(['DH', 'AH0'], dtype=object), 'phones-accuracy': array([2., 2.]), 'stress': 10, 'text': 'THE', 'total': 10, 'mispronunciations': array([], dtype=object)}
 {'accuracy': 10, 'phones': array(['Y', 'UW0', 'N', 'AY1', 'T', 'IH0', 'D'], dtype=object), 'phones-accuracy': array([2., 2., 2., 2., 2., 2., 2.]), 'stress': 10, 'text': 'UNITED', 'total': 10, 'mispronunciations': array([], dtype=object)}
 {'accuracy': 10, 'phones': array(['S', 'T', 'EY0', 'T', 'S'], dtype=object), 'phones-accuracy': array([2., 2., 2., 2., 2.]), 'stress': 10, 'text': 'STATES', 'total': 10, 'mispronunciations': array([], dtype=object)}
 {'accuracy': 10, 'phones': array(['AE0', 'N', 'D'], dtype=object), 'phones-accuracy': array([2. , 2. , 1.8]), 'stress': 10, 'text': 'AND', 'total': 10, 'mispronunciations': array([], dtype=object)}
 {'accuracy': 10, 'phones': array(['DH', 'AH0'], dtype=object), 'phones-accuracy': array([2., 2.]), 'stress': 10, 'text': 'THE', 'total': 10, 'mispronunciations': array([], dtype=object)}
 {'accuracy': 8, 'phones': array(['W', 'ER0', 'L', 'D'], dtype=object), 'phones-accuracy': array([2. , 2. , 1.4, 1.8]), 'stress': 10, 'text': 'WORLD', 'total': 8, 'mispronunciations': array([], dtype=object)}]",2244,f,20,train,022440062,-53.51629739999771
022440062,438,T,2.740000009536743,2.819999933242798,-62.00664520263672,states,2.0,8,10.0,8,8,8,"[{'accuracy': 10, 'phones': array(['AA1', 'F', 'T', 'AH0'], dtype=object), 'phones-accuracy': array([2., 2., 2., 2.]), 'stress': 10, 'text': 'AFTER', 'total': 10, 'mispronunciations': array([], dtype=object)}
 {'accuracy': 10, 'phones': array(['DH', 'AE0', 'T'], dtype=object), 'phones-accuracy': array([1.8, 2. , 2. ]), 'stress': 10, 'text': 'THAT', 'total': 10, 'mispronunciations': array([], dtype=object)}
 {'accuracy': 10, 'phones': array(['K', 'AH0', 'M', 'Z'], dtype=object), 'phones-accuracy': array([2. , 2. , 2. , 1.8]), 'stress': 10, 'text': 'COMES', 'total': 10, 'mispronunciations': array([], dtype=object)}
 {'accuracy': 10, 'phones': array(['DH', 'AH0'], dtype=object), 'phones-accuracy': array([2., 2.]), 'stress': 10, 'text': 'THE', 'total': 10, 'mispronunciations': array([], dtype=object)}
 {'accuracy': 10, 'phones': array(['Y', 'UW0', 'N', 'AY1', 'T', 'IH0', 'D'], dtype=object), 'phones-accuracy': array([2., 2., 2., 2., 2., 2., 2.]), 'stress': 10, 'text': 'UNITED', 'total': 10, 'mispronunciations': array([], dtype=object)}
 {'accuracy': 10, 'phones': array(['S', 'T', 'EY0', 'T', 'S'], dtype=object), 'phones-accuracy': array([2., 2., 2., 2., 2.]), 'stress': 10, 'text': 'STATES', 'total': 10, 'mispronunciations': array([], dtype=object)}
 {'accuracy': 10, 'phones': array(['AE0', 'N', 'D'], dtype=object), 'phones-accuracy': array([2. , 2. , 1.8]), 'stress': 10, 'text': 'AND', 'total': 10, 'mispronunciations': array([], dtype=object)}
 {'accuracy': 10, 'phones': array(['DH', 'AH0'], dtype=object), 'phones-accuracy': array([2., 2.]), 'stress': 10, 'text': 'THE', 'total': 10, 'mispronunciations': array([], dtype=object)}
 {'accuracy': 8, 'phones': array(['W', 'ER0', 'L', 'D'], dtype=object), 'phones-accuracy': array([2. , 2. , 1.4, 1.8]), 'stress': 10, 'text': 'WORLD', 'total': 8, 'mispronunciations': array([], dtype=object)}]",2244,f,20,train,022440062,-61.806568548083305
022440062,439,EY1,2.819999933242798,2.9800000190734863,-39.8403205871582,states,,8,10.0,8,8,8,"[{'accuracy': 10, 'phones': array(['AA1', 'F', 'T', 'AH0'], dtype=object), 'phones-accuracy': array([2., 2., 2., 2.]), 'stress': 10, 'text': 'AFTER', 'total': 10, 'mispronunciations': array([], dtype=object)}
 {'accuracy': 10, 'phones': array(['DH', 'AE0', 'T'], dtype=object), 'phones-accuracy': array([1.8, 2. , 2. ]), 'stress': 10, 'text': 'THAT', 'total': 10, 'mispronunciations': array([], dtype=object)}
 {'accuracy': 10, 'phones': array(['K', 'AH0', 'M', 'Z'], dtype=object), 'phones-accuracy': array([2. , 2. , 2. , 1.8]), 'stress': 10, 'text': 'COMES', 'total': 10, 'mispronunciations': array([], dtype=object)}
 {'accuracy': 10, 'phones': array(['DH', 'AH0'], dtype=object), 'phones-accuracy': array([2., 2.]), 'stress': 10, 'text': 'THE', 'total': 10, 'mispronunciations': array([], dtype=object)}
 {'accuracy': 10, 'phones': array(['Y', 'UW0', 'N', 'AY1', 'T', 'IH0', 'D'], dtype=object), 'phones-accuracy': array([2., 2., 2., 2., 2., 2., 2.]), 'stress': 10, 'text': 'UNITED', 'total': 10, 'mispronunciations': array([], dtype=object)}
 {'accuracy': 10, 'phones': array(['S', 'T', 'EY0', 'T', 'S'], dtype=object), 'phones-accuracy': array([2., 2., 2., 2., 2.]), 'stress': 10, 'text': 'STATES', 'total': 10, 'mispronunciations': array([], dtype=object)}
 {'accuracy': 10, 'phones': array(['AE0', 'N', 'D'], dtype=object), 'phones-accuracy': array([2. , 2. , 1.8]), 'stress': 10, 'text': 'AND', 'total': 10, 'mispronunciations': array([], dtype=object)}
 {'accuracy': 10, 'phones': array(['DH', 'AH0'], dtype=object), 'phones-accuracy': array([2., 2.]), 'stress': 10, 'text': 'THE', 'total': 10, 'mispronunciations': array([], dtype=object)}
 {'accuracy': 8, 'phones': array(['W', 'ER0', 'L', 'D'], dtype=object), 'phones-accuracy': array([2. , 2. , 1.4, 1.8]), 'stress': 10, 'text': 'WORLD', 'total': 8, 'mispronunciations': array([], dtype=object)}]",2244,f,20,train,022440062,-39.54916128516197
022440062,440,T,2.9800000190734863,3.039999961853028,-63.66533279418945,states,2.0,8,10.0,8,8,8,"[{'accuracy': 10, 'phones': array(['AA1', 'F', 'T', 'AH0'], dtype=object), 'phones-accuracy': array([2., 2., 2., 2.]), 'stress': 10, 'text': 'AFTER', 'total': 10, 'mispronunciations': array([], dtype=object)}
 {'accuracy': 10, 'phones': array(['DH', 'AE0', 'T'], dtype=object), 'phones-accuracy': array([1.8, 2. , 2. ]), 'stress': 10, 'text': 'THAT', 'total': 10, 'mispronunciations': array([], dtype=object)}
 {'accuracy': 10, 'phones': array(['K', 'AH0', 'M', 'Z'], dtype=object), 'phones-accuracy': array([2. , 2. , 2. , 1.8]), 'stress': 10, 'text': 'COMES', 'total': 10, 'mispronunciations': array([], dtype=object)}
 {'accuracy': 10, 'phones': array(['DH', 'AH0'], dtype=object), 'phones-accuracy': array([2., 2.]), 'stress': 10, 'text': 'THE', 'total': 10, 'mispronunciations': array([], dtype=object)}
 {'accuracy': 10, 'phones': array(['Y', 'UW0', 'N', 'AY1', 'T', 'IH0', 'D'], dtype=object), 'phones-accuracy': array([2., 2., 2., 2., 2., 2., 2.]), 'stress': 10, 'text': 'UNITED', 'total': 10, 'mispronunciations': array([], dtype=object)}
 {'accuracy': 10, 'phones': array(['S', 'T', 'EY0', 'T', 'S'], dtype=object), 'phones-accuracy': array([2., 2., 2., 2., 2.]), 'stress': 10, 'text': 'STATES', 'total': 10, 'mispronunciations': array([], dtype=object)}
 {'accuracy': 10, 'phones': array(['AE0', 'N', 'D'], dtype=object), 'phones-accuracy': array([2. , 2. , 1.8]), 'stress': 10, 'text': 'AND', 'total': 10, 'mispronunciations': array([], dtype=object)}
 {'accuracy': 10, 'phones': array(['DH', 'AH0'], dtype=object), 'phones-accuracy': array([2., 2.]), 'stress': 10, 'text': 'THE', 'total': 10, 'mispronunciations': array([], dtype=object)}
 {'accuracy': 8, 'phones': array(['W', 'ER0', 'L', 'D'], dtype=object), 'phones-accuracy': array([2. , 2. , 1.4, 1.8]), 'stress': 10, 'text': 'WORLD', 'total': 8, 'mispronunciations': array([], dtype=object)}]",2244,f,20,train,022440062,-63.37784293293953
022440062,441,S,3.039999961853028,3.069999933242798,-66.71578216552734,states,2.0,8,10.0,8,8,8,"[{'accuracy': 10, 'phones': array(['AA1', 'F', 'T', 'AH0'], dtype=object), 'phones-accuracy': array([2., 2., 2., 2.]), 'stress': 10, 'text': 'AFTER', 'total': 10, 'mispronunciations': array([], dtype=object)}
 {'accuracy': 10, 'phones': array(['DH', 'AE0', 'T'], dtype=object), 'phones-accuracy': array([1.8, 2. , 2. ]), 'stress': 10, 'text': 'THAT', 'total': 10, 'mispronunciations': array([], dtype=object)}
 {'accuracy': 10, 'phones': array(['K', 'AH0', 'M', 'Z'], dtype=object), 'phones-accuracy': array([2. , 2. , 2. , 1.8]), 'stress': 10, 'text': 'COMES', 'total': 10, 'mispronunciations': array([], dtype=object)}
 {'accuracy': 10, 'phones': array(['DH', 'AH0'], dtype=object), 'phones-accuracy': array([2., 2.]), 'stress': 10, 'text': 'THE', 'total': 10, 'mispronunciations': array([], dtype=object)}
 {'accuracy': 10, 'phones': array(['Y', 'UW0', 'N', 'AY1', 'T', 'IH0', 'D'], dtype=object), 'phones-accuracy': array([2., 2., 2., 2., 2., 2., 2.]), 'stress': 10, 'text': 'UNITED', 'total': 10, 'mispronunciations': array([], dtype=object)}
 {'accuracy': 10, 'phones': array(['S', 'T', 'EY0', 'T', 'S'], dtype=object), 'phones-accuracy': array([2., 2., 2., 2., 2.]), 'stress': 10, 'text': 'STATES', 'total': 10, 'mispronunciations': array([], dtype=object)}
 {'accuracy': 10, 'phones': array(['AE0', 'N', 'D'], dtype=object), 'phones-accuracy': array([2. , 2. , 1.8]), 'stress': 10, 'text': 'AND', 'total': 10, 'mispronunciations': array([], dtype=object)}
 {'accuracy': 10, 'phones': array(['DH', 'AH0'], dtype=object), 'phones-accuracy': array([2., 2.]), 'stress': 10, 'text': 'THE', 'total': 10, 'mispronunciations': array([], dtype=object)}
 {'accuracy': 8, 'phones': array(['W', 'ER0', 'L', 'D'], dtype=object), 'phones-accuracy': array([2. , 2. , 1.4, 1.8]), 'stress': 10, 'text': 'WORLD', 'total': 8, 'mispronunciations': array([], dtype=object)}]",2244,f,20,train,022440062,-66.60670657455921
022440062,442,sil,3.069999933242798,3.140000104904175,-66.55335235595703,<eps>,,8,10.0,8,8,8,"[{'accuracy': 10, 'phones': array(['AA1', 'F', 'T', 'AH0'], dtype=object), 'phones-accuracy': array([2., 2., 2., 2.]), 'stress': 10, 'text': 'AFTER', 'total': 10, 'mispronunciations': array([], dtype=object)}
 {'accuracy': 10, 'phones': array(['DH', 'AE0', 'T'], dtype=object), 'phones-accuracy': array([1.8, 2. , 2. ]), 'stress': 10, 'text': 'THAT', 'total': 10, 'mispronunciations': array([], dtype=object)}
 {'accuracy': 10, 'phones': array(['K', 'AH0', 'M', 'Z'], dtype=object), 'phones-accuracy': array([2. , 2. , 2. , 1.8]), 'stress': 10, 'text': 'COMES', 'total': 10, 'mispronunciations': array([], dtype=object)}
 {'accuracy': 10, 'phones': array(['DH', 'AH0'], dtype=object), 'phones-accuracy': array([2., 2.]), 'stress': 10, 'text': 'THE', 'total': 10, 'mispronunciations': array([], dtype=object)}
 {'accuracy': 10, 'phones': array(['Y', 'UW0', 'N', 'AY1', 'T', 'IH0', 'D'], dtype=object), 'phones-accuracy': array([2., 2., 2., 2., 2., 2., 2.]), 'stress': 10, 'text': 'UNITED', 'total': 10, 'mispronunciations': array([], dtype=object)}
 {'accuracy': 10, 'phones': array(['S', 'T', 'EY0', 'T', 'S'], dtype=object), 'phones-accuracy': array([2., 2., 2., 2., 2.]), 'stress': 10, 'text': 'STATES', 'total': 10, 'mispronunciations': array([], dtype=object)}
 {'accuracy': 10, 'phones': array(['AE0', 'N', 'D'], dtype=object), 'phones-accuracy': array([2. , 2. , 1.8]), 'stress': 10, 'text': 'AND', 'total': 10, 'mispronunciations': array([], dtype=object)}
 {'accuracy': 10, 'phones': array(['DH', 'AH0'], dtype=object), 'phones-accuracy': array([2., 2.]), 'stress': 10, 'text': 'THE', 'total': 10, 'mispronunciations': array([], dtype=object)}
 {'accuracy': 8, 'phones': array(['W', 'ER0', 'L', 'D'], dtype=object), 'phones-accuracy': array([2. , 2. , 1.4, 1.8]), 'stress': 10, 'text': 'WORLD', 'total': 8, 'mispronunciations': array([], dtype=object)}]",2244,f,20,train,022440062,-66.36139415204525
022440062,443,AE1,3.140000104904175,3.190000057220459,-60.17638397216797,and,,8,10.0,8,8,8,"[{'accuracy': 10, 'phones': array(['AA1', 'F', 'T', 'AH0'], dtype=object), 'phones-accuracy': array([2., 2., 2., 2.]), 'stress': 10, 'text': 'AFTER', 'total': 10, 'mispronunciations': array([], dtype=object)}
 {'accuracy': 10, 'phones': array(['DH', 'AE0', 'T'], dtype=object), 'phones-accuracy': array([1.8, 2. , 2. ]), 'stress': 10, 'text': 'THAT', 'total': 10, 'mispronunciations': array([], dtype=object)}
 {'accuracy': 10, 'phones': array(['K', 'AH0', 'M', 'Z'], dtype=object), 'phones-accuracy': array([2. , 2. , 2. , 1.8]), 'stress': 10, 'text': 'COMES', 'total': 10, 'mispronunciations': array([], dtype=object)}
 {'accuracy': 10, 'phones': array(['DH', 'AH0'], dtype=object), 'phones-accuracy': array([2., 2.]), 'stress': 10, 'text': 'THE', 'total': 10, 'mispronunciations': array([], dtype=object)}
 {'accuracy': 10, 'phones': array(['Y', 'UW0', 'N', 'AY1', 'T', 'IH0', 'D'], dtype=object), 'phones-accuracy': array([2., 2., 2., 2., 2., 2., 2.]), 'stress': 10, 'text': 'UNITED', 'total': 10, 'mispronunciations': array([], dtype=object)}
 {'accuracy': 10, 'phones': array(['S', 'T', 'EY0', 'T', 'S'], dtype=object), 'phones-accuracy': array([2., 2., 2., 2., 2.]), 'stress': 10, 'text': 'STATES', 'total': 10, 'mispronunciations': array([], dtype=object)}
 {'accuracy': 10, 'phones': array(['AE0', 'N', 'D'], dtype=object), 'phones-accuracy': array([2. , 2. , 1.8]), 'stress': 10, 'text': 'AND', 'total': 10, 'mispronunciations': array([], dtype=object)}
 {'accuracy': 10, 'phones': array(['DH', 'AH0'], dtype=object), 'phones-accuracy': array([2., 2.]), 'stress': 10, 'text': 'THE', 'total': 10, 'mispronunciations': array([], dtype=object)}
 {'accuracy': 8, 'phones': array(['W', 'ER0', 'L', 'D'], dtype=object), 'phones-accuracy': array([2. , 2. , 1.4, 1.8]), 'stress': 10, 'text': 'WORLD', 'total': 8, 'mispronunciations': array([], dtype=object)}]",2244,f,20,train,022440062,-60.02185779809952
022440062,444,N,3.190000057220459,3.289999961853028,-41.32213592529297,and,2.0,8,10.0,8,8,8,"[{'accuracy': 10, 'phones': array(['AA1', 'F', 'T', 'AH0'], dtype=object), 'phones-accuracy': array([2., 2., 2., 2.]), 'stress': 10, 'text': 'AFTER', 'total': 10, 'mispronunciations': array([], dtype=object)}
 {'accuracy': 10, 'phones': array(['DH', 'AE0', 'T'], dtype=object), 'phones-accuracy': array([1.8, 2. , 2. ]), 'stress': 10, 'text': 'THAT', 'total': 10, 'mispronunciations': array([], dtype=object)}
 {'accuracy': 10, 'phones': array(['K', 'AH0', 'M', 'Z'], dtype=object), 'phones-accuracy': array([2. , 2. , 2. , 1.8]), 'stress': 10, 'text': 'COMES', 'total': 10, 'mispronunciations': array([], dtype=object)}
 {'accuracy': 10, 'phones': array(['DH', 'AH0'], dtype=object), 'phones-accuracy': array([2., 2.]), 'stress': 10, 'text': 'THE', 'total': 10, 'mispronunciations': array([], dtype=object)}
 {'accuracy': 10, 'phones': array(['Y', 'UW0', 'N', 'AY1', 'T', 'IH0', 'D'], dtype=object), 'phones-accuracy': array([2., 2., 2., 2., 2., 2., 2.]), 'stress': 10, 'text': 'UNITED', 'total': 10, 'mispronunciations': array([], dtype=object)}
 {'accuracy': 10, 'phones': array(['S', 'T', 'EY0', 'T', 'S'], dtype=object), 'phones-accuracy': array([2., 2., 2., 2., 2.]), 'stress': 10, 'text': 'STATES', 'total': 10, 'mispronunciations': array([], dtype=object)}
 {'accuracy': 10, 'phones': array(['AE0', 'N', 'D'], dtype=object), 'phones-accuracy': array([2. , 2. , 1.8]), 'stress': 10, 'text': 'AND', 'total': 10, 'mispronunciations': array([], dtype=object)}
 {'accuracy': 10, 'phones': array(['DH', 'AH0'], dtype=object), 'phones-accuracy': array([2., 2.]), 'stress': 10, 'text': 'THE', 'total': 10, 'mispronunciations': array([], dtype=object)}
 {'accuracy': 8, 'phones': array(['W', 'ER0', 'L', 'D'], dtype=object), 'phones-accuracy': array([2. , 2. , 1.4, 1.8]), 'stress': 10, 'text': 'WORLD', 'total': 8, 'mispronunciations': array([], dtype=object)}]",2244,f,20,train,022440062,-41.07331493496895
022440062,445,D,3.289999961853028,3.319999933242798,-48.58512496948242,and,2.0,8,10.0,8,8,8,"[{'accuracy': 10, 'phones': array(['AA1', 'F', 'T', 'AH0'], dtype=object), 'phones-accuracy': array([2., 2., 2., 2.]), 'stress': 10, 'text': 'AFTER', 'total': 10, 'mispronunciations': array([], dtype=object)}
 {'accuracy': 10, 'phones': array(['DH', 'AE0', 'T'], dtype=object), 'phones-accuracy': array([1.8, 2. , 2. ]), 'stress': 10, 'text': 'THAT', 'total': 10, 'mispronunciations': array([], dtype=object)}
 {'accuracy': 10, 'phones': array(['K', 'AH0', 'M', 'Z'], dtype=object), 'phones-accuracy': array([2. , 2. , 2. , 1.8]), 'stress': 10, 'text': 'COMES', 'total': 10, 'mispronunciations': array([], dtype=object)}
 {'accuracy': 10, 'phones': array(['DH', 'AH0'], dtype=object), 'phones-accuracy': array([2., 2.]), 'stress': 10, 'text': 'THE', 'total': 10, 'mispronunciations': array([], dtype=object)}
 {'accuracy': 10, 'phones': array(['Y', 'UW0', 'N', 'AY1', 'T', 'IH0', 'D'], dtype=object), 'phones-accuracy': array([2., 2., 2., 2., 2., 2., 2.]), 'stress': 10, 'text': 'UNITED', 'total': 10, 'mispronunciations': array([], dtype=object)}
 {'accuracy': 10, 'phones': array(['S', 'T', 'EY0', 'T', 'S'], dtype=object), 'phones-accuracy': array([2., 2., 2., 2., 2.]), 'stress': 10, 'text': 'STATES', 'total': 10, 'mispronunciations': array([], dtype=object)}
 {'accuracy': 10, 'phones': array(['AE0', 'N', 'D'], dtype=object), 'phones-accuracy': array([2. , 2. , 1.8]), 'stress': 10, 'text': 'AND', 'total': 10, 'mispronunciations': array([], dtype=object)}
 {'accuracy': 10, 'phones': array(['DH', 'AH0'], dtype=object), 'phones-accuracy': array([2., 2.]), 'stress': 10, 'text': 'THE', 'total': 10, 'mispronunciations': array([], dtype=object)}
 {'accuracy': 8, 'phones': array(['W', 'ER0', 'L', 'D'], dtype=object), 'phones-accuracy': array([2. , 2. , 1.4, 1.8]), 'stress': 10, 'text': 'WORLD', 'total': 8, 'mispronunciations': array([], dtype=object)}]",2244,f,20,train,022440062,-48.348793894052505
022440062,446,DH,3.319999933242798,3.3499999046325684,-49.74731063842773,the,1.8,8,10.0,8,8,8,"[{'accuracy': 10, 'phones': array(['AA1', 'F', 'T', 'AH0'], dtype=object), 'phones-accuracy': array([2., 2., 2., 2.]), 'stress': 10, 'text': 'AFTER', 'total': 10, 'mispronunciations': array([], dtype=object)}
 {'accuracy': 10, 'phones': array(['DH', 'AE0', 'T'], dtype=object), 'phones-accuracy': array([1.8, 2. , 2. ]), 'stress': 10, 'text': 'THAT', 'total': 10, 'mispronunciations': array([], dtype=object)}
 {'accuracy': 10, 'phones': array(['K', 'AH0', 'M', 'Z'], dtype=object), 'phones-accuracy': array([2. , 2. , 2. , 1.8]), 'stress': 10, 'text': 'COMES', 'total': 10, 'mispronunciations': array([], dtype=object)}
 {'accuracy': 10, 'phones': array(['DH', 'AH0'], dtype=object), 'phones-accuracy': array([2., 2.]), 'stress': 10, 'text': 'THE', 'total': 10, 'mispronunciations': array([], dtype=object)}
 {'accuracy': 10, 'phones': array(['Y', 'UW0', 'N', 'AY1', 'T', 'IH0', 'D'], dtype=object), 'phones-accuracy': array([2., 2., 2., 2., 2., 2., 2.]), 'stress': 10, 'text': 'UNITED', 'total': 10, 'mispronunciations': array([], dtype=object)}
 {'accuracy': 10, 'phones': array(['S', 'T', 'EY0', 'T', 'S'], dtype=object), 'phones-accuracy': array([2., 2., 2., 2., 2.]), 'stress': 10, 'text': 'STATES', 'total': 10, 'mispronunciations': array([], dtype=object)}
 {'accuracy': 10, 'phones': array(['AE0', 'N', 'D'], dtype=object), 'phones-accuracy': array([2. , 2. , 1.8]), 'stress': 10, 'text': 'AND', 'total': 10, 'mispronunciations': array([], dtype=object)}
 {'accuracy': 10, 'phones': array(['DH', 'AH0'], dtype=object), 'phones-accuracy': array([2., 2.]), 'stress': 10, 'text': 'THE', 'total': 10, 'mispronunciations': array([], dtype=object)}
 {'accuracy': 8, 'phones': array(['W', 'ER0', 'L', 'D'], dtype=object), 'phones-accuracy': array([2. , 2. , 1.4, 1.8]), 'stress': 10, 'text': 'WORLD', 'total': 8, 'mispronunciations': array([], dtype=object)}]",2244,f,20,train,022440062,-49.61072014272212
022440062,447,AH0,3.3499999046325684,3.4100000858306885,-40.980079650878906,the,2.0,8,10.0,8,8,8,"[{'accuracy': 10, 'phones': array(['AA1', 'F', 'T', 'AH0'], dtype=object), 'phones-accuracy': array([2., 2., 2., 2.]), 'stress': 10, 'text': 'AFTER', 'total': 10, 'mispronunciations': array([], dtype=object)}
 {'accuracy': 10, 'phones': array(['DH', 'AE0', 'T'], dtype=object), 'phones-accuracy': array([1.8, 2. , 2. ]), 'stress': 10, 'text': 'THAT', 'total': 10, 'mispronunciations': array([], dtype=object)}
 {'accuracy': 10, 'phones': array(['K', 'AH0', 'M', 'Z'], dtype=object), 'phones-accuracy': array([2. , 2. , 2. , 1.8]), 'stress': 10, 'text': 'COMES', 'total': 10, 'mispronunciations': array([], dtype=object)}
 {'accuracy': 10, 'phones': array(['DH', 'AH0'], dtype=object), 'phones-accuracy': array([2., 2.]), 'stress': 10, 'text': 'THE', 'total': 10, 'mispronunciations': array([], dtype=object)}
 {'accuracy': 10, 'phones': array(['Y', 'UW0', 'N', 'AY1', 'T', 'IH0', 'D'], dtype=object), 'phones-accuracy': array([2., 2., 2., 2., 2., 2., 2.]), 'stress': 10, 'text': 'UNITED', 'total': 10, 'mispronunciations': array([], dtype=object)}
 {'accuracy': 10, 'phones': array(['S', 'T', 'EY0', 'T', 'S'], dtype=object), 'phones-accuracy': array([2., 2., 2., 2., 2.]), 'stress': 10, 'text': 'STATES', 'total': 10, 'mispronunciations': array([], dtype=object)}
 {'accuracy': 10, 'phones': array(['AE0', 'N', 'D'], dtype=object), 'phones-accuracy': array([2. , 2. , 1.8]), 'stress': 10, 'text': 'AND', 'total': 10, 'mispronunciations': array([], dtype=object)}
 {'accuracy': 10, 'phones': array(['DH', 'AH0'], dtype=object), 'phones-accuracy': array([2., 2.]), 'stress': 10, 'text': 'THE', 'total': 10, 'mispronunciations': array([], dtype=object)}
 {'accuracy': 8, 'phones': array(['W', 'ER0', 'L', 'D'], dtype=object), 'phones-accuracy': array([2. , 2. , 1.4, 1.8]), 'stress': 10, 'text': 'WORLD', 'total': 8, 'mispronunciations': array([], dtype=object)}]",2244,f,20,train,022440062,-40.794816464185715
022440062,448,W,3.4100000858306885,3.539999961853028,-36.92270278930664,world,2.0,8,10.0,8,8,8,"[{'accuracy': 10, 'phones': array(['AA1', 'F', 'T', 'AH0'], dtype=object), 'phones-accuracy': array([2., 2., 2., 2.]), 'stress': 10, 'text': 'AFTER', 'total': 10, 'mispronunciations': array([], dtype=object)}
 {'accuracy': 10, 'phones': array(['DH', 'AE0', 'T'], dtype=object), 'phones-accuracy': array([1.8, 2. , 2. ]), 'stress': 10, 'text': 'THAT', 'total': 10, 'mispronunciations': array([], dtype=object)}
 {'accuracy': 10, 'phones': array(['K', 'AH0', 'M', 'Z'], dtype=object), 'phones-accuracy': array([2. , 2. , 2. , 1.8]), 'stress': 10, 'text': 'COMES', 'total': 10, 'mispronunciations': array([], dtype=object)}
 {'accuracy': 10, 'phones': array(['DH', 'AH0'], dtype=object), 'phones-accuracy': array([2., 2.]), 'stress': 10, 'text': 'THE', 'total': 10, 'mispronunciations': array([], dtype=object)}
 {'accuracy': 10, 'phones': array(['Y', 'UW0', 'N', 'AY1', 'T', 'IH0', 'D'], dtype=object), 'phones-accuracy': array([2., 2., 2., 2., 2., 2., 2.]), 'stress': 10, 'text': 'UNITED', 'total': 10, 'mispronunciations': array([], dtype=object)}
 {'accuracy': 10, 'phones': array(['S', 'T', 'EY0', 'T', 'S'], dtype=object), 'phones-accuracy': array([2., 2., 2., 2., 2.]), 'stress': 10, 'text': 'STATES', 'total': 10, 'mispronunciations': array([], dtype=object)}
 {'accuracy': 10, 'phones': array(['AE0', 'N', 'D'], dtype=object), 'phones-accuracy': array([2. , 2. , 1.8]), 'stress': 10, 'text': 'AND', 'total': 10, 'mispronunciations': array([], dtype=object)}
 {'accuracy': 10, 'phones': array(['DH', 'AH0'], dtype=object), 'phones-accuracy': array([2., 2.]), 'stress': 10, 'text': 'THE', 'total': 10, 'mispronunciations': array([], dtype=object)}
 {'accuracy': 8, 'phones': array(['W', 'ER0', 'L', 'D'], dtype=object), 'phones-accuracy': array([2. , 2. , 1.4, 1.8]), 'stress': 10, 'text': 'WORLD', 'total': 8, 'mispronunciations': array([], dtype=object)}]",2244,f,20,train,022440062,-36.708807826042175
022440062,449,ER1,3.539999961853028,3.690000057220459,-48.84491729736328,world,,8,10.0,8,8,8,"[{'accuracy': 10, 'phones': array(['AA1', 'F', 'T', 'AH0'], dtype=object), 'phones-accuracy': array([2., 2., 2., 2.]), 'stress': 10, 'text': 'AFTER', 'total': 10, 'mispronunciations': array([], dtype=object)}
 {'accuracy': 10, 'phones': array(['DH', 'AE0', 'T'], dtype=object), 'phones-accuracy': array([1.8, 2. , 2. ]), 'stress': 10, 'text': 'THAT', 'total': 10, 'mispronunciations': array([], dtype=object)}
 {'accuracy': 10, 'phones': array(['K', 'AH0', 'M', 'Z'], dtype=object), 'phones-accuracy': array([2. , 2. , 2. , 1.8]), 'stress': 10, 'text': 'COMES', 'total': 10, 'mispronunciations': array([], dtype=object)}
 {'accuracy': 10, 'phones': array(['DH', 'AH0'], dtype=object), 'phones-accuracy': array([2., 2.]), 'stress': 10, 'text': 'THE', 'total': 10, 'mispronunciations': array([], dtype=object)}
 {'accuracy': 10, 'phones': array(['Y', 'UW0', 'N', 'AY1', 'T', 'IH0', 'D'], dtype=object), 'phones-accuracy': array([2., 2., 2., 2., 2., 2., 2.]), 'stress': 10, 'text': 'UNITED', 'total': 10, 'mispronunciations': array([], dtype=object)}
 {'accuracy': 10, 'phones': array(['S', 'T', 'EY0', 'T', 'S'], dtype=object), 'phones-accuracy': array([2., 2., 2., 2., 2.]), 'stress': 10, 'text': 'STATES', 'total': 10, 'mispronunciations': array([], dtype=object)}
 {'accuracy': 10, 'phones': array(['AE0', 'N', 'D'], dtype=object), 'phones-accuracy': array([2. , 2. , 1.8]), 'stress': 10, 'text': 'AND', 'total': 10, 'mispronunciations': array([], dtype=object)}
 {'accuracy': 10, 'phones': array(['DH', 'AH0'], dtype=object), 'phones-accuracy': array([2., 2.]), 'stress': 10, 'text': 'THE', 'total': 10, 'mispronunciations': array([], dtype=object)}
 {'accuracy': 8, 'phones': array(['W', 'ER0', 'L', 'D'], dtype=object), 'phones-accuracy': array([2. , 2. , 1.4, 1.8]), 'stress': 10, 'text': 'WORLD', 'total': 8, 'mispronunciations': array([], dtype=object)}]",2244,f,20,train,022440062,-48.3099045753479
022440062,450,L,3.690000057220459,3.7200000286102295,-61.662689208984375,world,1.4,8,10.0,8,8,8,"[{'accuracy': 10, 'phones': array(['AA1', 'F', 'T', 'AH0'], dtype=object), 'phones-accuracy': array([2., 2., 2., 2.]), 'stress': 10, 'text': 'AFTER', 'total': 10, 'mispronunciations': array([], dtype=object)}
 {'accuracy': 10, 'phones': array(['DH', 'AE0', 'T'], dtype=object), 'phones-accuracy': array([1.8, 2. , 2. ]), 'stress': 10, 'text': 'THAT', 'total': 10, 'mispronunciations': array([], dtype=object)}
 {'accuracy': 10, 'phones': array(['K', 'AH0', 'M', 'Z'], dtype=object), 'phones-accuracy': array([2. , 2. , 2. , 1.8]), 'stress': 10, 'text': 'COMES', 'total': 10, 'mispronunciations': array([], dtype=object)}
 {'accuracy': 10, 'phones': array(['DH', 'AH0'], dtype=object), 'phones-accuracy': array([2., 2.]), 'stress': 10, 'text': 'THE', 'total': 10, 'mispronunciations': array([], dtype=object)}
 {'accuracy': 10, 'phones': array(['Y', 'UW0', 'N', 'AY1', 'T', 'IH0', 'D'], dtype=object), 'phones-accuracy': array([2., 2., 2., 2., 2., 2., 2.]), 'stress': 10, 'text': 'UNITED', 'total': 10, 'mispronunciations': array([], dtype=object)}
 {'accuracy': 10, 'phones': array(['S', 'T', 'EY0', 'T', 'S'], dtype=object), 'phones-accuracy': array([2., 2., 2., 2., 2.]), 'stress': 10, 'text': 'STATES', 'total': 10, 'mispronunciations': array([], dtype=object)}
 {'accuracy': 10, 'phones': array(['AE0', 'N', 'D'], dtype=object), 'phones-accuracy': array([2. , 2. , 1.8]), 'stress': 10, 'text': 'AND', 'total': 10, 'mispronunciations': array([], dtype=object)}
 {'accuracy': 10, 'phones': array(['DH', 'AH0'], dtype=object), 'phones-accuracy': array([2., 2.]), 'stress': 10, 'text': 'THE', 'total': 10, 'mispronunciations': array([], dtype=object)}
 {'accuracy': 8, 'phones': array(['W', 'ER0', 'L', 'D'], dtype=object), 'phones-accuracy': array([2. , 2. , 1.4, 1.8]), 'stress': 10, 'text': 'WORLD', 'total': 8, 'mispronunciations': array([], dtype=object)}]",2244,f,20,train,022440062,-61.516956493258476
022440062,451,D,3.7200000286102295,3.9600000381469727,-54.67334365844727,world,2.0,8,10.0,8,8,8,"[{'accuracy': 10, 'phones': array(['AA1', 'F', 'T', 'AH0'], dtype=object), 'phones-accuracy': array([2., 2., 2., 2.]), 'stress': 10, 'text': 'AFTER', 'total': 10, 'mispronunciations': array([], dtype=object)}
 {'accuracy': 10, 'phones': array(['DH', 'AE0', 'T'], dtype=object), 'phones-accuracy': array([1.8, 2. , 2. ]), 'stress': 10, 'text': 'THAT', 'total': 10, 'mispronunciations': array([], dtype=object)}
 {'accuracy': 10, 'phones': array(['K', 'AH0', 'M', 'Z'], dtype=object), 'phones-accuracy': array([2. , 2. , 2. , 1.8]), 'stress': 10, 'text': 'COMES', 'total': 10, 'mispronunciations': array([], dtype=object)}
 {'accuracy': 10, 'phones': array(['DH', 'AH0'], dtype=object), 'phones-accuracy': array([2., 2.]), 'stress': 10, 'text': 'THE', 'total': 10, 'mispronunciations': array([], dtype=object)}
 {'accuracy': 10, 'phones': array(['Y', 'UW0', 'N', 'AY1', 'T', 'IH0', 'D'], dtype=object), 'phones-accuracy': array([2., 2., 2., 2., 2., 2., 2.]), 'stress': 10, 'text': 'UNITED', 'total': 10, 'mispronunciations': array([], dtype=object)}
 {'accuracy': 10, 'phones': array(['S', 'T', 'EY0', 'T', 'S'], dtype=object), 'phones-accuracy': array([2., 2., 2., 2., 2.]), 'stress': 10, 'text': 'STATES', 'total': 10, 'mispronunciations': array([], dtype=object)}
 {'accuracy': 10, 'phones': array(['AE0', 'N', 'D'], dtype=object), 'phones-accuracy': array([2. , 2. , 1.8]), 'stress': 10, 'text': 'AND', 'total': 10, 'mispronunciations': array([], dtype=object)}
 {'accuracy': 10, 'phones': array(['DH', 'AH0'], dtype=object), 'phones-accuracy': array([2., 2.]), 'stress': 10, 'text': 'THE', 'total': 10, 'mispronunciations': array([], dtype=object)}
 {'accuracy': 8, 'phones': array(['W', 'ER0', 'L', 'D'], dtype=object), 'phones-accuracy': array([2. , 2. , 1.4, 1.8]), 'stress': 10, 'text': 'WORLD', 'total': 8, 'mispronunciations': array([], dtype=object)}]",2244,f,20,train,022440062,-54.5210436731577
022440062,452,sil,3.9600000381469727,4.578000068664551,-39.9521484375,<eps>,,8,10.0,8,8,8,"[{'accuracy': 10, 'phones': array(['AA1', 'F', 'T', 'AH0'], dtype=object), 'phones-accuracy': array([2., 2., 2., 2.]), 'stress': 10, 'text': 'AFTER', 'total': 10, 'mispronunciations': array([], dtype=object)}
 {'accuracy': 10, 'phones': array(['DH', 'AE0', 'T'], dtype=object), 'phones-accuracy': array([1.8, 2. , 2. ]), 'stress': 10, 'text': 'THAT', 'total': 10, 'mispronunciations': array([], dtype=object)}
 {'accuracy': 10, 'phones': array(['K', 'AH0', 'M', 'Z'], dtype=object), 'phones-accuracy': array([2. , 2. , 2. , 1.8]), 'stress': 10, 'text': 'COMES', 'total': 10, 'mispronunciations': array([], dtype=object)}
 {'accuracy': 10, 'phones': array(['DH', 'AH0'], dtype=object), 'phones-accuracy': array([2., 2.]), 'stress': 10, 'text': 'THE', 'total': 10, 'mispronunciations': array([], dtype=object)}
 {'accuracy': 10, 'phones': array(['Y', 'UW0', 'N', 'AY1', 'T', 'IH0', 'D'], dtype=object), 'phones-accuracy': array([2., 2., 2., 2., 2., 2., 2.]), 'stress': 10, 'text': 'UNITED', 'total': 10, 'mispronunciations': array([], dtype=object)}
 {'accuracy': 10, 'phones': array(['S', 'T', 'EY0', 'T', 'S'], dtype=object), 'phones-accuracy': array([2., 2., 2., 2., 2.]), 'stress': 10, 'text': 'STATES', 'total': 10, 'mispronunciations': array([], dtype=object)}
 {'accuracy': 10, 'phones': array(['AE0', 'N', 'D'], dtype=object), 'phones-accuracy': array([2. , 2. , 1.8]), 'stress': 10, 'text': 'AND', 'total': 10, 'mispronunciations': array([], dtype=object)}
 {'accuracy': 10, 'phones': array(['DH', 'AH0'], dtype=object), 'phones-accuracy': array([2., 2.]), 'stress': 10, 'text': 'THE', 'total': 10, 'mispronunciations': array([], dtype=object)}
 {'accuracy': 8, 'phones': array(['W', 'ER0', 'L', 'D'], dtype=object), 'phones-accuracy': array([2. , 2. , 1.4, 1.8]), 'stress': 10, 'text': 'WORLD', 'total': 8, 'mispronunciations': array([], dtype=object)}]",2244,f,20,train,022440062,-39.89816506952047
022440215,453,sil,0.0,0.5199999809265137,-37.81858825683594,<eps>,,9,10.0,8,8,8,"[{'accuracy': 10, 'phones': array(['Y', 'UW0'], dtype=object), 'phones-accuracy': array([2., 2.]), 'stress': 10, 'text': 'YOU', 'total': 10, 'mispronunciations': array([], dtype=object)}
 {'accuracy': 10, 'phones': array(['W', 'IH0', 'L'], dtype=object), 'phones-accuracy': array([2., 2., 2.]), 'stress': 10, 'text': 'WILL', 'total': 10, 'mispronunciations': array([], dtype=object)}
 {'accuracy': 10, 'phones': array(['B', 'IY0'], dtype=object), 'phones-accuracy': array([2., 2.]), 'stress': 10, 'text': 'BE', 'total': 10, 'mispronunciations': array([], dtype=object)}
 {'accuracy': 10, 'phones': array(['DH', 'EH0', 'R'], dtype=object), 'phones-accuracy': array([2. , 1.6, 1.6]), 'stress': 10, 'text': 'THERE', 'total': 10, 'mispronunciations': array([], dtype=object)}
 {'accuracy': 10, 'phones': array(['IH0', 'N'], dtype=object), 'phones-accuracy': array([2., 2.]), 'stress': 10, 'text': 'IN', 'total': 10, 'mispronunciations': array([], dtype=object)}
 {'accuracy': 10, 'phones': array(['S', 'P', 'IH', 'AH1', 'IH0', 'T'], dtype=object), 'phones-accuracy': array([2., 2., 2., 2., 2., 2.]), 'stress': 10, 'text': 'SPIRIT', 'total': 10, 'mispronunciations': array([], dtype=object)}]",2244,f,20,train,022440215,-37.771658044308424
022440215,454,Y,0.5199999809265137,0.6000000238418579,-52.10358047485352,you,2.0,9,10.0,8,8,8,"[{'accuracy': 10, 'phones': array(['Y', 'UW0'], dtype=object), 'phones-accuracy': array([2., 2.]), 'stress': 10, 'text': 'YOU', 'total': 10, 'mispronunciations': array([], dtype=object)}
 {'accuracy': 10, 'phones': array(['W', 'IH0', 'L'], dtype=object), 'phones-accuracy': array([2., 2., 2.]), 'stress': 10, 'text': 'WILL', 'total': 10, 'mispronunciations': array([], dtype=object)}
 {'accuracy': 10, 'phones': array(['B', 'IY0'], dtype=object), 'phones-accuracy': array([2., 2.]), 'stress': 10, 'text': 'BE', 'total': 10, 'mispronunciations': array([], dtype=object)}
 {'accuracy': 10, 'phones': array(['DH', 'EH0', 'R'], dtype=object), 'phones-accuracy': array([2. , 1.6, 1.6]), 'stress': 10, 'text': 'THERE', 'total': 10, 'mispronunciations': array([], dtype=object)}
 {'accuracy': 10, 'phones': array(['IH0', 'N'], dtype=object), 'phones-accuracy': array([2., 2.]), 'stress': 10, 'text': 'IN', 'total': 10, 'mispronunciations': array([], dtype=object)}
 {'accuracy': 10, 'phones': array(['S', 'P', 'IH', 'AH1', 'IH0', 'T'], dtype=object), 'phones-accuracy': array([2., 2., 2., 2., 2., 2.]), 'stress': 10, 'text': 'SPIRIT', 'total': 10, 'mispronunciations': array([], dtype=object)}]",2244,f,20,train,022440215,-51.854246780276306
022440215,455,UW1,0.6000000238418579,0.6700000166893005,-43.51340103149414,you,,9,10.0,8,8,8,"[{'accuracy': 10, 'phones': array(['Y', 'UW0'], dtype=object), 'phones-accuracy': array([2., 2.]), 'stress': 10, 'text': 'YOU', 'total': 10, 'mispronunciations': array([], dtype=object)}
 {'accuracy': 10, 'phones': array(['W', 'IH0', 'L'], dtype=object), 'phones-accuracy': array([2., 2., 2.]), 'stress': 10, 'text': 'WILL', 'total': 10, 'mispronunciations': array([], dtype=object)}
 {'accuracy': 10, 'phones': array(['B', 'IY0'], dtype=object), 'phones-accuracy': array([2., 2.]), 'stress': 10, 'text': 'BE', 'total': 10, 'mispronunciations': array([], dtype=object)}
 {'accuracy': 10, 'phones': array(['DH', 'EH0', 'R'], dtype=object), 'phones-accuracy': array([2. , 1.6, 1.6]), 'stress': 10, 'text': 'THERE', 'total': 10, 'mispronunciations': array([], dtype=object)}
 {'accuracy': 10, 'phones': array(['IH0', 'N'], dtype=object), 'phones-accuracy': array([2., 2.]), 'stress': 10, 'text': 'IN', 'total': 10, 'mispronunciations': array([], dtype=object)}
 {'accuracy': 10, 'phones': array(['S', 'P', 'IH', 'AH1', 'IH0', 'T'], dtype=object), 'phones-accuracy': array([2., 2., 2., 2., 2., 2.]), 'stress': 10, 'text': 'SPIRIT', 'total': 10, 'mispronunciations': array([], dtype=object)}]",2244,f,20,train,022440215,-43.3144803494215
022440215,456,W,0.6700000166893005,0.7599999904632568,-48.26154327392578,will,2.0,9,10.0,8,8,8,"[{'accuracy': 10, 'phones': array(['Y', 'UW0'], dtype=object), 'phones-accuracy': array([2., 2.]), 'stress': 10, 'text': 'YOU', 'total': 10, 'mispronunciations': array([], dtype=object)}
 {'accuracy': 10, 'phones': array(['W', 'IH0', 'L'], dtype=object), 'phones-accuracy': array([2., 2., 2.]), 'stress': 10, 'text': 'WILL', 'total': 10, 'mispronunciations': array([], dtype=object)}
 {'accuracy': 10, 'phones': array(['B', 'IY0'], dtype=object), 'phones-accuracy': array([2., 2.]), 'stress': 10, 'text': 'BE', 'total': 10, 'mispronunciations': array([], dtype=object)}
 {'accuracy': 10, 'phones': array(['DH', 'EH0', 'R'], dtype=object), 'phones-accuracy': array([2. , 1.6, 1.6]), 'stress': 10, 'text': 'THERE', 'total': 10, 'mispronunciations': array([], dtype=object)}
 {'accuracy': 10, 'phones': array(['IH0', 'N'], dtype=object), 'phones-accuracy': array([2., 2.]), 'stress': 10, 'text': 'IN', 'total': 10, 'mispronunciations': array([], dtype=object)}
 {'accuracy': 10, 'phones': array(['S', 'P', 'IH', 'AH1', 'IH0', 'T'], dtype=object), 'phones-accuracy': array([2., 2., 2., 2., 2., 2.]), 'stress': 10, 'text': 'SPIRIT', 'total': 10, 'mispronunciations': array([], dtype=object)}]",2244,f,20,train,022440215,-48.12823739647865
022440215,457,IH1,0.7599999904632568,0.8600000143051147,-49.10274124145508,will,,9,10.0,8,8,8,"[{'accuracy': 10, 'phones': array(['Y', 'UW0'], dtype=object), 'phones-accuracy': array([2., 2.]), 'stress': 10, 'text': 'YOU', 'total': 10, 'mispronunciations': array([], dtype=object)}
 {'accuracy': 10, 'phones': array(['W', 'IH0', 'L'], dtype=object), 'phones-accuracy': array([2., 2., 2.]), 'stress': 10, 'text': 'WILL', 'total': 10, 'mispronunciations': array([], dtype=object)}
 {'accuracy': 10, 'phones': array(['B', 'IY0'], dtype=object), 'phones-accuracy': array([2., 2.]), 'stress': 10, 'text': 'BE', 'total': 10, 'mispronunciations': array([], dtype=object)}
 {'accuracy': 10, 'phones': array(['DH', 'EH0', 'R'], dtype=object), 'phones-accuracy': array([2. , 1.6, 1.6]), 'stress': 10, 'text': 'THERE', 'total': 10, 'mispronunciations': array([], dtype=object)}
 {'accuracy': 10, 'phones': array(['IH0', 'N'], dtype=object), 'phones-accuracy': array([2., 2.]), 'stress': 10, 'text': 'IN', 'total': 10, 'mispronunciations': array([], dtype=object)}
 {'accuracy': 10, 'phones': array(['S', 'P', 'IH', 'AH1', 'IH0', 'T'], dtype=object), 'phones-accuracy': array([2., 2., 2., 2., 2., 2.]), 'stress': 10, 'text': 'SPIRIT', 'total': 10, 'mispronunciations': array([], dtype=object)}]",2244,f,20,train,022440215,-48.59371918439865
022440215,458,L,0.8600000143051147,0.9100000262260436,-52.14570999145508,will,2.0,9,10.0,8,8,8,"[{'accuracy': 10, 'phones': array(['Y', 'UW0'], dtype=object), 'phones-accuracy': array([2., 2.]), 'stress': 10, 'text': 'YOU', 'total': 10, 'mispronunciations': array([], dtype=object)}
 {'accuracy': 10, 'phones': array(['W', 'IH0', 'L'], dtype=object), 'phones-accuracy': array([2., 2., 2.]), 'stress': 10, 'text': 'WILL', 'total': 10, 'mispronunciations': array([], dtype=object)}
 {'accuracy': 10, 'phones': array(['B', 'IY0'], dtype=object), 'phones-accuracy': array([2., 2.]), 'stress': 10, 'text': 'BE', 'total': 10, 'mispronunciations': array([], dtype=object)}
 {'accuracy': 10, 'phones': array(['DH', 'EH0', 'R'], dtype=object), 'phones-accuracy': array([2. , 1.6, 1.6]), 'stress': 10, 'text': 'THERE', 'total': 10, 'mispronunciations': array([], dtype=object)}
 {'accuracy': 10, 'phones': array(['IH0', 'N'], dtype=object), 'phones-accuracy': array([2., 2.]), 'stress': 10, 'text': 'IN', 'total': 10, 'mispronunciations': array([], dtype=object)}
 {'accuracy': 10, 'phones': array(['S', 'P', 'IH', 'AH1', 'IH0', 'T'], dtype=object), 'phones-accuracy': array([2., 2., 2., 2., 2., 2.]), 'stress': 10, 'text': 'SPIRIT', 'total': 10, 'mispronunciations': array([], dtype=object)}]",2244,f,20,train,022440215,-51.89863306283951
022440215,459,B,0.9100000262260436,1.0,-59.59419631958008,be,2.0,9,10.0,8,8,8,"[{'accuracy': 10, 'phones': array(['Y', 'UW0'], dtype=object), 'phones-accuracy': array([2., 2.]), 'stress': 10, 'text': 'YOU', 'total': 10, 'mispronunciations': array([], dtype=object)}
 {'accuracy': 10, 'phones': array(['W', 'IH0', 'L'], dtype=object), 'phones-accuracy': array([2., 2., 2.]), 'stress': 10, 'text': 'WILL', 'total': 10, 'mispronunciations': array([], dtype=object)}
 {'accuracy': 10, 'phones': array(['B', 'IY0'], dtype=object), 'phones-accuracy': array([2., 2.]), 'stress': 10, 'text': 'BE', 'total': 10, 'mispronunciations': array([], dtype=object)}
 {'accuracy': 10, 'phones': array(['DH', 'EH0', 'R'], dtype=object), 'phones-accuracy': array([2. , 1.6, 1.6]), 'stress': 10, 'text': 'THERE', 'total': 10, 'mispronunciations': array([], dtype=object)}
 {'accuracy': 10, 'phones': array(['IH0', 'N'], dtype=object), 'phones-accuracy': array([2., 2.]), 'stress': 10, 'text': 'IN', 'total': 10, 'mispronunciations': array([], dtype=object)}
 {'accuracy': 10, 'phones': array(['S', 'P', 'IH', 'AH1', 'IH0', 'T'], dtype=object), 'phones-accuracy': array([2., 2., 2., 2., 2., 2.]), 'stress': 10, 'text': 'SPIRIT', 'total': 10, 'mispronunciations': array([], dtype=object)}]",2244,f,20,train,022440215,-59.48965859413147
022440215,460,IY0,1.0,1.1100000143051147,-50.18199157714844,be,2.0,9,10.0,8,8,8,"[{'accuracy': 10, 'phones': array(['Y', 'UW0'], dtype=object), 'phones-accuracy': array([2., 2.]), 'stress': 10, 'text': 'YOU', 'total': 10, 'mispronunciations': array([], dtype=object)}
 {'accuracy': 10, 'phones': array(['W', 'IH0', 'L'], dtype=object), 'phones-accuracy': array([2., 2., 2.]), 'stress': 10, 'text': 'WILL', 'total': 10, 'mispronunciations': array([], dtype=object)}
 {'accuracy': 10, 'phones': array(['B', 'IY0'], dtype=object), 'phones-accuracy': array([2., 2.]), 'stress': 10, 'text': 'BE', 'total': 10, 'mispronunciations': array([], dtype=object)}
 {'accuracy': 10, 'phones': array(['DH', 'EH0', 'R'], dtype=object), 'phones-accuracy': array([2. , 1.6, 1.6]), 'stress': 10, 'text': 'THERE', 'total': 10, 'mispronunciations': array([], dtype=object)}
 {'accuracy': 10, 'phones': array(['IH0', 'N'], dtype=object), 'phones-accuracy': array([2., 2.]), 'stress': 10, 'text': 'IN', 'total': 10, 'mispronunciations': array([], dtype=object)}
 {'accuracy': 10, 'phones': array(['S', 'P', 'IH', 'AH1', 'IH0', 'T'], dtype=object), 'phones-accuracy': array([2., 2., 2., 2., 2., 2.]), 'stress': 10, 'text': 'SPIRIT', 'total': 10, 'mispronunciations': array([], dtype=object)}]",2244,f,20,train,022440215,-49.962091729044914
022440215,461,DH,1.1100000143051147,1.2200000286102295,-59.69913482666016,there,2.0,9,10.0,8,8,8,"[{'accuracy': 10, 'phones': array(['Y', 'UW0'], dtype=object), 'phones-accuracy': array([2., 2.]), 'stress': 10, 'text': 'YOU', 'total': 10, 'mispronunciations': array([], dtype=object)}
 {'accuracy': 10, 'phones': array(['W', 'IH0', 'L'], dtype=object), 'phones-accuracy': array([2., 2., 2.]), 'stress': 10, 'text': 'WILL', 'total': 10, 'mispronunciations': array([], dtype=object)}
 {'accuracy': 10, 'phones': array(['B', 'IY0'], dtype=object), 'phones-accuracy': array([2., 2.]), 'stress': 10, 'text': 'BE', 'total': 10, 'mispronunciations': array([], dtype=object)}
 {'accuracy': 10, 'phones': array(['DH', 'EH0', 'R'], dtype=object), 'phones-accuracy': array([2. , 1.6, 1.6]), 'stress': 10, 'text': 'THERE', 'total': 10, 'mispronunciations': array([], dtype=object)}
 {'accuracy': 10, 'phones': array(['IH0', 'N'], dtype=object), 'phones-accuracy': array([2., 2.]), 'stress': 10, 'text': 'IN', 'total': 10, 'mispronunciations': array([], dtype=object)}
 {'accuracy': 10, 'phones': array(['S', 'P', 'IH', 'AH1', 'IH0', 'T'], dtype=object), 'phones-accuracy': array([2., 2., 2., 2., 2., 2.]), 'stress': 10, 'text': 'SPIRIT', 'total': 10, 'mispronunciations': array([], dtype=object)}]",2244,f,20,train,022440215,-59.482505112886436
022440215,462,EH1,1.2200000286102295,1.3799999952316284,-40.23738479614258,there,,9,10.0,8,8,8,"[{'accuracy': 10, 'phones': array(['Y', 'UW0'], dtype=object), 'phones-accuracy': array([2., 2.]), 'stress': 10, 'text': 'YOU', 'total': 10, 'mispronunciations': array([], dtype=object)}
 {'accuracy': 10, 'phones': array(['W', 'IH0', 'L'], dtype=object), 'phones-accuracy': array([2., 2., 2.]), 'stress': 10, 'text': 'WILL', 'total': 10, 'mispronunciations': array([], dtype=object)}
 {'accuracy': 10, 'phones': array(['B', 'IY0'], dtype=object), 'phones-accuracy': array([2., 2.]), 'stress': 10, 'text': 'BE', 'total': 10, 'mispronunciations': array([], dtype=object)}
 {'accuracy': 10, 'phones': array(['DH', 'EH0', 'R'], dtype=object), 'phones-accuracy': array([2. , 1.6, 1.6]), 'stress': 10, 'text': 'THERE', 'total': 10, 'mispronunciations': array([], dtype=object)}
 {'accuracy': 10, 'phones': array(['IH0', 'N'], dtype=object), 'phones-accuracy': array([2., 2.]), 'stress': 10, 'text': 'IN', 'total': 10, 'mispronunciations': array([], dtype=object)}
 {'accuracy': 10, 'phones': array(['S', 'P', 'IH', 'AH1', 'IH0', 'T'], dtype=object), 'phones-accuracy': array([2., 2., 2., 2., 2., 2.]), 'stress': 10, 'text': 'SPIRIT', 'total': 10, 'mispronunciations': array([], dtype=object)}]",2244,f,20,train,022440215,-39.975407898426056
022440215,463,R,1.3799999952316284,1.4800000190734863,-58.01261520385742,there,1.6,9,10.0,8,8,8,"[{'accuracy': 10, 'phones': array(['Y', 'UW0'], dtype=object), 'phones-accuracy': array([2., 2.]), 'stress': 10, 'text': 'YOU', 'total': 10, 'mispronunciations': array([], dtype=object)}
 {'accuracy': 10, 'phones': array(['W', 'IH0', 'L'], dtype=object), 'phones-accuracy': array([2., 2., 2.]), 'stress': 10, 'text': 'WILL', 'total': 10, 'mispronunciations': array([], dtype=object)}
 {'accuracy': 10, 'phones': array(['B', 'IY0'], dtype=object), 'phones-accuracy': array([2., 2.]), 'stress': 10, 'text': 'BE', 'total': 10, 'mispronunciations': array([], dtype=object)}
 {'accuracy': 10, 'phones': array(['DH', 'EH0', 'R'], dtype=object), 'phones-accuracy': array([2. , 1.6, 1.6]), 'stress': 10, 'text': 'THERE', 'total': 10, 'mispronunciations': array([], dtype=object)}
 {'accuracy': 10, 'phones': array(['IH0', 'N'], dtype=object), 'phones-accuracy': array([2., 2.]), 'stress': 10, 'text': 'IN', 'total': 10, 'mispronunciations': array([], dtype=object)}
 {'accuracy': 10, 'phones': array(['S', 'P', 'IH', 'AH1', 'IH0', 'T'], dtype=object), 'phones-accuracy': array([2., 2., 2., 2., 2., 2.]), 'stress': 10, 'text': 'SPIRIT', 'total': 10, 'mispronunciations': array([], dtype=object)}]",2244,f,20,train,022440215,-57.59062656760216
022440215,464,IH0,1.4800000190734863,1.590000033378601,-56.306190490722656,in,2.0,9,10.0,8,8,8,"[{'accuracy': 10, 'phones': array(['Y', 'UW0'], dtype=object), 'phones-accuracy': array([2., 2.]), 'stress': 10, 'text': 'YOU', 'total': 10, 'mispronunciations': array([], dtype=object)}
 {'accuracy': 10, 'phones': array(['W', 'IH0', 'L'], dtype=object), 'phones-accuracy': array([2., 2., 2.]), 'stress': 10, 'text': 'WILL', 'total': 10, 'mispronunciations': array([], dtype=object)}
 {'accuracy': 10, 'phones': array(['B', 'IY0'], dtype=object), 'phones-accuracy': array([2., 2.]), 'stress': 10, 'text': 'BE', 'total': 10, 'mispronunciations': array([], dtype=object)}
 {'accuracy': 10, 'phones': array(['DH', 'EH0', 'R'], dtype=object), 'phones-accuracy': array([2. , 1.6, 1.6]), 'stress': 10, 'text': 'THERE', 'total': 10, 'mispronunciations': array([], dtype=object)}
 {'accuracy': 10, 'phones': array(['IH0', 'N'], dtype=object), 'phones-accuracy': array([2., 2.]), 'stress': 10, 'text': 'IN', 'total': 10, 'mispronunciations': array([], dtype=object)}
 {'accuracy': 10, 'phones': array(['S', 'P', 'IH', 'AH1', 'IH0', 'T'], dtype=object), 'phones-accuracy': array([2., 2., 2., 2., 2., 2.]), 'stress': 10, 'text': 'SPIRIT', 'total': 10, 'mispronunciations': array([], dtype=object)}]",2244,f,20,train,022440215,-56.066458970308304
022440215,465,N,1.590000033378601,1.6699999570846558,-41.81929016113281,in,2.0,9,10.0,8,8,8,"[{'accuracy': 10, 'phones': array(['Y', 'UW0'], dtype=object), 'phones-accuracy': array([2., 2.]), 'stress': 10, 'text': 'YOU', 'total': 10, 'mispronunciations': array([], dtype=object)}
 {'accuracy': 10, 'phones': array(['W', 'IH0', 'L'], dtype=object), 'phones-accuracy': array([2., 2., 2.]), 'stress': 10, 'text': 'WILL', 'total': 10, 'mispronunciations': array([], dtype=object)}
 {'accuracy': 10, 'phones': array(['B', 'IY0'], dtype=object), 'phones-accuracy': array([2., 2.]), 'stress': 10, 'text': 'BE', 'total': 10, 'mispronunciations': array([], dtype=object)}
 {'accuracy': 10, 'phones': array(['DH', 'EH0', 'R'], dtype=object), 'phones-accuracy': array([2. , 1.6, 1.6]), 'stress': 10, 'text': 'THERE', 'total': 10, 'mispronunciations': array([], dtype=object)}
 {'accuracy': 10, 'phones': array(['IH0', 'N'], dtype=object), 'phones-accuracy': array([2., 2.]), 'stress': 10, 'text': 'IN', 'total': 10, 'mispronunciations': array([], dtype=object)}
 {'accuracy': 10, 'phones': array(['S', 'P', 'IH', 'AH1', 'IH0', 'T'], dtype=object), 'phones-accuracy': array([2., 2., 2., 2., 2., 2.]), 'stress': 10, 'text': 'SPIRIT', 'total': 10, 'mispronunciations': array([], dtype=object)}]",2244,f,20,train,022440215,-41.617864802479744
022440215,466,S,1.6699999570846558,1.7899999618530271,-49.12975692749024,spirit,2.0,9,10.0,8,8,8,"[{'accuracy': 10, 'phones': array(['Y', 'UW0'], dtype=object), 'phones-accuracy': array([2., 2.]), 'stress': 10, 'text': 'YOU', 'total': 10, 'mispronunciations': array([], dtype=object)}
 {'accuracy': 10, 'phones': array(['W', 'IH0', 'L'], dtype=object), 'phones-accuracy': array([2., 2., 2.]), 'stress': 10, 'text': 'WILL', 'total': 10, 'mispronunciations': array([], dtype=object)}
 {'accuracy': 10, 'phones': array(['B', 'IY0'], dtype=object), 'phones-accuracy': array([2., 2.]), 'stress': 10, 'text': 'BE', 'total': 10, 'mispronunciations': array([], dtype=object)}
 {'accuracy': 10, 'phones': array(['DH', 'EH0', 'R'], dtype=object), 'phones-accuracy': array([2. , 1.6, 1.6]), 'stress': 10, 'text': 'THERE', 'total': 10, 'mispronunciations': array([], dtype=object)}
 {'accuracy': 10, 'phones': array(['IH0', 'N'], dtype=object), 'phones-accuracy': array([2., 2.]), 'stress': 10, 'text': 'IN', 'total': 10, 'mispronunciations': array([], dtype=object)}
 {'accuracy': 10, 'phones': array(['S', 'P', 'IH', 'AH1', 'IH0', 'T'], dtype=object), 'phones-accuracy': array([2., 2., 2., 2., 2., 2.]), 'stress': 10, 'text': 'SPIRIT', 'total': 10, 'mispronunciations': array([], dtype=object)}]",2244,f,20,train,022440215,-48.90616528689862
022440215,467,P,1.7899999618530271,1.8899999856948853,-56.5021858215332,spirit,2.0,9,10.0,8,8,8,"[{'accuracy': 10, 'phones': array(['Y', 'UW0'], dtype=object), 'phones-accuracy': array([2., 2.]), 'stress': 10, 'text': 'YOU', 'total': 10, 'mispronunciations': array([], dtype=object)}
 {'accuracy': 10, 'phones': array(['W', 'IH0', 'L'], dtype=object), 'phones-accuracy': array([2., 2., 2.]), 'stress': 10, 'text': 'WILL', 'total': 10, 'mispronunciations': array([], dtype=object)}
 {'accuracy': 10, 'phones': array(['B', 'IY0'], dtype=object), 'phones-accuracy': array([2., 2.]), 'stress': 10, 'text': 'BE', 'total': 10, 'mispronunciations': array([], dtype=object)}
 {'accuracy': 10, 'phones': array(['DH', 'EH0', 'R'], dtype=object), 'phones-accuracy': array([2. , 1.6, 1.6]), 'stress': 10, 'text': 'THERE', 'total': 10, 'mispronunciations': array([], dtype=object)}
 {'accuracy': 10, 'phones': array(['IH0', 'N'], dtype=object), 'phones-accuracy': array([2., 2.]), 'stress': 10, 'text': 'IN', 'total': 10, 'mispronunciations': array([], dtype=object)}
 {'accuracy': 10, 'phones': array(['S', 'P', 'IH', 'AH1', 'IH0', 'T'], dtype=object), 'phones-accuracy': array([2., 2., 2., 2., 2., 2.]), 'stress': 10, 'text': 'SPIRIT', 'total': 10, 'mispronunciations': array([], dtype=object)}]",2244,f,20,train,022440215,-56.410550616681576
022440215,468,IH1,1.8899999856948853,1.9700000286102293,-50.94780731201172,spirit,,9,10.0,8,8,8,"[{'accuracy': 10, 'phones': array(['Y', 'UW0'], dtype=object), 'phones-accuracy': array([2., 2.]), 'stress': 10, 'text': 'YOU', 'total': 10, 'mispronunciations': array([], dtype=object)}
 {'accuracy': 10, 'phones': array(['W', 'IH0', 'L'], dtype=object), 'phones-accuracy': array([2., 2., 2.]), 'stress': 10, 'text': 'WILL', 'total': 10, 'mispronunciations': array([], dtype=object)}
 {'accuracy': 10, 'phones': array(['B', 'IY0'], dtype=object), 'phones-accuracy': array([2., 2.]), 'stress': 10, 'text': 'BE', 'total': 10, 'mispronunciations': array([], dtype=object)}
 {'accuracy': 10, 'phones': array(['DH', 'EH0', 'R'], dtype=object), 'phones-accuracy': array([2. , 1.6, 1.6]), 'stress': 10, 'text': 'THERE', 'total': 10, 'mispronunciations': array([], dtype=object)}
 {'accuracy': 10, 'phones': array(['IH0', 'N'], dtype=object), 'phones-accuracy': array([2., 2.]), 'stress': 10, 'text': 'IN', 'total': 10, 'mispronunciations': array([], dtype=object)}
 {'accuracy': 10, 'phones': array(['S', 'P', 'IH', 'AH1', 'IH0', 'T'], dtype=object), 'phones-accuracy': array([2., 2., 2., 2., 2., 2.]), 'stress': 10, 'text': 'SPIRIT', 'total': 10, 'mispronunciations': array([], dtype=object)}]",2244,f,20,train,022440215,-50.69772210717201
022440215,469,R,1.9700000286102293,2.069999933242798,-47.4295768737793,spirit,1.6,9,10.0,8,8,8,"[{'accuracy': 10, 'phones': array(['Y', 'UW0'], dtype=object), 'phones-accuracy': array([2., 2.]), 'stress': 10, 'text': 'YOU', 'total': 10, 'mispronunciations': array([], dtype=object)}
 {'accuracy': 10, 'phones': array(['W', 'IH0', 'L'], dtype=object), 'phones-accuracy': array([2., 2., 2.]), 'stress': 10, 'text': 'WILL', 'total': 10, 'mispronunciations': array([], dtype=object)}
 {'accuracy': 10, 'phones': array(['B', 'IY0'], dtype=object), 'phones-accuracy': array([2., 2.]), 'stress': 10, 'text': 'BE', 'total': 10, 'mispronunciations': array([], dtype=object)}
 {'accuracy': 10, 'phones': array(['DH', 'EH0', 'R'], dtype=object), 'phones-accuracy': array([2. , 1.6, 1.6]), 'stress': 10, 'text': 'THERE', 'total': 10, 'mispronunciations': array([], dtype=object)}
 {'accuracy': 10, 'phones': array(['IH0', 'N'], dtype=object), 'phones-accuracy': array([2., 2.]), 'stress': 10, 'text': 'IN', 'total': 10, 'mispronunciations': array([], dtype=object)}
 {'accuracy': 10, 'phones': array(['S', 'P', 'IH', 'AH1', 'IH0', 'T'], dtype=object), 'phones-accuracy': array([2., 2., 2., 2., 2., 2.]), 'stress': 10, 'text': 'SPIRIT', 'total': 10, 'mispronunciations': array([], dtype=object)}]",2244,f,20,train,022440215,-47.15162628889084
022440215,470,IH0,2.069999933242798,2.130000114440918,-56.4292106628418,spirit,2.0,9,10.0,8,8,8,"[{'accuracy': 10, 'phones': array(['Y', 'UW0'], dtype=object), 'phones-accuracy': array([2., 2.]), 'stress': 10, 'text': 'YOU', 'total': 10, 'mispronunciations': array([], dtype=object)}
 {'accuracy': 10, 'phones': array(['W', 'IH0', 'L'], dtype=object), 'phones-accuracy': array([2., 2., 2.]), 'stress': 10, 'text': 'WILL', 'total': 10, 'mispronunciations': array([], dtype=object)}
 {'accuracy': 10, 'phones': array(['B', 'IY0'], dtype=object), 'phones-accuracy': array([2., 2.]), 'stress': 10, 'text': 'BE', 'total': 10, 'mispronunciations': array([], dtype=object)}
 {'accuracy': 10, 'phones': array(['DH', 'EH0', 'R'], dtype=object), 'phones-accuracy': array([2. , 1.6, 1.6]), 'stress': 10, 'text': 'THERE', 'total': 10, 'mispronunciations': array([], dtype=object)}
 {'accuracy': 10, 'phones': array(['IH0', 'N'], dtype=object), 'phones-accuracy': array([2., 2.]), 'stress': 10, 'text': 'IN', 'total': 10, 'mispronunciations': array([], dtype=object)}
 {'accuracy': 10, 'phones': array(['S', 'P', 'IH', 'AH1', 'IH0', 'T'], dtype=object), 'phones-accuracy': array([2., 2., 2., 2., 2., 2.]), 'stress': 10, 'text': 'SPIRIT', 'total': 10, 'mispronunciations': array([], dtype=object)}]",2244,f,20,train,022440215,-56.11776304244995
022440215,471,T,2.130000114440918,2.509999990463257,-49.09734344482422,spirit,2.0,9,10.0,8,8,8,"[{'accuracy': 10, 'phones': array(['Y', 'UW0'], dtype=object), 'phones-accuracy': array([2., 2.]), 'stress': 10, 'text': 'YOU', 'total': 10, 'mispronunciations': array([], dtype=object)}
 {'accuracy': 10, 'phones': array(['W', 'IH0', 'L'], dtype=object), 'phones-accuracy': array([2., 2., 2.]), 'stress': 10, 'text': 'WILL', 'total': 10, 'mispronunciations': array([], dtype=object)}
 {'accuracy': 10, 'phones': array(['B', 'IY0'], dtype=object), 'phones-accuracy': array([2., 2.]), 'stress': 10, 'text': 'BE', 'total': 10, 'mispronunciations': array([], dtype=object)}
 {'accuracy': 10, 'phones': array(['DH', 'EH0', 'R'], dtype=object), 'phones-accuracy': array([2. , 1.6, 1.6]), 'stress': 10, 'text': 'THERE', 'total': 10, 'mispronunciations': array([], dtype=object)}
 {'accuracy': 10, 'phones': array(['IH0', 'N'], dtype=object), 'phones-accuracy': array([2., 2.]), 'stress': 10, 'text': 'IN', 'total': 10, 'mispronunciations': array([], dtype=object)}
 {'accuracy': 10, 'phones': array(['S', 'P', 'IH', 'AH1', 'IH0', 'T'], dtype=object), 'phones-accuracy': array([2., 2., 2., 2., 2., 2.]), 'stress': 10, 'text': 'SPIRIT', 'total': 10, 'mispronunciations': array([], dtype=object)}]",2244,f,20,train,022440215,-48.948134273290634
022440215,472,sil,2.509999990463257,2.9739999771118164,-31.828113555908203,<eps>,,9,10.0,8,8,8,"[{'accuracy': 10, 'phones': array(['Y', 'UW0'], dtype=object), 'phones-accuracy': array([2., 2.]), 'stress': 10, 'text': 'YOU', 'total': 10, 'mispronunciations': array([], dtype=object)}
 {'accuracy': 10, 'phones': array(['W', 'IH0', 'L'], dtype=object), 'phones-accuracy': array([2., 2., 2.]), 'stress': 10, 'text': 'WILL', 'total': 10, 'mispronunciations': array([], dtype=object)}
 {'accuracy': 10, 'phones': array(['B', 'IY0'], dtype=object), 'phones-accuracy': array([2., 2.]), 'stress': 10, 'text': 'BE', 'total': 10, 'mispronunciations': array([], dtype=object)}
 {'accuracy': 10, 'phones': array(['DH', 'EH0', 'R'], dtype=object), 'phones-accuracy': array([2. , 1.6, 1.6]), 'stress': 10, 'text': 'THERE', 'total': 10, 'mispronunciations': array([], dtype=object)}
 {'accuracy': 10, 'phones': array(['IH0', 'N'], dtype=object), 'phones-accuracy': array([2., 2.]), 'stress': 10, 'text': 'IN', 'total': 10, 'mispronunciations': array([], dtype=object)}
 {'accuracy': 10, 'phones': array(['S', 'P', 'IH', 'AH1', 'IH0', 'T'], dtype=object), 'phones-accuracy': array([2., 2., 2., 2., 2., 2.]), 'stress': 10, 'text': 'SPIRIT', 'total': 10, 'mispronunciations': array([], dtype=object)}]",2244,f,20,train,022440215,-31.801833348348737
022440165,473,sil,0.0,0.4900000095367431,-45.27085113525391,<eps>,,9,10.0,9,8,8,"[{'accuracy': 10, 'phones': array(['S', 'IY1', 'IH0', 'NG'], dtype=object), 'phones-accuracy': array([2., 2., 2., 2.]), 'stress': 10, 'text': 'SEEING', 'total': 10, 'mispronunciations': array([], dtype=object)}
 {'accuracy': 10, 'phones': array(['Y', 'UW0'], dtype=object), 'phones-accuracy': array([2. , 1.8]), 'stress': 10, 'text': 'YOU', 'total': 10, 'mispronunciations': array([], dtype=object)}
 {'accuracy': 10, 'phones': array(['L', 'AY0', 'K'], dtype=object), 'phones-accuracy': array([2., 2., 2.]), 'stress': 10, 'text': 'LIKE', 'total': 10, 'mispronunciations': array([], dtype=object)}
 {'accuracy': 10, 'phones': array(['DH', 'IH0', 'S'], dtype=object), 'phones-accuracy': array([1.8, 2. , 2. ]), 'stress': 10, 'text': 'THIS', 'total': 10, 'mispronunciations': array([], dtype=object)}
 {'accuracy': 10, 'phones': array(['IH0', 'Z'], dtype=object), 'phones-accuracy': array([2. , 1.8]), 'stress': 10, 'text': 'IS', 'total': 10, 'mispronunciations': array([], dtype=object)}
 {'accuracy': 10, 'phones': array(['N', 'AH0', 'T'], dtype=object), 'phones-accuracy': array([2., 2., 2.]), 'stress': 10, 'text': 'NOT', 'total': 10, 'mispronunciations': array([], dtype=object)}
 {'accuracy': 10, 'phones': array(['P', 'R', 'IH1', 'T', 'IY0'], dtype=object), 'phones-accuracy': array([2., 2., 2., 2., 2.]), 'stress': 10, 'text': 'PRETTY', 'total': 10, 'mispronunciations': array([], dtype=object)}]",2244,f,20,train,022440165,-45.254200981929905
022440165,474,S,0.4900000095367431,0.699999988079071,-47.39951705932617,seeing,2.0,9,10.0,9,8,8,"[{'accuracy': 10, 'phones': array(['S', 'IY1', 'IH0', 'NG'], dtype=object), 'phones-accuracy': array([2., 2., 2., 2.]), 'stress': 10, 'text': 'SEEING', 'total': 10, 'mispronunciations': array([], dtype=object)}
 {'accuracy': 10, 'phones': array(['Y', 'UW0'], dtype=object), 'phones-accuracy': array([2. , 1.8]), 'stress': 10, 'text': 'YOU', 'total': 10, 'mispronunciations': array([], dtype=object)}
 {'accuracy': 10, 'phones': array(['L', 'AY0', 'K'], dtype=object), 'phones-accuracy': array([2., 2., 2.]), 'stress': 10, 'text': 'LIKE', 'total': 10, 'mispronunciations': array([], dtype=object)}
 {'accuracy': 10, 'phones': array(['DH', 'IH0', 'S'], dtype=object), 'phones-accuracy': array([1.8, 2. , 2. ]), 'stress': 10, 'text': 'THIS', 'total': 10, 'mispronunciations': array([], dtype=object)}
 {'accuracy': 10, 'phones': array(['IH0', 'Z'], dtype=object), 'phones-accuracy': array([2. , 1.8]), 'stress': 10, 'text': 'IS', 'total': 10, 'mispronunciations': array([], dtype=object)}
 {'accuracy': 10, 'phones': array(['N', 'AH0', 'T'], dtype=object), 'phones-accuracy': array([2., 2., 2.]), 'stress': 10, 'text': 'NOT', 'total': 10, 'mispronunciations': array([], dtype=object)}
 {'accuracy': 10, 'phones': array(['P', 'R', 'IH1', 'T', 'IY0'], dtype=object), 'phones-accuracy': array([2., 2., 2., 2., 2.]), 'stress': 10, 'text': 'PRETTY', 'total': 10, 'mispronunciations': array([], dtype=object)}]",2244,f,20,train,022440165,-47.34607730060816
022440165,475,IY1,0.699999988079071,0.9300000071525574,-45.86639022827149,seeing,2.0,9,10.0,9,8,8,"[{'accuracy': 10, 'phones': array(['S', 'IY1', 'IH0', 'NG'], dtype=object), 'phones-accuracy': array([2., 2., 2., 2.]), 'stress': 10, 'text': 'SEEING', 'total': 10, 'mispronunciations': array([], dtype=object)}
 {'accuracy': 10, 'phones': array(['Y', 'UW0'], dtype=object), 'phones-accuracy': array([2. , 1.8]), 'stress': 10, 'text': 'YOU', 'total': 10, 'mispronunciations': array([], dtype=object)}
 {'accuracy': 10, 'phones': array(['L', 'AY0', 'K'], dtype=object), 'phones-accuracy': array([2., 2., 2.]), 'stress': 10, 'text': 'LIKE', 'total': 10, 'mispronunciations': array([], dtype=object)}
 {'accuracy': 10, 'phones': array(['DH', 'IH0', 'S'], dtype=object), 'phones-accuracy': array([1.8, 2. , 2. ]), 'stress': 10, 'text': 'THIS', 'total': 10, 'mispronunciations': array([], dtype=object)}
 {'accuracy': 10, 'phones': array(['IH0', 'Z'], dtype=object), 'phones-accuracy': array([2. , 1.8]), 'stress': 10, 'text': 'IS', 'total': 10, 'mispronunciations': array([], dtype=object)}
 {'accuracy': 10, 'phones': array(['N', 'AH0', 'T'], dtype=object), 'phones-accuracy': array([2., 2., 2.]), 'stress': 10, 'text': 'NOT', 'total': 10, 'mispronunciations': array([], dtype=object)}
 {'accuracy': 10, 'phones': array(['P', 'R', 'IH1', 'T', 'IY0'], dtype=object), 'phones-accuracy': array([2., 2., 2., 2., 2.]), 'stress': 10, 'text': 'PRETTY', 'total': 10, 'mispronunciations': array([], dtype=object)}]",2244,f,20,train,022440165,-45.67346324026585
022440165,476,IH0,0.9300000071525574,0.959999978542328,-52.25230026245117,seeing,2.0,9,10.0,9,8,8,"[{'accuracy': 10, 'phones': array(['S', 'IY1', 'IH0', 'NG'], dtype=object), 'phones-accuracy': array([2., 2., 2., 2.]), 'stress': 10, 'text': 'SEEING', 'total': 10, 'mispronunciations': array([], dtype=object)}
 {'accuracy': 10, 'phones': array(['Y', 'UW0'], dtype=object), 'phones-accuracy': array([2. , 1.8]), 'stress': 10, 'text': 'YOU', 'total': 10, 'mispronunciations': array([], dtype=object)}
 {'accuracy': 10, 'phones': array(['L', 'AY0', 'K'], dtype=object), 'phones-accuracy': array([2., 2., 2.]), 'stress': 10, 'text': 'LIKE', 'total': 10, 'mispronunciations': array([], dtype=object)}
 {'accuracy': 10, 'phones': array(['DH', 'IH0', 'S'], dtype=object), 'phones-accuracy': array([1.8, 2. , 2. ]), 'stress': 10, 'text': 'THIS', 'total': 10, 'mispronunciations': array([], dtype=object)}
 {'accuracy': 10, 'phones': array(['IH0', 'Z'], dtype=object), 'phones-accuracy': array([2. , 1.8]), 'stress': 10, 'text': 'IS', 'total': 10, 'mispronunciations': array([], dtype=object)}
 {'accuracy': 10, 'phones': array(['N', 'AH0', 'T'], dtype=object), 'phones-accuracy': array([2., 2., 2.]), 'stress': 10, 'text': 'NOT', 'total': 10, 'mispronunciations': array([], dtype=object)}
 {'accuracy': 10, 'phones': array(['P', 'R', 'IH1', 'T', 'IY0'], dtype=object), 'phones-accuracy': array([2., 2., 2., 2., 2.]), 'stress': 10, 'text': 'PRETTY', 'total': 10, 'mispronunciations': array([], dtype=object)}]",2244,f,20,train,022440165,-52.03436404466629
022440165,477,NG,0.959999978542328,1.0099999904632568,-45.068153381347656,seeing,2.0,9,10.0,9,8,8,"[{'accuracy': 10, 'phones': array(['S', 'IY1', 'IH0', 'NG'], dtype=object), 'phones-accuracy': array([2., 2., 2., 2.]), 'stress': 10, 'text': 'SEEING', 'total': 10, 'mispronunciations': array([], dtype=object)}
 {'accuracy': 10, 'phones': array(['Y', 'UW0'], dtype=object), 'phones-accuracy': array([2. , 1.8]), 'stress': 10, 'text': 'YOU', 'total': 10, 'mispronunciations': array([], dtype=object)}
 {'accuracy': 10, 'phones': array(['L', 'AY0', 'K'], dtype=object), 'phones-accuracy': array([2., 2., 2.]), 'stress': 10, 'text': 'LIKE', 'total': 10, 'mispronunciations': array([], dtype=object)}
 {'accuracy': 10, 'phones': array(['DH', 'IH0', 'S'], dtype=object), 'phones-accuracy': array([1.8, 2. , 2. ]), 'stress': 10, 'text': 'THIS', 'total': 10, 'mispronunciations': array([], dtype=object)}
 {'accuracy': 10, 'phones': array(['IH0', 'Z'], dtype=object), 'phones-accuracy': array([2. , 1.8]), 'stress': 10, 'text': 'IS', 'total': 10, 'mispronunciations': array([], dtype=object)}
 {'accuracy': 10, 'phones': array(['N', 'AH0', 'T'], dtype=object), 'phones-accuracy': array([2., 2., 2.]), 'stress': 10, 'text': 'NOT', 'total': 10, 'mispronunciations': array([], dtype=object)}
 {'accuracy': 10, 'phones': array(['P', 'R', 'IH1', 'T', 'IY0'], dtype=object), 'phones-accuracy': array([2., 2., 2., 2., 2.]), 'stress': 10, 'text': 'PRETTY', 'total': 10, 'mispronunciations': array([], dtype=object)}]",2244,f,20,train,022440165,-44.87208600342274
022440165,478,Y,1.0099999904632568,1.1299999952316284,-44.7944450378418,you,2.0,9,10.0,9,8,8,"[{'accuracy': 10, 'phones': array(['S', 'IY1', 'IH0', 'NG'], dtype=object), 'phones-accuracy': array([2., 2., 2., 2.]), 'stress': 10, 'text': 'SEEING', 'total': 10, 'mispronunciations': array([], dtype=object)}
 {'accuracy': 10, 'phones': array(['Y', 'UW0'], dtype=object), 'phones-accuracy': array([2. , 1.8]), 'stress': 10, 'text': 'YOU', 'total': 10, 'mispronunciations': array([], dtype=object)}
 {'accuracy': 10, 'phones': array(['L', 'AY0', 'K'], dtype=object), 'phones-accuracy': array([2., 2., 2.]), 'stress': 10, 'text': 'LIKE', 'total': 10, 'mispronunciations': array([], dtype=object)}
 {'accuracy': 10, 'phones': array(['DH', 'IH0', 'S'], dtype=object), 'phones-accuracy': array([1.8, 2. , 2. ]), 'stress': 10, 'text': 'THIS', 'total': 10, 'mispronunciations': array([], dtype=object)}
 {'accuracy': 10, 'phones': array(['IH0', 'Z'], dtype=object), 'phones-accuracy': array([2. , 1.8]), 'stress': 10, 'text': 'IS', 'total': 10, 'mispronunciations': array([], dtype=object)}
 {'accuracy': 10, 'phones': array(['N', 'AH0', 'T'], dtype=object), 'phones-accuracy': array([2., 2., 2.]), 'stress': 10, 'text': 'NOT', 'total': 10, 'mispronunciations': array([], dtype=object)}
 {'accuracy': 10, 'phones': array(['P', 'R', 'IH1', 'T', 'IY0'], dtype=object), 'phones-accuracy': array([2., 2., 2., 2., 2.]), 'stress': 10, 'text': 'PRETTY', 'total': 10, 'mispronunciations': array([], dtype=object)}]",2244,f,20,train,022440165,-44.46071672439575
022440165,479,UW1,1.1299999952316284,1.1699999570846558,-55.2342414855957,you,,9,10.0,9,8,8,"[{'accuracy': 10, 'phones': array(['S', 'IY1', 'IH0', 'NG'], dtype=object), 'phones-accuracy': array([2., 2., 2., 2.]), 'stress': 10, 'text': 'SEEING', 'total': 10, 'mispronunciations': array([], dtype=object)}
 {'accuracy': 10, 'phones': array(['Y', 'UW0'], dtype=object), 'phones-accuracy': array([2. , 1.8]), 'stress': 10, 'text': 'YOU', 'total': 10, 'mispronunciations': array([], dtype=object)}
 {'accuracy': 10, 'phones': array(['L', 'AY0', 'K'], dtype=object), 'phones-accuracy': array([2., 2., 2.]), 'stress': 10, 'text': 'LIKE', 'total': 10, 'mispronunciations': array([], dtype=object)}
 {'accuracy': 10, 'phones': array(['DH', 'IH0', 'S'], dtype=object), 'phones-accuracy': array([1.8, 2. , 2. ]), 'stress': 10, 'text': 'THIS', 'total': 10, 'mispronunciations': array([], dtype=object)}
 {'accuracy': 10, 'phones': array(['IH0', 'Z'], dtype=object), 'phones-accuracy': array([2. , 1.8]), 'stress': 10, 'text': 'IS', 'total': 10, 'mispronunciations': array([], dtype=object)}
 {'accuracy': 10, 'phones': array(['N', 'AH0', 'T'], dtype=object), 'phones-accuracy': array([2., 2., 2.]), 'stress': 10, 'text': 'NOT', 'total': 10, 'mispronunciations': array([], dtype=object)}
 {'accuracy': 10, 'phones': array(['P', 'R', 'IH1', 'T', 'IY0'], dtype=object), 'phones-accuracy': array([2., 2., 2., 2., 2.]), 'stress': 10, 'text': 'PRETTY', 'total': 10, 'mispronunciations': array([], dtype=object)}]",2244,f,20,train,022440165,-54.96852457523346
022440165,480,L,1.1699999570846558,1.440000057220459,-52.266849517822266,like,2.0,9,10.0,9,8,8,"[{'accuracy': 10, 'phones': array(['S', 'IY1', 'IH0', 'NG'], dtype=object), 'phones-accuracy': array([2., 2., 2., 2.]), 'stress': 10, 'text': 'SEEING', 'total': 10, 'mispronunciations': array([], dtype=object)}
 {'accuracy': 10, 'phones': array(['Y', 'UW0'], dtype=object), 'phones-accuracy': array([2. , 1.8]), 'stress': 10, 'text': 'YOU', 'total': 10, 'mispronunciations': array([], dtype=object)}
 {'accuracy': 10, 'phones': array(['L', 'AY0', 'K'], dtype=object), 'phones-accuracy': array([2., 2., 2.]), 'stress': 10, 'text': 'LIKE', 'total': 10, 'mispronunciations': array([], dtype=object)}
 {'accuracy': 10, 'phones': array(['DH', 'IH0', 'S'], dtype=object), 'phones-accuracy': array([1.8, 2. , 2. ]), 'stress': 10, 'text': 'THIS', 'total': 10, 'mispronunciations': array([], dtype=object)}
 {'accuracy': 10, 'phones': array(['IH0', 'Z'], dtype=object), 'phones-accuracy': array([2. , 1.8]), 'stress': 10, 'text': 'IS', 'total': 10, 'mispronunciations': array([], dtype=object)}
 {'accuracy': 10, 'phones': array(['N', 'AH0', 'T'], dtype=object), 'phones-accuracy': array([2., 2., 2.]), 'stress': 10, 'text': 'NOT', 'total': 10, 'mispronunciations': array([], dtype=object)}
 {'accuracy': 10, 'phones': array(['P', 'R', 'IH1', 'T', 'IY0'], dtype=object), 'phones-accuracy': array([2., 2., 2., 2., 2.]), 'stress': 10, 'text': 'PRETTY', 'total': 10, 'mispronunciations': array([], dtype=object)}]",2244,f,20,train,022440165,-52.07957273721695
022440165,481,AY1,1.440000057220459,1.559999942779541,-43.15512466430664,like,,9,10.0,9,8,8,"[{'accuracy': 10, 'phones': array(['S', 'IY1', 'IH0', 'NG'], dtype=object), 'phones-accuracy': array([2., 2., 2., 2.]), 'stress': 10, 'text': 'SEEING', 'total': 10, 'mispronunciations': array([], dtype=object)}
 {'accuracy': 10, 'phones': array(['Y', 'UW0'], dtype=object), 'phones-accuracy': array([2. , 1.8]), 'stress': 10, 'text': 'YOU', 'total': 10, 'mispronunciations': array([], dtype=object)}
 {'accuracy': 10, 'phones': array(['L', 'AY0', 'K'], dtype=object), 'phones-accuracy': array([2., 2., 2.]), 'stress': 10, 'text': 'LIKE', 'total': 10, 'mispronunciations': array([], dtype=object)}
 {'accuracy': 10, 'phones': array(['DH', 'IH0', 'S'], dtype=object), 'phones-accuracy': array([1.8, 2. , 2. ]), 'stress': 10, 'text': 'THIS', 'total': 10, 'mispronunciations': array([], dtype=object)}
 {'accuracy': 10, 'phones': array(['IH0', 'Z'], dtype=object), 'phones-accuracy': array([2. , 1.8]), 'stress': 10, 'text': 'IS', 'total': 10, 'mispronunciations': array([], dtype=object)}
 {'accuracy': 10, 'phones': array(['N', 'AH0', 'T'], dtype=object), 'phones-accuracy': array([2., 2., 2.]), 'stress': 10, 'text': 'NOT', 'total': 10, 'mispronunciations': array([], dtype=object)}
 {'accuracy': 10, 'phones': array(['P', 'R', 'IH1', 'T', 'IY0'], dtype=object), 'phones-accuracy': array([2., 2., 2., 2., 2.]), 'stress': 10, 'text': 'PRETTY', 'total': 10, 'mispronunciations': array([], dtype=object)}]",2244,f,20,train,022440165,-42.97609730064869
022440165,482,K,1.559999942779541,1.7100000381469729,-59.0868034362793,like,2.0,9,10.0,9,8,8,"[{'accuracy': 10, 'phones': array(['S', 'IY1', 'IH0', 'NG'], dtype=object), 'phones-accuracy': array([2., 2., 2., 2.]), 'stress': 10, 'text': 'SEEING', 'total': 10, 'mispronunciations': array([], dtype=object)}
 {'accuracy': 10, 'phones': array(['Y', 'UW0'], dtype=object), 'phones-accuracy': array([2. , 1.8]), 'stress': 10, 'text': 'YOU', 'total': 10, 'mispronunciations': array([], dtype=object)}
 {'accuracy': 10, 'phones': array(['L', 'AY0', 'K'], dtype=object), 'phones-accuracy': array([2., 2., 2.]), 'stress': 10, 'text': 'LIKE', 'total': 10, 'mispronunciations': array([], dtype=object)}
 {'accuracy': 10, 'phones': array(['DH', 'IH0', 'S'], dtype=object), 'phones-accuracy': array([1.8, 2. , 2. ]), 'stress': 10, 'text': 'THIS', 'total': 10, 'mispronunciations': array([], dtype=object)}
 {'accuracy': 10, 'phones': array(['IH0', 'Z'], dtype=object), 'phones-accuracy': array([2. , 1.8]), 'stress': 10, 'text': 'IS', 'total': 10, 'mispronunciations': array([], dtype=object)}
 {'accuracy': 10, 'phones': array(['N', 'AH0', 'T'], dtype=object), 'phones-accuracy': array([2., 2., 2.]), 'stress': 10, 'text': 'NOT', 'total': 10, 'mispronunciations': array([], dtype=object)}
 {'accuracy': 10, 'phones': array(['P', 'R', 'IH1', 'T', 'IY0'], dtype=object), 'phones-accuracy': array([2., 2., 2., 2., 2.]), 'stress': 10, 'text': 'PRETTY', 'total': 10, 'mispronunciations': array([], dtype=object)}]",2244,f,20,train,022440165,-58.97983218729496
022440165,483,DH,1.7100000381469729,1.7699999809265137,-64.49988555908203,this,1.8,9,10.0,9,8,8,"[{'accuracy': 10, 'phones': array(['S', 'IY1', 'IH0', 'NG'], dtype=object), 'phones-accuracy': array([2., 2., 2., 2.]), 'stress': 10, 'text': 'SEEING', 'total': 10, 'mispronunciations': array([], dtype=object)}
 {'accuracy': 10, 'phones': array(['Y', 'UW0'], dtype=object), 'phones-accuracy': array([2. , 1.8]), 'stress': 10, 'text': 'YOU', 'total': 10, 'mispronunciations': array([], dtype=object)}
 {'accuracy': 10, 'phones': array(['L', 'AY0', 'K'], dtype=object), 'phones-accuracy': array([2., 2., 2.]), 'stress': 10, 'text': 'LIKE', 'total': 10, 'mispronunciations': array([], dtype=object)}
 {'accuracy': 10, 'phones': array(['DH', 'IH0', 'S'], dtype=object), 'phones-accuracy': array([1.8, 2. , 2. ]), 'stress': 10, 'text': 'THIS', 'total': 10, 'mispronunciations': array([], dtype=object)}
 {'accuracy': 10, 'phones': array(['IH0', 'Z'], dtype=object), 'phones-accuracy': array([2. , 1.8]), 'stress': 10, 'text': 'IS', 'total': 10, 'mispronunciations': array([], dtype=object)}
 {'accuracy': 10, 'phones': array(['N', 'AH0', 'T'], dtype=object), 'phones-accuracy': array([2., 2., 2.]), 'stress': 10, 'text': 'NOT', 'total': 10, 'mispronunciations': array([], dtype=object)}
 {'accuracy': 10, 'phones': array(['P', 'R', 'IH1', 'T', 'IY0'], dtype=object), 'phones-accuracy': array([2., 2., 2., 2., 2.]), 'stress': 10, 'text': 'PRETTY', 'total': 10, 'mispronunciations': array([], dtype=object)}]",2244,f,20,train,022440165,-64.34688229858875
022440165,484,IH1,1.7699999809265137,1.909999966621399,-53.91754531860352,this,2.0,9,10.0,9,8,8,"[{'accuracy': 10, 'phones': array(['S', 'IY1', 'IH0', 'NG'], dtype=object), 'phones-accuracy': array([2., 2., 2., 2.]), 'stress': 10, 'text': 'SEEING', 'total': 10, 'mispronunciations': array([], dtype=object)}
 {'accuracy': 10, 'phones': array(['Y', 'UW0'], dtype=object), 'phones-accuracy': array([2. , 1.8]), 'stress': 10, 'text': 'YOU', 'total': 10, 'mispronunciations': array([], dtype=object)}
 {'accuracy': 10, 'phones': array(['L', 'AY0', 'K'], dtype=object), 'phones-accuracy': array([2., 2., 2.]), 'stress': 10, 'text': 'LIKE', 'total': 10, 'mispronunciations': array([], dtype=object)}
 {'accuracy': 10, 'phones': array(['DH', 'IH0', 'S'], dtype=object), 'phones-accuracy': array([1.8, 2. , 2. ]), 'stress': 10, 'text': 'THIS', 'total': 10, 'mispronunciations': array([], dtype=object)}
 {'accuracy': 10, 'phones': array(['IH0', 'Z'], dtype=object), 'phones-accuracy': array([2. , 1.8]), 'stress': 10, 'text': 'IS', 'total': 10, 'mispronunciations': array([], dtype=object)}
 {'accuracy': 10, 'phones': array(['N', 'AH0', 'T'], dtype=object), 'phones-accuracy': array([2., 2., 2.]), 'stress': 10, 'text': 'NOT', 'total': 10, 'mispronunciations': array([], dtype=object)}
 {'accuracy': 10, 'phones': array(['P', 'R', 'IH1', 'T', 'IY0'], dtype=object), 'phones-accuracy': array([2., 2., 2., 2., 2.]), 'stress': 10, 'text': 'PRETTY', 'total': 10, 'mispronunciations': array([], dtype=object)}]",2244,f,20,train,022440165,-53.64422711730004
022440165,485,S,1.909999966621399,2.0199999809265137,-53.28115081787109,this,2.0,9,10.0,9,8,8,"[{'accuracy': 10, 'phones': array(['S', 'IY1', 'IH0', 'NG'], dtype=object), 'phones-accuracy': array([2., 2., 2., 2.]), 'stress': 10, 'text': 'SEEING', 'total': 10, 'mispronunciations': array([], dtype=object)}
 {'accuracy': 10, 'phones': array(['Y', 'UW0'], dtype=object), 'phones-accuracy': array([2. , 1.8]), 'stress': 10, 'text': 'YOU', 'total': 10, 'mispronunciations': array([], dtype=object)}
 {'accuracy': 10, 'phones': array(['L', 'AY0', 'K'], dtype=object), 'phones-accuracy': array([2., 2., 2.]), 'stress': 10, 'text': 'LIKE', 'total': 10, 'mispronunciations': array([], dtype=object)}
 {'accuracy': 10, 'phones': array(['DH', 'IH0', 'S'], dtype=object), 'phones-accuracy': array([1.8, 2. , 2. ]), 'stress': 10, 'text': 'THIS', 'total': 10, 'mispronunciations': array([], dtype=object)}
 {'accuracy': 10, 'phones': array(['IH0', 'Z'], dtype=object), 'phones-accuracy': array([2. , 1.8]), 'stress': 10, 'text': 'IS', 'total': 10, 'mispronunciations': array([], dtype=object)}
 {'accuracy': 10, 'phones': array(['N', 'AH0', 'T'], dtype=object), 'phones-accuracy': array([2., 2., 2.]), 'stress': 10, 'text': 'NOT', 'total': 10, 'mispronunciations': array([], dtype=object)}
 {'accuracy': 10, 'phones': array(['P', 'R', 'IH1', 'T', 'IY0'], dtype=object), 'phones-accuracy': array([2., 2., 2., 2., 2.]), 'stress': 10, 'text': 'PRETTY', 'total': 10, 'mispronunciations': array([], dtype=object)}]",2244,f,20,train,022440165,-53.185691952705376
022440165,486,IH1,2.0199999809265137,2.1700000762939453,-54.84457015991211,is,2.0,9,10.0,9,8,8,"[{'accuracy': 10, 'phones': array(['S', 'IY1', 'IH0', 'NG'], dtype=object), 'phones-accuracy': array([2., 2., 2., 2.]), 'stress': 10, 'text': 'SEEING', 'total': 10, 'mispronunciations': array([], dtype=object)}
 {'accuracy': 10, 'phones': array(['Y', 'UW0'], dtype=object), 'phones-accuracy': array([2. , 1.8]), 'stress': 10, 'text': 'YOU', 'total': 10, 'mispronunciations': array([], dtype=object)}
 {'accuracy': 10, 'phones': array(['L', 'AY0', 'K'], dtype=object), 'phones-accuracy': array([2., 2., 2.]), 'stress': 10, 'text': 'LIKE', 'total': 10, 'mispronunciations': array([], dtype=object)}
 {'accuracy': 10, 'phones': array(['DH', 'IH0', 'S'], dtype=object), 'phones-accuracy': array([1.8, 2. , 2. ]), 'stress': 10, 'text': 'THIS', 'total': 10, 'mispronunciations': array([], dtype=object)}
 {'accuracy': 10, 'phones': array(['IH0', 'Z'], dtype=object), 'phones-accuracy': array([2. , 1.8]), 'stress': 10, 'text': 'IS', 'total': 10, 'mispronunciations': array([], dtype=object)}
 {'accuracy': 10, 'phones': array(['N', 'AH0', 'T'], dtype=object), 'phones-accuracy': array([2., 2., 2.]), 'stress': 10, 'text': 'NOT', 'total': 10, 'mispronunciations': array([], dtype=object)}
 {'accuracy': 10, 'phones': array(['P', 'R', 'IH1', 'T', 'IY0'], dtype=object), 'phones-accuracy': array([2., 2., 2., 2., 2.]), 'stress': 10, 'text': 'PRETTY', 'total': 10, 'mispronunciations': array([], dtype=object)}]",2244,f,20,train,022440165,-54.61049810051918
022440165,487,Z,2.1700000762939453,2.2799999713897705,-60.79489517211914,is,1.8,9,10.0,9,8,8,"[{'accuracy': 10, 'phones': array(['S', 'IY1', 'IH0', 'NG'], dtype=object), 'phones-accuracy': array([2., 2., 2., 2.]), 'stress': 10, 'text': 'SEEING', 'total': 10, 'mispronunciations': array([], dtype=object)}
 {'accuracy': 10, 'phones': array(['Y', 'UW0'], dtype=object), 'phones-accuracy': array([2. , 1.8]), 'stress': 10, 'text': 'YOU', 'total': 10, 'mispronunciations': array([], dtype=object)}
 {'accuracy': 10, 'phones': array(['L', 'AY0', 'K'], dtype=object), 'phones-accuracy': array([2., 2., 2.]), 'stress': 10, 'text': 'LIKE', 'total': 10, 'mispronunciations': array([], dtype=object)}
 {'accuracy': 10, 'phones': array(['DH', 'IH0', 'S'], dtype=object), 'phones-accuracy': array([1.8, 2. , 2. ]), 'stress': 10, 'text': 'THIS', 'total': 10, 'mispronunciations': array([], dtype=object)}
 {'accuracy': 10, 'phones': array(['IH0', 'Z'], dtype=object), 'phones-accuracy': array([2. , 1.8]), 'stress': 10, 'text': 'IS', 'total': 10, 'mispronunciations': array([], dtype=object)}
 {'accuracy': 10, 'phones': array(['N', 'AH0', 'T'], dtype=object), 'phones-accuracy': array([2., 2., 2.]), 'stress': 10, 'text': 'NOT', 'total': 10, 'mispronunciations': array([], dtype=object)}
 {'accuracy': 10, 'phones': array(['P', 'R', 'IH1', 'T', 'IY0'], dtype=object), 'phones-accuracy': array([2., 2., 2., 2., 2.]), 'stress': 10, 'text': 'PRETTY', 'total': 10, 'mispronunciations': array([], dtype=object)}]",2244,f,20,train,022440165,-60.585827589035034
022440165,488,N,2.2799999713897705,2.3499999046325684,-52.9317741394043,not,2.0,9,10.0,9,8,8,"[{'accuracy': 10, 'phones': array(['S', 'IY1', 'IH0', 'NG'], dtype=object), 'phones-accuracy': array([2., 2., 2., 2.]), 'stress': 10, 'text': 'SEEING', 'total': 10, 'mispronunciations': array([], dtype=object)}
 {'accuracy': 10, 'phones': array(['Y', 'UW0'], dtype=object), 'phones-accuracy': array([2. , 1.8]), 'stress': 10, 'text': 'YOU', 'total': 10, 'mispronunciations': array([], dtype=object)}
 {'accuracy': 10, 'phones': array(['L', 'AY0', 'K'], dtype=object), 'phones-accuracy': array([2., 2., 2.]), 'stress': 10, 'text': 'LIKE', 'total': 10, 'mispronunciations': array([], dtype=object)}
 {'accuracy': 10, 'phones': array(['DH', 'IH0', 'S'], dtype=object), 'phones-accuracy': array([1.8, 2. , 2. ]), 'stress': 10, 'text': 'THIS', 'total': 10, 'mispronunciations': array([], dtype=object)}
 {'accuracy': 10, 'phones': array(['IH0', 'Z'], dtype=object), 'phones-accuracy': array([2. , 1.8]), 'stress': 10, 'text': 'IS', 'total': 10, 'mispronunciations': array([], dtype=object)}
 {'accuracy': 10, 'phones': array(['N', 'AH0', 'T'], dtype=object), 'phones-accuracy': array([2., 2., 2.]), 'stress': 10, 'text': 'NOT', 'total': 10, 'mispronunciations': array([], dtype=object)}
 {'accuracy': 10, 'phones': array(['P', 'R', 'IH1', 'T', 'IY0'], dtype=object), 'phones-accuracy': array([2., 2., 2., 2., 2.]), 'stress': 10, 'text': 'PRETTY', 'total': 10, 'mispronunciations': array([], dtype=object)}]",2244,f,20,train,022440165,-52.65442851185799
022440165,489,AA1,2.3499999046325684,2.440000057220459,-52.29744720458984,not,,9,10.0,9,8,8,"[{'accuracy': 10, 'phones': array(['S', 'IY1', 'IH0', 'NG'], dtype=object), 'phones-accuracy': array([2., 2., 2., 2.]), 'stress': 10, 'text': 'SEEING', 'total': 10, 'mispronunciations': array([], dtype=object)}
 {'accuracy': 10, 'phones': array(['Y', 'UW0'], dtype=object), 'phones-accuracy': array([2. , 1.8]), 'stress': 10, 'text': 'YOU', 'total': 10, 'mispronunciations': array([], dtype=object)}
 {'accuracy': 10, 'phones': array(['L', 'AY0', 'K'], dtype=object), 'phones-accuracy': array([2., 2., 2.]), 'stress': 10, 'text': 'LIKE', 'total': 10, 'mispronunciations': array([], dtype=object)}
 {'accuracy': 10, 'phones': array(['DH', 'IH0', 'S'], dtype=object), 'phones-accuracy': array([1.8, 2. , 2. ]), 'stress': 10, 'text': 'THIS', 'total': 10, 'mispronunciations': array([], dtype=object)}
 {'accuracy': 10, 'phones': array(['IH0', 'Z'], dtype=object), 'phones-accuracy': array([2. , 1.8]), 'stress': 10, 'text': 'IS', 'total': 10, 'mispronunciations': array([], dtype=object)}
 {'accuracy': 10, 'phones': array(['N', 'AH0', 'T'], dtype=object), 'phones-accuracy': array([2., 2., 2.]), 'stress': 10, 'text': 'NOT', 'total': 10, 'mispronunciations': array([], dtype=object)}
 {'accuracy': 10, 'phones': array(['P', 'R', 'IH1', 'T', 'IY0'], dtype=object), 'phones-accuracy': array([2., 2., 2., 2., 2.]), 'stress': 10, 'text': 'PRETTY', 'total': 10, 'mispronunciations': array([], dtype=object)}]",2244,f,20,train,022440165,-52.10699735581874
022440165,490,T,2.440000057220459,2.5799999237060547,-57.57570266723633,not,2.0,9,10.0,9,8,8,"[{'accuracy': 10, 'phones': array(['S', 'IY1', 'IH0', 'NG'], dtype=object), 'phones-accuracy': array([2., 2., 2., 2.]), 'stress': 10, 'text': 'SEEING', 'total': 10, 'mispronunciations': array([], dtype=object)}
 {'accuracy': 10, 'phones': array(['Y', 'UW0'], dtype=object), 'phones-accuracy': array([2. , 1.8]), 'stress': 10, 'text': 'YOU', 'total': 10, 'mispronunciations': array([], dtype=object)}
 {'accuracy': 10, 'phones': array(['L', 'AY0', 'K'], dtype=object), 'phones-accuracy': array([2., 2., 2.]), 'stress': 10, 'text': 'LIKE', 'total': 10, 'mispronunciations': array([], dtype=object)}
 {'accuracy': 10, 'phones': array(['DH', 'IH0', 'S'], dtype=object), 'phones-accuracy': array([1.8, 2. , 2. ]), 'stress': 10, 'text': 'THIS', 'total': 10, 'mispronunciations': array([], dtype=object)}
 {'accuracy': 10, 'phones': array(['IH0', 'Z'], dtype=object), 'phones-accuracy': array([2. , 1.8]), 'stress': 10, 'text': 'IS', 'total': 10, 'mispronunciations': array([], dtype=object)}
 {'accuracy': 10, 'phones': array(['N', 'AH0', 'T'], dtype=object), 'phones-accuracy': array([2., 2., 2.]), 'stress': 10, 'text': 'NOT', 'total': 10, 'mispronunciations': array([], dtype=object)}
 {'accuracy': 10, 'phones': array(['P', 'R', 'IH1', 'T', 'IY0'], dtype=object), 'phones-accuracy': array([2., 2., 2., 2., 2.]), 'stress': 10, 'text': 'PRETTY', 'total': 10, 'mispronunciations': array([], dtype=object)}]",2244,f,20,train,022440165,-57.50560963898897
022440165,491,P,2.5799999237060547,2.609999895095825,-55.28184127807617,pretty,2.0,9,10.0,9,8,8,"[{'accuracy': 10, 'phones': array(['S', 'IY1', 'IH0', 'NG'], dtype=object), 'phones-accuracy': array([2., 2., 2., 2.]), 'stress': 10, 'text': 'SEEING', 'total': 10, 'mispronunciations': array([], dtype=object)}
 {'accuracy': 10, 'phones': array(['Y', 'UW0'], dtype=object), 'phones-accuracy': array([2. , 1.8]), 'stress': 10, 'text': 'YOU', 'total': 10, 'mispronunciations': array([], dtype=object)}
 {'accuracy': 10, 'phones': array(['L', 'AY0', 'K'], dtype=object), 'phones-accuracy': array([2., 2., 2.]), 'stress': 10, 'text': 'LIKE', 'total': 10, 'mispronunciations': array([], dtype=object)}
 {'accuracy': 10, 'phones': array(['DH', 'IH0', 'S'], dtype=object), 'phones-accuracy': array([1.8, 2. , 2. ]), 'stress': 10, 'text': 'THIS', 'total': 10, 'mispronunciations': array([], dtype=object)}
 {'accuracy': 10, 'phones': array(['IH0', 'Z'], dtype=object), 'phones-accuracy': array([2. , 1.8]), 'stress': 10, 'text': 'IS', 'total': 10, 'mispronunciations': array([], dtype=object)}
 {'accuracy': 10, 'phones': array(['N', 'AH0', 'T'], dtype=object), 'phones-accuracy': array([2., 2., 2.]), 'stress': 10, 'text': 'NOT', 'total': 10, 'mispronunciations': array([], dtype=object)}
 {'accuracy': 10, 'phones': array(['P', 'R', 'IH1', 'T', 'IY0'], dtype=object), 'phones-accuracy': array([2., 2., 2., 2., 2.]), 'stress': 10, 'text': 'PRETTY', 'total': 10, 'mispronunciations': array([], dtype=object)}]",2244,f,20,train,022440165,-55.197987876832485
022440165,492,R,2.609999895095825,2.6600000858306885,-47.79346466064453,pretty,2.0,9,10.0,9,8,8,"[{'accuracy': 10, 'phones': array(['S', 'IY1', 'IH0', 'NG'], dtype=object), 'phones-accuracy': array([2., 2., 2., 2.]), 'stress': 10, 'text': 'SEEING', 'total': 10, 'mispronunciations': array([], dtype=object)}
 {'accuracy': 10, 'phones': array(['Y', 'UW0'], dtype=object), 'phones-accuracy': array([2. , 1.8]), 'stress': 10, 'text': 'YOU', 'total': 10, 'mispronunciations': array([], dtype=object)}
 {'accuracy': 10, 'phones': array(['L', 'AY0', 'K'], dtype=object), 'phones-accuracy': array([2., 2., 2.]), 'stress': 10, 'text': 'LIKE', 'total': 10, 'mispronunciations': array([], dtype=object)}
 {'accuracy': 10, 'phones': array(['DH', 'IH0', 'S'], dtype=object), 'phones-accuracy': array([1.8, 2. , 2. ]), 'stress': 10, 'text': 'THIS', 'total': 10, 'mispronunciations': array([], dtype=object)}
 {'accuracy': 10, 'phones': array(['IH0', 'Z'], dtype=object), 'phones-accuracy': array([2. , 1.8]), 'stress': 10, 'text': 'IS', 'total': 10, 'mispronunciations': array([], dtype=object)}
 {'accuracy': 10, 'phones': array(['N', 'AH0', 'T'], dtype=object), 'phones-accuracy': array([2., 2., 2.]), 'stress': 10, 'text': 'NOT', 'total': 10, 'mispronunciations': array([], dtype=object)}
 {'accuracy': 10, 'phones': array(['P', 'R', 'IH1', 'T', 'IY0'], dtype=object), 'phones-accuracy': array([2., 2., 2., 2., 2.]), 'stress': 10, 'text': 'PRETTY', 'total': 10, 'mispronunciations': array([], dtype=object)}]",2244,f,20,train,022440165,-47.546848088502884
022440165,493,IH1,2.6600000858306885,2.789999961853028,-52.59881591796875,pretty,2.0,9,10.0,9,8,8,"[{'accuracy': 10, 'phones': array(['S', 'IY1', 'IH0', 'NG'], dtype=object), 'phones-accuracy': array([2., 2., 2., 2.]), 'stress': 10, 'text': 'SEEING', 'total': 10, 'mispronunciations': array([], dtype=object)}
 {'accuracy': 10, 'phones': array(['Y', 'UW0'], dtype=object), 'phones-accuracy': array([2. , 1.8]), 'stress': 10, 'text': 'YOU', 'total': 10, 'mispronunciations': array([], dtype=object)}
 {'accuracy': 10, 'phones': array(['L', 'AY0', 'K'], dtype=object), 'phones-accuracy': array([2., 2., 2.]), 'stress': 10, 'text': 'LIKE', 'total': 10, 'mispronunciations': array([], dtype=object)}
 {'accuracy': 10, 'phones': array(['DH', 'IH0', 'S'], dtype=object), 'phones-accuracy': array([1.8, 2. , 2. ]), 'stress': 10, 'text': 'THIS', 'total': 10, 'mispronunciations': array([], dtype=object)}
 {'accuracy': 10, 'phones': array(['IH0', 'Z'], dtype=object), 'phones-accuracy': array([2. , 1.8]), 'stress': 10, 'text': 'IS', 'total': 10, 'mispronunciations': array([], dtype=object)}
 {'accuracy': 10, 'phones': array(['N', 'AH0', 'T'], dtype=object), 'phones-accuracy': array([2., 2., 2.]), 'stress': 10, 'text': 'NOT', 'total': 10, 'mispronunciations': array([], dtype=object)}
 {'accuracy': 10, 'phones': array(['P', 'R', 'IH1', 'T', 'IY0'], dtype=object), 'phones-accuracy': array([2., 2., 2., 2., 2.]), 'stress': 10, 'text': 'PRETTY', 'total': 10, 'mispronunciations': array([], dtype=object)}]",2244,f,20,train,022440165,-52.39506949484348
022440165,494,T,2.789999961853028,2.8299999237060547,-57.55952835083008,pretty,2.0,9,10.0,9,8,8,"[{'accuracy': 10, 'phones': array(['S', 'IY1', 'IH0', 'NG'], dtype=object), 'phones-accuracy': array([2., 2., 2., 2.]), 'stress': 10, 'text': 'SEEING', 'total': 10, 'mispronunciations': array([], dtype=object)}
 {'accuracy': 10, 'phones': array(['Y', 'UW0'], dtype=object), 'phones-accuracy': array([2. , 1.8]), 'stress': 10, 'text': 'YOU', 'total': 10, 'mispronunciations': array([], dtype=object)}
 {'accuracy': 10, 'phones': array(['L', 'AY0', 'K'], dtype=object), 'phones-accuracy': array([2., 2., 2.]), 'stress': 10, 'text': 'LIKE', 'total': 10, 'mispronunciations': array([], dtype=object)}
 {'accuracy': 10, 'phones': array(['DH', 'IH0', 'S'], dtype=object), 'phones-accuracy': array([1.8, 2. , 2. ]), 'stress': 10, 'text': 'THIS', 'total': 10, 'mispronunciations': array([], dtype=object)}
 {'accuracy': 10, 'phones': array(['IH0', 'Z'], dtype=object), 'phones-accuracy': array([2. , 1.8]), 'stress': 10, 'text': 'IS', 'total': 10, 'mispronunciations': array([], dtype=object)}
 {'accuracy': 10, 'phones': array(['N', 'AH0', 'T'], dtype=object), 'phones-accuracy': array([2., 2., 2.]), 'stress': 10, 'text': 'NOT', 'total': 10, 'mispronunciations': array([], dtype=object)}
 {'accuracy': 10, 'phones': array(['P', 'R', 'IH1', 'T', 'IY0'], dtype=object), 'phones-accuracy': array([2., 2., 2., 2., 2.]), 'stress': 10, 'text': 'PRETTY', 'total': 10, 'mispronunciations': array([], dtype=object)}]",2244,f,20,train,022440165,-57.35751152038574
022440165,495,IY0,2.8299999237060547,3.0899999141693115,-52.92696380615234,pretty,2.0,9,10.0,9,8,8,"[{'accuracy': 10, 'phones': array(['S', 'IY1', 'IH0', 'NG'], dtype=object), 'phones-accuracy': array([2., 2., 2., 2.]), 'stress': 10, 'text': 'SEEING', 'total': 10, 'mispronunciations': array([], dtype=object)}
 {'accuracy': 10, 'phones': array(['Y', 'UW0'], dtype=object), 'phones-accuracy': array([2. , 1.8]), 'stress': 10, 'text': 'YOU', 'total': 10, 'mispronunciations': array([], dtype=object)}
 {'accuracy': 10, 'phones': array(['L', 'AY0', 'K'], dtype=object), 'phones-accuracy': array([2., 2., 2.]), 'stress': 10, 'text': 'LIKE', 'total': 10, 'mispronunciations': array([], dtype=object)}
 {'accuracy': 10, 'phones': array(['DH', 'IH0', 'S'], dtype=object), 'phones-accuracy': array([1.8, 2. , 2. ]), 'stress': 10, 'text': 'THIS', 'total': 10, 'mispronunciations': array([], dtype=object)}
 {'accuracy': 10, 'phones': array(['IH0', 'Z'], dtype=object), 'phones-accuracy': array([2. , 1.8]), 'stress': 10, 'text': 'IS', 'total': 10, 'mispronunciations': array([], dtype=object)}
 {'accuracy': 10, 'phones': array(['N', 'AH0', 'T'], dtype=object), 'phones-accuracy': array([2., 2., 2.]), 'stress': 10, 'text': 'NOT', 'total': 10, 'mispronunciations': array([], dtype=object)}
 {'accuracy': 10, 'phones': array(['P', 'R', 'IH1', 'T', 'IY0'], dtype=object), 'phones-accuracy': array([2., 2., 2., 2., 2.]), 'stress': 10, 'text': 'PRETTY', 'total': 10, 'mispronunciations': array([], dtype=object)}]",2244,f,20,train,022440165,-52.80872014164924
022440165,496,sil,3.0899999141693115,4.053999900817871,-36.21867752075195,<eps>,,9,10.0,9,8,8,"[{'accuracy': 10, 'phones': array(['S', 'IY1', 'IH0', 'NG'], dtype=object), 'phones-accuracy': array([2., 2., 2., 2.]), 'stress': 10, 'text': 'SEEING', 'total': 10, 'mispronunciations': array([], dtype=object)}
 {'accuracy': 10, 'phones': array(['Y', 'UW0'], dtype=object), 'phones-accuracy': array([2. , 1.8]), 'stress': 10, 'text': 'YOU', 'total': 10, 'mispronunciations': array([], dtype=object)}
 {'accuracy': 10, 'phones': array(['L', 'AY0', 'K'], dtype=object), 'phones-accuracy': array([2., 2., 2.]), 'stress': 10, 'text': 'LIKE', 'total': 10, 'mispronunciations': array([], dtype=object)}
 {'accuracy': 10, 'phones': array(['DH', 'IH0', 'S'], dtype=object), 'phones-accuracy': array([1.8, 2. , 2. ]), 'stress': 10, 'text': 'THIS', 'total': 10, 'mispronunciations': array([], dtype=object)}
 {'accuracy': 10, 'phones': array(['IH0', 'Z'], dtype=object), 'phones-accuracy': array([2. , 1.8]), 'stress': 10, 'text': 'IS', 'total': 10, 'mispronunciations': array([], dtype=object)}
 {'accuracy': 10, 'phones': array(['N', 'AH0', 'T'], dtype=object), 'phones-accuracy': array([2., 2., 2.]), 'stress': 10, 'text': 'NOT', 'total': 10, 'mispronunciations': array([], dtype=object)}
 {'accuracy': 10, 'phones': array(['P', 'R', 'IH1', 'T', 'IY0'], dtype=object), 'phones-accuracy': array([2., 2., 2., 2., 2.]), 'stress': 10, 'text': 'PRETTY', 'total': 10, 'mispronunciations': array([], dtype=object)}]",2244,f,20,train,022440165,-36.16382773965597
075510004,497,sil,0.0,0.8100000023841858,-38.63090896606445,<eps>,,9,10.0,8,8,8,"[{'accuracy': 10, 'phones': array(['AY0'], dtype=object), 'phones-accuracy': array([2.]), 'stress': 10, 'text': 'I', 'total': 10, 'mispronunciations': array([], dtype=object)}
 {'accuracy': 10, 'phones': array(['SH', 'AH0', 'L'], dtype=object), 'phones-accuracy': array([2. , 1.6, 2. ]), 'stress': 10, 'text': 'SHALL', 'total': 10, 'mispronunciations': array([], dtype=object)}
 {'accuracy': 10, 'phones': array(['EH0', 'N', 'D'], dtype=object), 'phones-accuracy': array([2., 2., 2.]), 'stress': 10, 'text': 'END', 'total': 10, 'mispronunciations': array([], dtype=object)}
 {'accuracy': 10, 'phones': array(['B', 'AY0'], dtype=object), 'phones-accuracy': array([2., 2.]), 'stress': 10, 'text': 'BY', 'total': 10, 'mispronunciations': array([], dtype=object)}
 {'accuracy': 10, 'phones': array(['F', 'AO1', 'L', 'IH0', 'NG'], dtype=object), 'phones-accuracy': array([2., 2., 2., 2., 2.]), 'stress': 10, 'text': 'FALLING', 'total': 10, 'mispronunciations': array([], dtype=object)}
 {'accuracy': 10, 'phones': array(['IH0', 'N'], dtype=object), 'phones-accuracy': array([2., 2.]), 'stress': 10, 'text': 'IN', 'total': 10, 'mispronunciations': array([], dtype=object)}
 {'accuracy': 10, 'phones': array(['L', 'AH0', 'V'], dtype=object), 'phones-accuracy': array([2. , 2. , 1.8]), 'stress': 10, 'text': 'LOVE', 'total': 10, 'mispronunciations': array([], dtype=object)}
 {'accuracy': 10, 'phones': array(['W', 'IH0', 'DH'], dtype=object), 'phones-accuracy': array([2. , 2. , 1.6]), 'stress': 10, 'text': 'WITH', 'total': 10, 'mispronunciations': array([], dtype=object)}
 {'accuracy': 10, 'phones': array(['HH', 'ER0'], dtype=object), 'phones-accuracy': array([2., 2.]), 'stress': 10, 'text': 'HER', 'total': 10, 'mispronunciations': array([], dtype=object)}]",7551,f,13,train,075510004,-38.582215413451195
075510004,498,AY1,0.8100000023841858,0.9700000286102296,-48.57085418701172,i,,9,10.0,8,8,8,"[{'accuracy': 10, 'phones': array(['AY0'], dtype=object), 'phones-accuracy': array([2.]), 'stress': 10, 'text': 'I', 'total': 10, 'mispronunciations': array([], dtype=object)}
 {'accuracy': 10, 'phones': array(['SH', 'AH0', 'L'], dtype=object), 'phones-accuracy': array([2. , 1.6, 2. ]), 'stress': 10, 'text': 'SHALL', 'total': 10, 'mispronunciations': array([], dtype=object)}
 {'accuracy': 10, 'phones': array(['EH0', 'N', 'D'], dtype=object), 'phones-accuracy': array([2., 2., 2.]), 'stress': 10, 'text': 'END', 'total': 10, 'mispronunciations': array([], dtype=object)}
 {'accuracy': 10, 'phones': array(['B', 'AY0'], dtype=object), 'phones-accuracy': array([2., 2.]), 'stress': 10, 'text': 'BY', 'total': 10, 'mispronunciations': array([], dtype=object)}
 {'accuracy': 10, 'phones': array(['F', 'AO1', 'L', 'IH0', 'NG'], dtype=object), 'phones-accuracy': array([2., 2., 2., 2., 2.]), 'stress': 10, 'text': 'FALLING', 'total': 10, 'mispronunciations': array([], dtype=object)}
 {'accuracy': 10, 'phones': array(['IH0', 'N'], dtype=object), 'phones-accuracy': array([2., 2.]), 'stress': 10, 'text': 'IN', 'total': 10, 'mispronunciations': array([], dtype=object)}
 {'accuracy': 10, 'phones': array(['L', 'AH0', 'V'], dtype=object), 'phones-accuracy': array([2. , 2. , 1.8]), 'stress': 10, 'text': 'LOVE', 'total': 10, 'mispronunciations': array([], dtype=object)}
 {'accuracy': 10, 'phones': array(['W', 'IH0', 'DH'], dtype=object), 'phones-accuracy': array([2. , 2. , 1.6]), 'stress': 10, 'text': 'WITH', 'total': 10, 'mispronunciations': array([], dtype=object)}
 {'accuracy': 10, 'phones': array(['HH', 'ER0'], dtype=object), 'phones-accuracy': array([2., 2.]), 'stress': 10, 'text': 'HER', 'total': 10, 'mispronunciations': array([], dtype=object)}]",7551,f,13,train,075510004,-48.32843627035618
075510004,499,SH,0.9700000286102296,1.2000000476837158,-46.70830535888672,shall,2.0,9,10.0,8,8,8,"[{'accuracy': 10, 'phones': array(['AY0'], dtype=object), 'phones-accuracy': array([2.]), 'stress': 10, 'text': 'I', 'total': 10, 'mispronunciations': array([], dtype=object)}
 {'accuracy': 10, 'phones': array(['SH', 'AH0', 'L'], dtype=object), 'phones-accuracy': array([2. , 1.6, 2. ]), 'stress': 10, 'text': 'SHALL', 'total': 10, 'mispronunciations': array([], dtype=object)}
 {'accuracy': 10, 'phones': array(['EH0', 'N', 'D'], dtype=object), 'phones-accuracy': array([2., 2., 2.]), 'stress': 10, 'text': 'END', 'total': 10, 'mispronunciations': array([], dtype=object)}
 {'accuracy': 10, 'phones': array(['B', 'AY0'], dtype=object), 'phones-accuracy': array([2., 2.]), 'stress': 10, 'text': 'BY', 'total': 10, 'mispronunciations': array([], dtype=object)}
 {'accuracy': 10, 'phones': array(['F', 'AO1', 'L', 'IH0', 'NG'], dtype=object), 'phones-accuracy': array([2., 2., 2., 2., 2.]), 'stress': 10, 'text': 'FALLING', 'total': 10, 'mispronunciations': array([], dtype=object)}
 {'accuracy': 10, 'phones': array(['IH0', 'N'], dtype=object), 'phones-accuracy': array([2., 2.]), 'stress': 10, 'text': 'IN', 'total': 10, 'mispronunciations': array([], dtype=object)}
 {'accuracy': 10, 'phones': array(['L', 'AH0', 'V'], dtype=object), 'phones-accuracy': array([2. , 2. , 1.8]), 'stress': 10, 'text': 'LOVE', 'total': 10, 'mispronunciations': array([], dtype=object)}
 {'accuracy': 10, 'phones': array(['W', 'IH0', 'DH'], dtype=object), 'phones-accuracy': array([2. , 2. , 1.6]), 'stress': 10, 'text': 'WITH', 'total': 10, 'mispronunciations': array([], dtype=object)}
 {'accuracy': 10, 'phones': array(['HH', 'ER0'], dtype=object), 'phones-accuracy': array([2., 2.]), 'stress': 10, 'text': 'HER', 'total': 10, 'mispronunciations': array([], dtype=object)}]",7551,f,13,train,075510004,-46.55301892757416
075510004,500,AE1,1.2000000476837158,1.2699999809265137,-51.74500274658203,shall,,9,10.0,8,8,8,"[{'accuracy': 10, 'phones': array(['AY0'], dtype=object), 'phones-accuracy': array([2.]), 'stress': 10, 'text': 'I', 'total': 10, 'mispronunciations': array([], dtype=object)}
 {'accuracy': 10, 'phones': array(['SH', 'AH0', 'L'], dtype=object), 'phones-accuracy': array([2. , 1.6, 2. ]), 'stress': 10, 'text': 'SHALL', 'total': 10, 'mispronunciations': array([], dtype=object)}
 {'accuracy': 10, 'phones': array(['EH0', 'N', 'D'], dtype=object), 'phones-accuracy': array([2., 2., 2.]), 'stress': 10, 'text': 'END', 'total': 10, 'mispronunciations': array([], dtype=object)}
 {'accuracy': 10, 'phones': array(['B', 'AY0'], dtype=object), 'phones-accuracy': array([2., 2.]), 'stress': 10, 'text': 'BY', 'total': 10, 'mispronunciations': array([], dtype=object)}
 {'accuracy': 10, 'phones': array(['F', 'AO1', 'L', 'IH0', 'NG'], dtype=object), 'phones-accuracy': array([2., 2., 2., 2., 2.]), 'stress': 10, 'text': 'FALLING', 'total': 10, 'mispronunciations': array([], dtype=object)}
 {'accuracy': 10, 'phones': array(['IH0', 'N'], dtype=object), 'phones-accuracy': array([2., 2.]), 'stress': 10, 'text': 'IN', 'total': 10, 'mispronunciations': array([], dtype=object)}
 {'accuracy': 10, 'phones': array(['L', 'AH0', 'V'], dtype=object), 'phones-accuracy': array([2. , 2. , 1.8]), 'stress': 10, 'text': 'LOVE', 'total': 10, 'mispronunciations': array([], dtype=object)}
 {'accuracy': 10, 'phones': array(['W', 'IH0', 'DH'], dtype=object), 'phones-accuracy': array([2. , 2. , 1.6]), 'stress': 10, 'text': 'WITH', 'total': 10, 'mispronunciations': array([], dtype=object)}
 {'accuracy': 10, 'phones': array(['HH', 'ER0'], dtype=object), 'phones-accuracy': array([2., 2.]), 'stress': 10, 'text': 'HER', 'total': 10, 'mispronunciations': array([], dtype=object)}]",7551,f,13,train,075510004,-51.52618731558323
075510004,501,L,1.2699999809265137,1.3700000047683716,-53.26100540161133,shall,2.0,9,10.0,8,8,8,"[{'accuracy': 10, 'phones': array(['AY0'], dtype=object), 'phones-accuracy': array([2.]), 'stress': 10, 'text': 'I', 'total': 10, 'mispronunciations': array([], dtype=object)}
 {'accuracy': 10, 'phones': array(['SH', 'AH0', 'L'], dtype=object), 'phones-accuracy': array([2. , 1.6, 2. ]), 'stress': 10, 'text': 'SHALL', 'total': 10, 'mispronunciations': array([], dtype=object)}
 {'accuracy': 10, 'phones': array(['EH0', 'N', 'D'], dtype=object), 'phones-accuracy': array([2., 2., 2.]), 'stress': 10, 'text': 'END', 'total': 10, 'mispronunciations': array([], dtype=object)}
 {'accuracy': 10, 'phones': array(['B', 'AY0'], dtype=object), 'phones-accuracy': array([2., 2.]), 'stress': 10, 'text': 'BY', 'total': 10, 'mispronunciations': array([], dtype=object)}
 {'accuracy': 10, 'phones': array(['F', 'AO1', 'L', 'IH0', 'NG'], dtype=object), 'phones-accuracy': array([2., 2., 2., 2., 2.]), 'stress': 10, 'text': 'FALLING', 'total': 10, 'mispronunciations': array([], dtype=object)}
 {'accuracy': 10, 'phones': array(['IH0', 'N'], dtype=object), 'phones-accuracy': array([2., 2.]), 'stress': 10, 'text': 'IN', 'total': 10, 'mispronunciations': array([], dtype=object)}
 {'accuracy': 10, 'phones': array(['L', 'AH0', 'V'], dtype=object), 'phones-accuracy': array([2. , 2. , 1.8]), 'stress': 10, 'text': 'LOVE', 'total': 10, 'mispronunciations': array([], dtype=object)}
 {'accuracy': 10, 'phones': array(['W', 'IH0', 'DH'], dtype=object), 'phones-accuracy': array([2. , 2. , 1.6]), 'stress': 10, 'text': 'WITH', 'total': 10, 'mispronunciations': array([], dtype=object)}
 {'accuracy': 10, 'phones': array(['HH', 'ER0'], dtype=object), 'phones-accuracy': array([2., 2.]), 'stress': 10, 'text': 'HER', 'total': 10, 'mispronunciations': array([], dtype=object)}]",7551,f,13,train,075510004,-53.12766098976135
075510004,502,sil,1.3700000047683716,1.399999976158142,-63.44718551635742,<eps>,,9,10.0,8,8,8,"[{'accuracy': 10, 'phones': array(['AY0'], dtype=object), 'phones-accuracy': array([2.]), 'stress': 10, 'text': 'I', 'total': 10, 'mispronunciations': array([], dtype=object)}
 {'accuracy': 10, 'phones': array(['SH', 'AH0', 'L'], dtype=object), 'phones-accuracy': array([2. , 1.6, 2. ]), 'stress': 10, 'text': 'SHALL', 'total': 10, 'mispronunciations': array([], dtype=object)}
 {'accuracy': 10, 'phones': array(['EH0', 'N', 'D'], dtype=object), 'phones-accuracy': array([2., 2., 2.]), 'stress': 10, 'text': 'END', 'total': 10, 'mispronunciations': array([], dtype=object)}
 {'accuracy': 10, 'phones': array(['B', 'AY0'], dtype=object), 'phones-accuracy': array([2., 2.]), 'stress': 10, 'text': 'BY', 'total': 10, 'mispronunciations': array([], dtype=object)}
 {'accuracy': 10, 'phones': array(['F', 'AO1', 'L', 'IH0', 'NG'], dtype=object), 'phones-accuracy': array([2., 2., 2., 2., 2.]), 'stress': 10, 'text': 'FALLING', 'total': 10, 'mispronunciations': array([], dtype=object)}
 {'accuracy': 10, 'phones': array(['IH0', 'N'], dtype=object), 'phones-accuracy': array([2., 2.]), 'stress': 10, 'text': 'IN', 'total': 10, 'mispronunciations': array([], dtype=object)}
 {'accuracy': 10, 'phones': array(['L', 'AH0', 'V'], dtype=object), 'phones-accuracy': array([2. , 2. , 1.8]), 'stress': 10, 'text': 'LOVE', 'total': 10, 'mispronunciations': array([], dtype=object)}
 {'accuracy': 10, 'phones': array(['W', 'IH0', 'DH'], dtype=object), 'phones-accuracy': array([2. , 2. , 1.6]), 'stress': 10, 'text': 'WITH', 'total': 10, 'mispronunciations': array([], dtype=object)}
 {'accuracy': 10, 'phones': array(['HH', 'ER0'], dtype=object), 'phones-accuracy': array([2., 2.]), 'stress': 10, 'text': 'HER', 'total': 10, 'mispronunciations': array([], dtype=object)}]",7551,f,13,train,075510004,-63.36464338004589
